race_id,race_date,track_name,race_number,grade,dividends,finish_position,frame_number,horse_number,horse_name,horse_id,sex_age,weight,jockey_name,finish_time,margin,popularity,odds,last_3f_time,passing_order,track_name_encoded,grade_encoded,year,month,day,day_of_week,is_weekend,season,speed,recent_3_avg_speed,recent_3_finish_variance,days_since_last_race,last_race_position,is_win,recent_3_win_count,recent_5_avg_odds,speed_trend_slope,consistency_score,track_experience_count,track_wins,track_win_rate,avg_odds,avg_weight,relative_odds,weight_advantage,odds_rank,career_total_races,career_total_wins,career_win_rate,is_place,is_show,career_place_rate,career_show_rate,recent_form_score,rest_days_category,weight_normalized,finish_time_normalized,popularity_normalized,last_3f_time_normalized,year_normalized,month_normalized,day_normalized,day_of_week_normalized,is_weekend_normalized,speed_normalized,days_since_last_race_normalized,is_win_normalized,track_experience_count_normalized,track_wins_normalized,track_win_rate_normalized,avg_weight_normalized,weight_advantage_normalized,career_total_races_normalized,career_total_wins_normalized,career_win_rate_normalized,is_place_normalized,is_show_normalized,career_place_rate_normalized,career_show_rate_normalized
202408010109,2024-01-06,京都,9,一般,"{'win': {'combinations': ['6'], 'payouts': [370]}, 'place': {'combinations': ['6', '1', '5'], 'payouts': [150, 190, 250]}, 'bracket_quinella': {'combinations': ['1 - 5'], 'payouts': [740]}, 'quinella': {'combinations': ['1 - 6'], 'payouts': [920]}, 'wide': {'combinations': ['1 - 6', '5 - 6', '1 - 5'], 'payouts': [420, 550, 740]}, 'exacta': {'combinations': ['6 → 1'], 'payouts': [1, 790]}, 'trio': {'combinations': ['1 - 5 - 6'], 'payouts': [2, 180]}, 'trifecta': {'combinations': ['6 → 1 → 5'], 'payouts': [11, 490]}}",8.0,6,7,マイネルプロンプト,2012100683,セ12,58.0,田口貫太,84.6,3/4,0,,37.1,238.0,1,0,2024,1,6,5,1,winter,0,,,0.0,,0,,,,,0,0,0.0,,57.666666666666664,,-0.3333333333333357,,1,0,0.0,0,0,0.0,0.0,,short,1.4586028215786855,-0.8932281338781257,0.0,-0.647985516878942,0.0,0.0,0.0,0.0,0.0,0.0,0.0,-0.28347335475692037,0.0,-0.28347335475692037,-0.28347335475692037,2.0186741115840614,-0.26060826971407836,0.0,-0.28347335475692037,-0.28347335475692037,-0.41803980857497053,-0.5359422007578724,-0.41803980857497053,-0.5359422007578724
202406010111,2024-01-06,中山,11,一般,"{'win': {'combinations': ['3'], 'payouts': [780]}, 'place': {'combinations': ['3', '7', '15'], 'payouts': [270, 400, 340]}, 'bracket_quinella': {'combinations': ['2 - 4'], 'payouts': [570]}, 'quinella': {'combinations': ['3 - 7'], 'payouts': [4, 820]}, 'wide': {'combinations': ['3 - 7', '3 - 15', '7 - 15'], 'payouts': [1, 450, 1, 310, 1, 870]}, 'exacta': {'combinations': ['3 → 7'], 'payouts': [8, 30]}, 'trio': {'combinations': ['3 - 7 - 15'], 'payouts': [12, 230]}, 'trifecta': {'combinations': ['3 → 7 → 15'], 'payouts': [65, 470]}}",10.0,3,5,マイネルファンロン,2015100744,牡9,56.0,丸山元気,119.5,アタマ,0,,34.8,134.6,0,0,2024,1,6,5,1,winter,0,,,0.0,,0,,,,,0,0,0.0,,55.970588235294116,,-0.029411764705884025,,1,0,0.0,0,0,0.0,0.0,,short,0.23350301135033932,0.8492625226966981,0.0,-1.559455667737725,0.0,0.0,0.0,0.0,0.0,0.0,0.0,-0.28347335475692037,0.0,-0.28347335475692037,-0.28347335475692037,0.3467721074974042,-0.022994847327713865,0.0,-0.28347335475692037,-0.28347335475692037,-0.41803980857497053,-0.5359422007578724,-0.41803980857497053,-0.5359422007578724
202455010602,2024-01-06,佐賀,2,一般,"{'win': {'combinations': ['11'], 'payouts': [150]}, 'place': {'combinations': ['11', '8', '5'], 'payouts': [180, 250, 2, 0]}, 'bracket_quinella': {'combinations': ['7 - 8'], 'payouts': [870]}, 'quinella': {'combinations': ['8 - 11'], 'payouts': [810]}, 'wide': {'combinations': ['8 - 11', '5 - 11', '5 - 8'], 'payouts': [430, 2, 380, 4, 670]}, 'exacta': {'combinations': ['11 → 8'], 'payouts': [980]}, 'trio': {'combinations': ['5 - 8 - 11'], 'payouts': [11, 860]}, 'trifecta': {'combinations': ['11 → 8 → 5'], 'payouts': [28, 710]}}",2.0,7,8,ツヅミボシ,2016100263,牝8,54.0,山田義貴,93.5,4,0,,40.4,8.7,2,0,2024,1,6,5,1,winter,0,,,0.0,,0,,,,,0,0,0.0,,55.0,,1.0,,1,0,0.0,1,1,1.0,1.0,,short,-0.9915967988780069,-0.4488680524020243,0.0,0.6597760039184386,0.0,0.0,0.0,0.0,0.0,0.0,0.0,-0.28347335475692037,0.0,-0.28347335475692037,-0.28347335475692037,-0.6099810624712596,0.7818248091422297,0.0,-0.28347335475692037,-0.28347335475692037,2.39211668240122,1.8658728470829629,2.39211668240122,1.8658728470829629
202455010612,2024-01-06,佐賀,12,一般,"{'win': {'combinations': ['3'], 'payouts': [110]}, 'place': {'combinations': ['3', '4', '11'], 'payouts': [110, 170, 300]}, 'bracket_quinella': {'combinations': ['3 - 4'], 'payouts': [320]}, 'quinella': {'combinations': ['3 - 4'], 'payouts': [260]}, 'wide': {'combinations': ['3 - 4', '3 - 11', '4 - 11'], 'payouts': [190, 470, 890]}, 'exacta': {'combinations': ['3 → 4'], 'payouts': [330]}, 'trio': {'combinations': ['3 - 4 - 11'], 'payouts': [1, 170]}, 'trifecta': {'combinations': ['3 → 4 → 11'], 'payouts': [2, 0]}}",2.0,4,4,ミスターホウジュ,2016102420,牡8,56.0,長田進仁,92.5,4,0,,40.9,15.7,2,0,2024,1,6,5,1,winter,0,,,0.0,,0,,,,,0,0,0.0,,54.90909090909091,,-1.0909090909090935,,1,0,0.0,1,1,1.0,1.0,,short,0.23350301135033932,-0.4987961514442829,0.0,0.8579216888877388,0.0,0.0,0.0,0.0,0.0,0.0,0.0,-0.28347335475692037,0.0,-0.28347335475692037,-0.28347335475692037,-0.69959430704133,-0.8528997917915254,0.0,-0.28347335475692037,-0.28347335475692037,2.39211668240122,1.8658728470829629,2.39211668240122,1.8658728470829629
202455010612,2024-01-06,佐賀,12,一般,"{'win': {'combinations': ['3'], 'payouts': [110]}, 'place': {'combinations': ['3', '4', '11'], 'payouts': [110, 170, 300]}, 'bracket_quinella': {'combinations': ['3 - 4'], 'payouts': [320]}, 'quinella': {'combinations': ['3 - 4'], 'payouts': [260]}, 'wide': {'combinations': ['3 - 4', '3 - 11', '4 - 11'], 'payouts': [190, 470, 890]}, 'exacta': {'combinations': ['3 → 4'], 'payouts': [330]}, 'trio': {'combinations': ['3 - 4 - 11'], 'payouts': [1, 170]}, 'trifecta': {'combinations': ['3 → 4 → 11'], 'payouts': [2, 0]}}",1.0,3,3,ウイニングメイビー,2016103028,牡8,56.0,山口勲,91.8,nan,0,,40.5,1.1,2,0,2024,1,6,5,1,winter,0,,,0.0,,1,,,,,0,1,1.0,,54.90909090909091,,-1.0909090909090935,,1,1,1.0,1,1,1.0,1.0,,short,0.23350301135033932,-0.533745820773864,0.0,0.6994051409122992,0.0,0.0,0.0,0.0,0.0,0.0,0.0,3.527668414752787,0.0,3.527668414752787,3.527668414752787,-0.69959430704133,-0.8528997917915254,0.0,3.527668414752787,3.527668414752787,2.39211668240122,1.8658728470829629,2.39211668240122,1.8658728470829629
202406010108,2024-01-06,中山,8,一般,"{'win': {'combinations': ['8'], 'payouts': [560]}, 'place': {'combinations': ['8', '4', '10'], 'payouts': [230, 1, 50, 1, 730]}, 'bracket_quinella': {'combinations': ['2 - 4'], 'payouts': [4, 130]}, 'quinella': {'combinations': ['4 - 8'], 'payouts': [10, 500]}, 'wide': {'combinations': ['4 - 8', '8 - 10', '4 - 10'], 'payouts': [3, 450, 6, 410, 27, 650]}, 'exacta': {'combinations': ['8 → 4'], 'payouts': [17, 340]}, 'trio': {'combinations': ['4 - 8 - 10'], 'payouts': [176, 980]}, 'trifecta': {'combinations': ['8 → 4 → 10'], 'payouts': [759, 60]}}",7.0,8,16,ジェイエルフラッグ,2016103409,牝8,53.0,佐藤翔馬,116.2,ハナ,0,,38.7,233.7,0,0,2024,1,6,5,1,winter,0,,,0.0,,0,,,,,0,0,0.0,,54.375,,1.375,,1,0,0.0,0,0,0.0,0.0,,short,-1.60414670399218,0.6844997958572451,0.0,-0.013919324977180597,0.0,0.0,0.0,0.0,0.0,0.0,0.0,-0.28347335475692037,0.0,-0.28347335475692037,-0.28347335475692037,-1.226072118890476,1.0750091125705659,0.0,-0.28347335475692037,-0.28347335475692037,-0.41803980857497053,-0.5359422007578724,-0.41803980857497053,-0.5359422007578724
202408010111,2024-01-06,京都,11,一般,"{'win': {'combinations': ['2'], 'payouts': [1, 650]}, 'place': {'combinations': ['2', '11', '4'], 'payouts': [410, 220, 210]}, 'bracket_quinella': {'combinations': ['1 - 6'], 'payouts': [2, 310]}, 'quinella': {'combinations': ['2 - 11'], 'payouts': [4, 720]}, 'wide': {'combinations': ['2 - 11', '2 - 4', '4 - 11'], 'payouts': [1, 540, 1, 200, 720]}, 'exacta': {'combinations': ['2 → 11'], 'payouts': [9, 870]}, 'trio': {'combinations': ['2 - 4 - 11'], 'payouts': [7, 910]}, 'trifecta': {'combinations': ['2 → 11 → 4'], 'payouts': [54, 810]}}",17.0,3,6,シャイニーロック,2016103884,牡8,57.0,酒井学,95.5,クビ,0,,36.6,118.6,1,0,2024,1,6,5,1,winter,0,,,0.0,,0,,,,,0,0,0.0,,56.27777777777778,,-0.7222222222222214,,1,0,0.0,0,0,0.0,0.0,,short,0.8460529164645124,-0.3490118543175072,0.0,-0.8461312018482422,0.0,0.0,0.0,0.0,0.0,0.0,0.0,-0.28347335475692037,0.0,-0.28347335475692037,-0.28347335475692037,0.6495828750969169,-0.5646512510471653,0.0,-0.28347335475692037,-0.28347335475692037,-0.41803980857497053,-0.5359422007578724,-0.41803980857497053,-0.5359422007578724
202406010111,2024-01-06,中山,11,一般,"{'win': {'combinations': ['3'], 'payouts': [780]}, 'place': {'combinations': ['3', '7', '15'], 'payouts': [270, 400, 340]}, 'bracket_quinella': {'combinations': ['2 - 4'], 'payouts': [570]}, 'quinella': {'combinations': ['3 - 7'], 'payouts': [4, 820]}, 'wide': {'combinations': ['3 - 7', '3 - 15', '7 - 15'], 'payouts': [1, 450, 1, 310, 1, 870]}, 'exacta': {'combinations': ['3 → 7'], 'payouts': [8, 30]}, 'trio': {'combinations': ['3 - 7 - 15'], 'payouts': [12, 230]}, 'trifecta': {'combinations': ['3 → 7 → 15'], 'payouts': [65, 470]}}",16.0,8,16,サトノエルドール,2016104319,牡8,56.0,三浦皇成,119.9,1/2,0,,35.2,100.2,0,0,2024,1,6,5,1,winter,0,,,0.0,,0,,,,,0,0,0.0,,55.970588235294116,,-0.029411764705884025,,1,0,0.0,0,0,0.0,0.0,,short,0.23350301135033932,0.8692337623136018,0.0,-1.4009391197622825,0.0,0.0,0.0,0.0,0.0,0.0,0.0,-0.28347335475692037,0.0,-0.28347335475692037,-0.28347335475692037,0.3467721074974042,-0.022994847327713865,0.0,-0.28347335475692037,-0.28347335475692037,-0.41803980857497053,-0.5359422007578724,-0.41803980857497053,-0.5359422007578724
202408010110,2024-01-06,京都,10,一般,"{'win': {'combinations': ['4'], 'payouts': [620]}, 'place': {'combinations': ['4', '13', '2'], 'payouts': [210, 210, 520]}, 'bracket_quinella': {'combinations': ['4 - 8'], 'payouts': [1, 340]}, 'quinella': {'combinations': ['4 - 13'], 'payouts': [1, 580]}, 'wide': {'combinations': ['4 - 13', '2 - 4', '2 - 13'], 'payouts': [560, 1, 720, 2, 210]}, 'exacta': {'combinations': ['4 → 13'], 'payouts': [3, 200]}, 'trio': {'combinations': ['2 - 4 - 13'], 'payouts': [10, 850]}, 'trifecta': {'combinations': ['4 → 13 → 2'], 'payouts': [53, 740]}}",13.0,8,12,ボスジラ,2016104635,牡8,57.0,吉田隼人,96.25,7,0,,39.5,84.0,1,0,2024,1,6,5,1,winter,0,,,0.0,,0,,,,,0,0,0.0,,54.38461538461539,,-2.615384615384613,,1,0,0.0,0,0,0.0,0.0,,short,0.8460529164645124,-0.3115657800358133,0.0,0.3031137709736987,0.0,0.0,0.0,0.0,0.0,0.0,0.0,-0.28347335475692037,0.0,-0.28347335475692037,-0.28347335475692037,-1.2165937949455627,-2.044772577756599,0.0,-0.28347335475692037,-0.28347335475692037,-0.41803980857497053,-0.5359422007578724,-0.41803980857497053,-0.5359422007578724
202406010111,2024-01-06,中山,11,一般,"{'win': {'combinations': ['3'], 'payouts': [780]}, 'place': {'combinations': ['3', '7', '15'], 'payouts': [270, 400, 340]}, 'bracket_quinella': {'combinations': ['2 - 4'], 'payouts': [570]}, 'quinella': {'combinations': ['3 - 7'], 'payouts': [4, 820]}, 'wide': {'combinations': ['3 - 7', '3 - 15', '7 - 15'], 'payouts': [1, 450, 1, 310, 1, 870]}, 'exacta': {'combinations': ['3 → 7'], 'payouts': [8, 30]}, 'trio': {'combinations': ['3 - 7 - 15'], 'payouts': [12, 230]}, 'trifecta': {'combinations': ['3 → 7 → 15'], 'payouts': [65, 470]}}",8.0,7,13,カテドラル,2016104711,牡8,58.5,荻野極,119.4,3/4,0,,33.8,184.0,0,0,2024,1,6,5,1,winter,0,,,0.0,,0,,,,,0,0,0.0,,55.970588235294116,,-2.529411764705884,,1,0,0.0,0,0,0.0,0.0,,short,1.7648777741357722,0.8442697127924725,0.0,-1.9557470376763253,0.0,0.0,0.0,0.0,0.0,0.0,0.0,-0.28347335475692037,0.0,-0.28347335475692037,-0.28347335475692037,0.3467721074974042,-1.9775568701832884,0.0,-0.28347335475692037,-0.28347335475692037,-0.41803980857497053,-0.5359422007578724,-0.41803980857497053,-0.5359422007578724
202408010110,2024-01-06,京都,10,一般,"{'win': {'combinations': ['4'], 'payouts': [620]}, 'place': {'combinations': ['4', '13', '2'], 'payouts': [210, 210, 520]}, 'bracket_quinella': {'combinations': ['4 - 8'], 'payouts': [1, 340]}, 'quinella': {'combinations': ['4 - 13'], 'payouts': [1, 580]}, 'wide': {'combinations': ['4 - 13', '2 - 4', '2 - 13'], 'payouts': [560, 1, 720, 2, 210]}, 'exacta': {'combinations': ['4 → 13'], 'payouts': [3, 200]}, 'trio': {'combinations': ['2 - 4 - 13'], 'payouts': [10, 850]}, 'trifecta': {'combinations': ['4 → 13 → 2'], 'payouts': [53, 740]}}",7.0,3,3,アスティ,2016104998,セ8,56.0,松若風馬,96.25,クビ,0,,37.3,136.9,1,0,2024,1,6,5,1,winter,0,,,0.0,,0,,,,,0,0,0.0,,54.38461538461539,,-1.6153846153846132,,1,0,0.0,0,0,0.0,0.0,,short,0.23350301135033932,-0.3115657800358133,0.0,-0.5687272428912236,0.0,0.0,0.0,0.0,0.0,0.0,0.0,-0.28347335475692037,0.0,-0.28347335475692037,-0.28347335475692037,-1.2165937949455627,-1.2629477686143695,0.0,-0.28347335475692037,-0.28347335475692037,-0.41803980857497053,-0.5359422007578724,-0.41803980857497053,-0.5359422007578724
202408010111,2024-01-06,京都,11,一般,"{'win': {'combinations': ['2'], 'payouts': [1, 650]}, 'place': {'combinations': ['2', '11', '4'], 'payouts': [410, 220, 210]}, 'bracket_quinella': {'combinations': ['1 - 6'], 'payouts': [2, 310]}, 'quinella': {'combinations': ['2 - 11'], 'payouts': [4, 720]}, 'wide': {'combinations': ['2 - 11', '2 - 4', '4 - 11'], 'payouts': [1, 540, 1, 200, 720]}, 'exacta': {'combinations': ['2 → 11'], 'payouts': [9, 870]}, 'trio': {'combinations': ['2 - 4 - 11'], 'payouts': [7, 910]}, 'trifecta': {'combinations': ['2 → 11 → 4'], 'payouts': [54, 810]}}",9.0,2,3,ルプリュフォール,2016105223,セ8,57.0,秋山真一,94.8,1.1/4,0,,35.5,134.4,1,0,2024,1,6,5,1,winter,0,,,0.0,,0,,,,,0,0,0.0,,56.27777777777778,,-0.7222222222222214,,1,0,0.0,0,0,0.0,0.0,,short,0.8460529164645124,-0.38396152364708835,0.0,-1.2820517087807033,0.0,0.0,0.0,0.0,0.0,0.0,0.0,-0.28347335475692037,0.0,-0.28347335475692037,-0.28347335475692037,0.6495828750969169,-0.5646512510471653,0.0,-0.28347335475692037,-0.28347335475692037,-0.41803980857497053,-0.5359422007578724,-0.41803980857497053,-0.5359422007578724
202455010603,2024-01-06,佐賀,3,一般,"{'win': {'combinations': ['7'], 'payouts': [120]}, 'place': {'combinations': ['7', '10', '8'], 'payouts': [100, 100, 140]}, 'bracket_quinella': {'combinations': ['6 - 7'], 'payouts': [140]}, 'quinella': {'combinations': ['7 - 10'], 'payouts': [170]}, 'wide': {'combinations': ['7 - 10', '7 - 8', '8 - 10'], 'payouts': [150, 210, 340]}, 'exacta': {'combinations': ['7 → 10'], 'payouts': [260]}, 'trio': {'combinations': ['7 - 8 - 10'], 'payouts': [360]}, 'trifecta': {'combinations': ['7 → 10 → 8'], 'payouts': [700]}}",3.0,6,8,ハッピーアロー,2016105355,牝8,54.0,金山昇馬,93.5,3,0,,41.0,13.3,2,0,2024,1,6,5,1,winter,0,,,0.0,,0,,,,,0,0,0.0,,54.166666666666664,,0.1666666666666643,,1,0,0.0,0,1,0.0,1.0,,short,-0.9915967988780069,-0.4488680524020243,0.0,0.8975508258815994,0.0,0.0,0.0,0.0,0.0,0.0,0.0,-0.28347335475692037,0.0,-0.28347335475692037,-0.28347335475692037,-1.4314358043635504,0.13030413485703654,0.0,-0.28347335475692037,-0.28347335475692037,-0.41803980857497053,1.8658728470829629,-0.41803980857497053,1.8658728470829629
202408010110,2024-01-06,京都,10,一般,"{'win': {'combinations': ['4'], 'payouts': [620]}, 'place': {'combinations': ['4', '13', '2'], 'payouts': [210, 210, 520]}, 'bracket_quinella': {'combinations': ['4 - 8'], 'payouts': [1, 340]}, 'quinella': {'combinations': ['4 - 13'], 'payouts': [1, 580]}, 'wide': {'combinations': ['4 - 13', '2 - 4', '2 - 13'], 'payouts': [560, 1, 720, 2, 210]}, 'exacta': {'combinations': ['4 → 13'], 'payouts': [3, 200]}, 'trio': {'combinations': ['2 - 4 - 13'], 'payouts': [10, 850]}, 'trifecta': {'combinations': ['4 → 13 → 2'], 'payouts': [53, 740]}}",3.0,2,2,メロディーレーン,2016105526,牝8,52.0,幸英明,96.25,1.1/4,0,,36.7,23.5,1,0,2024,1,6,5,1,winter,0,,,0.0,,0,,,,,0,0,0.0,,54.38461538461539,,2.384615384615387,,1,0,0.0,0,1,0.0,1.0,,short,-2.216696609106353,-0.3115657800358133,0.0,-0.8065020648543816,0.0,0.0,0.0,0.0,0.0,0.0,0.0,-0.28347335475692037,0.0,-0.28347335475692037,-0.28347335475692037,-1.2165937949455627,1.8643514679545496,0.0,-0.28347335475692037,-0.28347335475692037,-0.41803980857497053,1.8658728470829629,-0.41803980857497053,1.8658728470829629
202455010610,2024-01-06,佐賀,10,一般,"{'win': {'combinations': ['6'], 'payouts': [270]}, 'place': {'combinations': ['6', '5', '8'], 'payouts': [130, 360, 490]}, 'bracket_quinella': {'combinations': ['5 - 6'], 'payouts': [3, 760]}, 'quinella': {'combinations': ['5 - 6'], 'payouts': [3, 200]}, 'wide': {'combinations': ['5 - 6', '6 - 8', '5 - 8'], 'payouts': [890, 1, 470, 8, 500]}, 'exacta': {'combinations': ['6 → 5'], 'payouts': [5, 220]}, 'trio': {'combinations': ['5 - 6 - 8'], 'payouts': [31, 590]}, 'trifecta': {'combinations': ['6 → 5 → 8'], 'payouts': [101, 100]}}",8.0,6,7,ダノンディアマンテ,2017100410,セ7,56.0,加茂飛翔,92.7,クビ,0,,40.9,212.9,2,0,2024,1,6,5,1,winter,0,,,0.0,,0,,,,,0,0,0.0,,55.09090909090909,,-0.9090909090909065,,1,0,0.0,0,0,0.0,0.0,,short,0.23350301135033932,-0.48881053163583105,0.0,0.8579216888877388,0.0,0.0,0.0,0.0,0.0,0.0,0.0,-0.28347335475692037,0.0,-0.28347335475692037,-0.28347335475692037,-0.5203678179011892,-0.7107498264929341,0.0,-0.28347335475692037,-0.28347335475692037,-0.41803980857497053,-0.5359422007578724,-0.41803980857497053,-0.5359422007578724
202455010608,2024-01-06,佐賀,8,一般,"{'win': {'combinations': ['8'], 'payouts': [390]}, 'place': {'combinations': ['8', '5', '4'], 'payouts': [140, 140, 150]}, 'quinella': {'combinations': ['5 - 8'], 'payouts': [930]}, 'wide': {'combinations': ['5 - 8', '4 - 8', '4 - 5'], 'payouts': [350, 270, 440]}, 'exacta': {'combinations': ['8 → 5'], 'payouts': [2, 110]}, 'trio': {'combinations': ['4 - 5 - 8'], 'payouts': [1, 430]}, 'trifecta': {'combinations': ['8 → 5 → 4'], 'payouts': [7, 70]}}",6.0,3,3,ホウオウベルタ,2017100684,牡7,56.0,小松丈二,85.3,1,0,,39.1,38.3,2,0,2024,1,6,5,1,winter,0,,,0.0,,0,,,,,0,0,0.0,,54.875,,-1.125,,1,0,0.0,0,0,0.0,0.0,,short,0.23350301135033932,-0.8582784645485446,0.0,0.14459722299825906,0.0,0.0,0.0,0.0,0.0,0.0,0.0,-0.28347335475692037,0.0,-0.28347335475692037,-0.28347335475692037,-0.7331992737551029,-0.8795529102850085,0.0,-0.28347335475692037,-0.28347335475692037,-0.41803980857497053,-0.5359422007578724,-0.41803980857497053,-0.5359422007578724
202406010112,2024-01-06,中山,12,一般,"{'win': {'combinations': ['8'], 'payouts': [1, 790]}, 'place': {'combinations': ['8', '5', '14'], 'payouts': [340, 170, 450]}, 'bracket_quinella': {'combinations': ['3 - 4'], 'payouts': [3, 30]}, 'quinella': {'combinations': ['5 - 8'], 'payouts': [3, 510]}, 'wide': {'combinations': ['5 - 8', '8 - 14', '5 - 14'], 'payouts': [1, 0, 3, 10, 1, 530]}, 'exacta': {'combinations': ['8 → 5'], 'payouts': [9, 900]}, 'trio': {'combinations': ['5 - 8 - 14'], 'payouts': [19, 140]}, 'trifecta': {'combinations': ['8 → 5 → 14'], 'payouts': [121, 500]}}",5.0,2,3,アイアムイチリュウ,2017101159,牡7,58.0,菅原隆一,114.0,2,0,,37.6,36.2,0,0,2024,1,6,5,1,winter,0,,,0.0,,0,,,,,0,0,0.0,,57.125,,-0.875,,1,0,0.0,0,0,0.0,0.0,,short,1.4586028215786855,0.5746579779642761,0.0,-0.4498398319096417,0.0,0.0,0.0,0.0,0.0,0.0,0.0,-0.28347335475692037,0.0,-0.28347335475692037,-0.28347335475692037,1.4847285293540762,-0.684096707999451,0.0,-0.28347335475692037,-0.28347335475692037,-0.41803980857497053,-0.5359422007578724,-0.41803980857497053,-0.5359422007578724
202455010604,2024-01-06,佐賀,4,一般,"{'win': {'combinations': ['4'], 'payouts': [130]}, 'place': {'combinations': ['4', '1', '5'], 'payouts': [100, 140, 100]}, 'bracket_quinella': {'combinations': ['1 - 4'], 'payouts': [790]}, 'quinella': {'combinations': ['1 - 4'], 'payouts': [560]}, 'wide': {'combinations': ['1 - 4', '4 - 5', '1 - 5'], 'payouts': [230, 130, 300]}, 'exacta': {'combinations': ['4 → 1'], 'payouts': [640]}, 'trio': {'combinations': ['1 - 4 - 5'], 'payouts': [430]}, 'trifecta': {'combinations': ['4 → 1 → 5'], 'payouts': [1, 400]}}",1.0,4,4,ハクアイウィンザー,2017101485,牡7,56.0,山下裕貴,91.2,nan,0,,38.7,1.3,2,0,2024,1,6,5,1,winter,0,,,0.0,,1,,,,,0,1,1.0,,53.9,,-2.1000000000000014,,1,1,1.0,1,1,1.0,1.0,,short,0.23350301135033932,-0.5637026801992189,0.0,-0.013919324977180597,0.0,0.0,0.0,0.0,0.0,0.0,0.0,3.527668414752787,0.0,3.527668414752787,3.527668414752787,-1.6943013217690819,-1.6418320991986837,0.0,3.527668414752787,3.527668414752787,2.39211668240122,1.8658728470829629,2.39211668240122,1.8658728470829629
202408010108,2024-01-06,京都,8,一般,"{'win': {'combinations': ['4'], 'payouts': [650]}, 'place': {'combinations': ['4', '16', '9'], 'payouts': [210, 170, 210]}, 'bracket_quinella': {'combinations': ['2 - 8'], 'payouts': [1, 340]}, 'quinella': {'combinations': ['4 - 16'], 'payouts': [1, 810]}, 'wide': {'combinations': ['4 - 16', '4 - 9', '9 - 16'], 'payouts': [790, 680, 600]}, 'exacta': {'combinations': ['4 → 16'], 'payouts': [3, 680]}, 'trio': {'combinations': ['4 - 9 - 16'], 'payouts': [3, 210]}, 'trifecta': {'combinations': ['4 → 16 → 9'], 'payouts': [23, 500]}}",6.0,3,6,オカリナ,2017101726,牡7,58.0,太宰啓介,72.4,クビ,0,,36.6,66.6,1,0,2024,1,6,5,1,winter,0,,,0.0,,0,,,,,0,0,0.0,,55.9375,,-2.0625,,1,0,0.0,0,0,0.0,0.0,,short,1.4586028215786855,-1.5023509421936796,0.0,-0.8461312018482422,0.0,0.0,0.0,0.0,0.0,0.0,0.0,-0.28347335475692037,0.0,-0.28347335475692037,-0.28347335475692037,0.314155522157565,-1.612513668855849,0.0,-0.28347335475692037,-0.28347335475692037,-0.41803980857497053,-0.5359422007578724,-0.41803980857497053,-0.5359422007578724
202406010112,2024-01-06,中山,12,一般,"{'win': {'combinations': ['8'], 'payouts': [1, 790]}, 'place': {'combinations': ['8', '5', '14'], 'payouts': [340, 170, 450]}, 'bracket_quinella': {'combinations': ['3 - 4'], 'payouts': [3, 30]}, 'quinella': {'combinations': ['5 - 8'], 'payouts': [3, 510]}, 'wide': {'combinations': ['5 - 8', '8 - 14', '5 - 14'], 'payouts': [1, 0, 3, 10, 1, 530]}, 'exacta': {'combinations': ['8 → 5'], 'payouts': [9, 900]}, 'trio': {'combinations': ['5 - 8 - 14'], 'payouts': [19, 140]}, 'trifecta': {'combinations': ['8 → 5 → 14'], 'payouts': [121, 500]}}",16.0,5,9,マイネルイリャルギ,2017101877,牡7,57.0,佐々木大,119.0,大,0,,43.9,269.9,0,0,2024,1,6,5,1,winter,0,,,0.0,,0,,,,,0,0,0.0,,57.125,,0.125,,1,0,0.0,0,0,0.0,0.0,,short,0.8460529164645124,0.8242984731755688,0.0,2.0467957987035406,0.0,0.0,0.0,0.0,0.0,0.0,0.0,-0.28347335475692037,0.0,-0.28347335475692037,-0.28347335475692037,1.4847285293540762,0.09772810114277881,0.0,-0.28347335475692037,-0.28347335475692037,-0.41803980857497053,-0.5359422007578724,-0.41803980857497053,-0.5359422007578724
202406010112,2024-01-06,中山,12,一般,"{'win': {'combinations': ['8'], 'payouts': [1, 790]}, 'place': {'combinations': ['8', '5', '14'], 'payouts': [340, 170, 450]}, 'bracket_quinella': {'combinations': ['3 - 4'], 'payouts': [3, 30]}, 'quinella': {'combinations': ['5 - 8'], 'payouts': [3, 510]}, 'wide': {'combinations': ['5 - 8', '8 - 14', '5 - 14'], 'payouts': [1, 0, 3, 10, 1, 530]}, 'exacta': {'combinations': ['8 → 5'], 'payouts': [9, 900]}, 'trio': {'combinations': ['5 - 8 - 14'], 'payouts': [19, 140]}, 'trifecta': {'combinations': ['8 → 5 → 14'], 'payouts': [121, 500]}}",9.0,8,15,ファイヴレター,2017102043,牡7,58.0,黛弘人,114.1,アタマ,0,,37.8,223.8,0,0,2024,1,6,5,1,winter,0,,,0.0,,0,,,,,0,0,0.0,,57.125,,-0.875,,1,0,0.0,0,0,0.0,0.0,,short,1.4586028215786855,0.5796507878685017,0.0,-0.3705815579219233,0.0,0.0,0.0,0.0,0.0,0.0,0.0,-0.28347335475692037,0.0,-0.28347335475692037,-0.28347335475692037,1.4847285293540762,-0.684096707999451,0.0,-0.28347335475692037,-0.28347335475692037,-0.41803980857497053,-0.5359422007578724,-0.41803980857497053,-0.5359422007578724
202455010610,2024-01-06,佐賀,10,一般,"{'win': {'combinations': ['6'], 'payouts': [270]}, 'place': {'combinations': ['6', '5', '8'], 'payouts': [130, 360, 490]}, 'bracket_quinella': {'combinations': ['5 - 6'], 'payouts': [3, 760]}, 'quinella': {'combinations': ['5 - 6'], 'payouts': [3, 200]}, 'wide': {'combinations': ['5 - 6', '6 - 8', '5 - 8'], 'payouts': [890, 1, 470, 8, 500]}, 'exacta': {'combinations': ['6 → 5'], 'payouts': [5, 220]}, 'trio': {'combinations': ['5 - 6 - 8'], 'payouts': [31, 590]}, 'trifecta': {'combinations': ['6 → 5 → 8'], 'payouts': [101, 100]}}",6.0,1,1,モリデンスター,2017102185,牡7,56.0,田中純,92.4,1,0,,40.9,142.8,2,0,2024,1,6,5,1,winter,0,,,0.0,,0,,,,,0,0,0.0,,55.09090909090909,,-0.9090909090909065,,1,0,0.0,0,0,0.0,0.0,,short,0.23350301135033932,-0.5037889613485085,0.0,0.8579216888877388,0.0,0.0,0.0,0.0,0.0,0.0,0.0,-0.28347335475692037,0.0,-0.28347335475692037,-0.28347335475692037,-0.5203678179011892,-0.7107498264929341,0.0,-0.28347335475692037,-0.28347335475692037,-0.41803980857497053,-0.5359422007578724,-0.41803980857497053,-0.5359422007578724
202408010110,2024-01-06,京都,10,一般,"{'win': {'combinations': ['4'], 'payouts': [620]}, 'place': {'combinations': ['4', '13', '2'], 'payouts': [210, 210, 520]}, 'bracket_quinella': {'combinations': ['4 - 8'], 'payouts': [1, 340]}, 'quinella': {'combinations': ['4 - 13'], 'payouts': [1, 580]}, 'wide': {'combinations': ['4 - 13', '2 - 4', '2 - 13'], 'payouts': [560, 1, 720, 2, 210]}, 'exacta': {'combinations': ['4 → 13'], 'payouts': [3, 200]}, 'trio': {'combinations': ['2 - 4 - 13'], 'payouts': [10, 850]}, 'trifecta': {'combinations': ['4 → 13 → 2'], 'payouts': [53, 740]}}",12.0,4,5,フォワードアゲン,2017102537,セ7,54.0,西村淳也,96.25,2,0,,38.9,60.3,1,0,2024,1,6,5,1,winter,0,,,0.0,,0,,,,,0,0,0.0,,54.38461538461539,,0.3846153846153868,,1,0,0.0,0,0,0.0,0.0,,short,-0.9915967988780069,-0.3115657800358133,0.0,0.06533894901053781,0.0,0.0,0.0,0.0,0.0,0.0,0.0,-0.28347335475692037,0.0,-0.28347335475692037,-0.28347335475692037,-1.2165937949455627,0.30070184967009017,0.0,-0.28347335475692037,-0.28347335475692037,-0.41803980857497053,-0.5359422007578724,-0.41803980857497053,-0.5359422007578724
202406010111,2024-01-06,中山,11,一般,"{'win': {'combinations': ['3'], 'payouts': [780]}, 'place': {'combinations': ['3', '7', '15'], 'payouts': [270, 400, 340]}, 'bracket_quinella': {'combinations': ['2 - 4'], 'payouts': [570]}, 'quinella': {'combinations': ['3 - 7'], 'payouts': [4, 820]}, 'wide': {'combinations': ['3 - 7', '3 - 15', '7 - 15'], 'payouts': [1, 450, 1, 310, 1, 870]}, 'exacta': {'combinations': ['3 → 7'], 'payouts': [8, 30]}, 'trio': {'combinations': ['3 - 7 - 15'], 'payouts': [12, 230]}, 'trifecta': {'combinations': ['3 → 7 → 15'], 'payouts': [65, 470]}}",15.0,7,14,カレンシュトラウス,2017102897,牡7,56.0,藤懸貴志,119.8,クビ,0,,33.6,144.1,0,0,2024,1,6,5,1,winter,0,,,0.0,,0,,,,,0,0,0.0,,55.970588235294116,,-0.029411764705884025,,1,0,0.0,0,0,0.0,0.0,,short,0.23350301135033932,0.8642409524093756,0.0,-2.035005311664044,0.0,0.0,0.0,0.0,0.0,0.0,0.0,-0.28347335475692037,0.0,-0.28347335475692037,-0.28347335475692037,0.3467721074974042,-0.022994847327713865,0.0,-0.28347335475692037,-0.28347335475692037,-0.41803980857497053,-0.5359422007578724,-0.41803980857497053,-0.5359422007578724
202406010111,2024-01-06,中山,11,一般,"{'win': {'combinations': ['3'], 'payouts': [780]}, 'place': {'combinations': ['3', '7', '15'], 'payouts': [270, 400, 340]}, 'bracket_quinella': {'combinations': ['2 - 4'], 'payouts': [570]}, 'quinella': {'combinations': ['3 - 7'], 'payouts': [4, 820]}, 'wide': {'combinations': ['3 - 7', '3 - 15', '7 - 15'], 'payouts': [1, 450, 1, 310, 1, 870]}, 'exacta': {'combinations': ['3 → 7'], 'payouts': [8, 30]}, 'trio': {'combinations': ['3 - 7 - 15'], 'payouts': [12, 230]}, 'trifecta': {'combinations': ['3 → 7 → 15'], 'payouts': [65, 470]}}",6.0,3,6,クリノプレミアム,2017103201,牝7,55.5,松岡正海,119.3,クビ,0,,34.7,36.0,0,0,2024,1,6,5,1,winter,0,,,0.0,,0,,,,,0,0,0.0,,55.970588235294116,,0.470588235294116,,1,0,0.0,0,0,0.0,0.0,,short,-0.07277194120674725,0.8392769028882463,0.0,-1.5990848047315827,0.0,0.0,0.0,0.0,0.0,0.0,0.0,-0.28347335475692037,0.0,-0.28347335475692037,-0.28347335475692037,0.3467721074974042,0.367917557243401,0.0,-0.28347335475692037,-0.28347335475692037,-0.41803980857497053,-0.5359422007578724,-0.41803980857497053,-0.5359422007578724
202406010111,2024-01-06,中山,11,一般,"{'win': {'combinations': ['3'], 'payouts': [780]}, 'place': {'combinations': ['3', '7', '15'], 'payouts': [270, 400, 340]}, 'bracket_quinella': {'combinations': ['2 - 4'], 'payouts': [570]}, 'quinella': {'combinations': ['3 - 7'], 'payouts': [4, 820]}, 'wide': {'combinations': ['3 - 7', '3 - 15', '7 - 15'], 'payouts': [1, 450, 1, 310, 1, 870]}, 'exacta': {'combinations': ['3 → 7'], 'payouts': [8, 30]}, 'trio': {'combinations': ['3 - 7 - 15'], 'payouts': [12, 230]}, 'trifecta': {'combinations': ['3 → 7 → 15'], 'payouts': [65, 470]}}",12.0,5,9,サクラトゥジュール,2017103751,牡7,57.0,キング,119.6,1/2,0,,34.3,16.2,0,0,2024,1,6,5,1,winter,0,,,0.0,,0,,,,,0,0,0.0,,55.970588235294116,,-1.029411764705884,,1,0,0.0,0,0,0.0,0.0,,short,0.8460529164645124,0.8542553326009237,0.0,-1.757601352707025,0.0,0.0,0.0,0.0,0.0,0.0,0.0,-0.28347335475692037,0.0,-0.28347335475692037,-0.28347335475692037,0.3467721074974042,-0.8048196564699437,0.0,-0.28347335475692037,-0.28347335475692037,-0.41803980857497053,-0.5359422007578724,-0.41803980857497053,-0.5359422007578724
202406010112,2024-01-06,中山,12,一般,"{'win': {'combinations': ['8'], 'payouts': [1, 790]}, 'place': {'combinations': ['8', '5', '14'], 'payouts': [340, 170, 450]}, 'bracket_quinella': {'combinations': ['3 - 4'], 'payouts': [3, 30]}, 'quinella': {'combinations': ['5 - 8'], 'payouts': [3, 510]}, 'wide': {'combinations': ['5 - 8', '8 - 14', '5 - 14'], 'payouts': [1, 0, 3, 10, 1, 530]}, 'exacta': {'combinations': ['8 → 5'], 'payouts': [9, 900]}, 'trio': {'combinations': ['5 - 8 - 14'], 'payouts': [19, 140]}, 'trifecta': {'combinations': ['8 → 5 → 14'], 'payouts': [121, 500]}}",7.0,3,6,フリーフロー,2017103788,牡7,58.0,丸田恭介,114.1,アタマ,0,,38.9,72.6,0,0,2024,1,6,5,1,winter,0,,,0.0,,0,,,,,0,0,0.0,,57.125,,-0.875,,1,0,0.0,0,0,0.0,0.0,,short,1.4586028215786855,0.5796507878685017,0.0,0.06533894901053781,0.0,0.0,0.0,0.0,0.0,0.0,0.0,-0.28347335475692037,0.0,-0.28347335475692037,-0.28347335475692037,1.4847285293540762,-0.684096707999451,0.0,-0.28347335475692037,-0.28347335475692037,-0.41803980857497053,-0.5359422007578724,-0.41803980857497053,-0.5359422007578724
202455010602,2024-01-06,佐賀,2,一般,"{'win': {'combinations': ['11'], 'payouts': [150]}, 'place': {'combinations': ['11', '8', '5'], 'payouts': [180, 250, 2, 0]}, 'bracket_quinella': {'combinations': ['7 - 8'], 'payouts': [870]}, 'quinella': {'combinations': ['8 - 11'], 'payouts': [810]}, 'wide': {'combinations': ['8 - 11', '5 - 11', '5 - 8'], 'payouts': [430, 2, 380, 4, 670]}, 'exacta': {'combinations': ['11 → 8'], 'payouts': [980]}, 'trio': {'combinations': ['5 - 8 - 11'], 'payouts': [11, 860]}, 'trifecta': {'combinations': ['11 → 8 → 5'], 'payouts': [28, 710]}}",8.0,8,10,ゴールドロジャー,2017103870,牡7,56.0,金山昇馬,95.2,3,0,,41.2,87.2,2,0,2024,1,6,5,1,winter,0,,,0.0,,0,,,,,0,0,0.0,,55.0,,-1.0,,1,0,0.0,0,0,0.0,0.0,,short,0.23350301135033932,-0.36399028403018463,0.0,0.9768090998693206,0.0,0.0,0.0,0.0,0.0,0.0,0.0,-0.28347335475692037,0.0,-0.28347335475692037,-0.28347335475692037,-0.6099810624712596,-0.7818248091422297,0.0,-0.28347335475692037,-0.28347335475692037,-0.41803980857497053,-0.5359422007578724,-0.41803980857497053,-0.5359422007578724
202406010112,2024-01-06,中山,12,一般,"{'win': {'combinations': ['8'], 'payouts': [1, 790]}, 'place': {'combinations': ['8', '5', '14'], 'payouts': [340, 170, 450]}, 'bracket_quinella': {'combinations': ['3 - 4'], 'payouts': [3, 30]}, 'quinella': {'combinations': ['5 - 8'], 'payouts': [3, 510]}, 'wide': {'combinations': ['5 - 8', '8 - 14', '5 - 14'], 'payouts': [1, 0, 3, 10, 1, 530]}, 'exacta': {'combinations': ['8 → 5'], 'payouts': [9, 900]}, 'trio': {'combinations': ['5 - 8 - 14'], 'payouts': [19, 140]}, 'trifecta': {'combinations': ['8 → 5 → 14'], 'payouts': [121, 500]}}",10.0,4,7,ウインジョイフル,2017104168,牡7,58.0,内田博幸,114.5,2.1/2,0,,38.5,359.5,0,0,2024,1,6,5,1,winter,0,,,0.0,,0,,,,,0,0,0.0,,57.125,,-0.875,,1,0,0.0,0,0,0.0,0.0,,short,1.4586028215786855,0.5996220274854054,0.0,-0.09317759896490183,0.0,0.0,0.0,0.0,0.0,0.0,0.0,-0.28347335475692037,0.0,-0.28347335475692037,-0.28347335475692037,1.4847285293540762,-0.684096707999451,0.0,-0.28347335475692037,-0.28347335475692037,-0.41803980857497053,-0.5359422007578724,-0.41803980857497053,-0.5359422007578724
202406010111,2024-01-06,中山,11,一般,"{'win': {'combinations': ['3'], 'payouts': [780]}, 'place': {'combinations': ['3', '7', '15'], 'payouts': [270, 400, 340]}, 'bracket_quinella': {'combinations': ['2 - 4'], 'payouts': [570]}, 'quinella': {'combinations': ['3 - 7'], 'payouts': [4, 820]}, 'wide': {'combinations': ['3 - 7', '3 - 15', '7 - 15'], 'payouts': [1, 450, 1, 310, 1, 870]}, 'exacta': {'combinations': ['3 → 7'], 'payouts': [8, 30]}, 'trio': {'combinations': ['3 - 7 - 15'], 'payouts': [12, 230]}, 'trifecta': {'combinations': ['3 → 7 → 15'], 'payouts': [65, 470]}}",13.0,1,2,アラタ,2017104756,牡7,58.0,横山和生,119.6,アタマ,0,,33.9,12.2,0,0,2024,1,6,5,1,winter,0,,,0.0,,0,,,,,0,0,0.0,,55.970588235294116,,-2.029411764705884,,1,0,0.0,0,0,0.0,0.0,,short,1.4586028215786855,0.8542553326009237,0.0,-1.9161179006824647,0.0,0.0,0.0,0.0,0.0,0.0,0.0,-0.28347335475692037,0.0,-0.28347335475692037,-0.28347335475692037,0.3467721074974042,-1.5866444656121734,0.0,-0.28347335475692037,-0.28347335475692037,-0.41803980857497053,-0.5359422007578724,-0.41803980857497053,-0.5359422007578724
202406010106,2024-01-06,中山,6,一般,"{'win': {'combinations': ['11'], 'payouts': [300]}, 'place': {'combinations': ['11', '6', '2'], 'payouts': [170, 340, 750]}, 'bracket_quinella': {'combinations': ['3 - 6'], 'payouts': [910]}, 'quinella': {'combinations': ['6 - 11'], 'payouts': [1, 500]}, 'wide': {'combinations': ['6 - 11', '2 - 11', '2 - 6'], 'payouts': [610, 1, 620, 5, 510]}, 'exacta': {'combinations': ['11 → 6'], 'payouts': [2, 230]}, 'trio': {'combinations': ['2 - 6 - 11'], 'payouts': [19, 100]}, 'trifecta': {'combinations': ['11 → 6 → 2'], 'payouts': [56, 210]}}",8.0,1,1,クロスザルビコン,2017105117,牡7,55.0,小林勝太,158.1,3/4,0,,40.5,3.1,0,0,2024,1,6,5,1,winter,0,,,0.0,,0,,,,,0,0,0.0,,56.75,,1.75,,1,0,0.0,0,0,0.0,0.0,,short,-0.3790468937638338,2.776487145727878,0.0,0.6994051409122992,0.0,0.0,0.0,0.0,0.0,0.0,0.0,-0.28347335475692037,0.0,-0.28347335475692037,-0.28347335475692037,1.1150738955025463,1.3681934159989022,0.0,-0.28347335475692037,-0.28347335475692037,-0.41803980857497053,-0.5359422007578724,-0.41803980857497053,-0.5359422007578724
202455010603,2024-01-06,佐賀,3,一般,"{'win': {'combinations': ['7'], 'payouts': [120]}, 'place': {'combinations': ['7', '10', '8'], 'payouts': [100, 100, 140]}, 'bracket_quinella': {'combinations': ['6 - 7'], 'payouts': [140]}, 'quinella': {'combinations': ['7 - 10'], 'payouts': [170]}, 'wide': {'combinations': ['7 - 10', '7 - 8', '8 - 10'], 'payouts': [150, 210, 340]}, 'exacta': {'combinations': ['7 → 10'], 'payouts': [260]}, 'trio': {'combinations': ['7 - 8 - 10'], 'payouts': [360]}, 'trifecta': {'combinations': ['7 → 10 → 8'], 'payouts': [700]}}",6.0,8,11,モーニングサクラ,2017106109,牝7,54.0,竹吉徹,94.4,クビ,0,,41.0,171.0,2,0,2024,1,6,5,1,winter,0,,,0.0,,0,,,,,0,0,0.0,,54.166666666666664,,0.1666666666666643,,1,0,0.0,0,0,0.0,0.0,,short,-0.9915967988780069,-0.40393276326399136,0.0,0.8975508258815994,0.0,0.0,0.0,0.0,0.0,0.0,0.0,-0.28347335475692037,0.0,-0.28347335475692037,-0.28347335475692037,-1.4314358043635504,0.13030413485703654,0.0,-0.28347335475692037,-0.28347335475692037,-0.41803980857497053,-0.5359422007578724,-0.41803980857497053,-0.5359422007578724
202455010610,2024-01-06,佐賀,10,一般,"{'win': {'combinations': ['6'], 'payouts': [270]}, 'place': {'combinations': ['6', '5', '8'], 'payouts': [130, 360, 490]}, 'bracket_quinella': {'combinations': ['5 - 6'], 'payouts': [3, 760]}, 'quinella': {'combinations': ['5 - 6'], 'payouts': [3, 200]}, 'wide': {'combinations': ['5 - 6', '6 - 8', '5 - 8'], 'payouts': [890, 1, 470, 8, 500]}, 'exacta': {'combinations': ['6 → 5'], 'payouts': [5, 220]}, 'trio': {'combinations': ['5 - 6 - 8'], 'payouts': [31, 590]}, 'trifecta': {'combinations': ['6 → 5 → 8'], 'payouts': [101, 100]}}",3.0,7,8,アンシミラー,2017106345,牡7,56.0,魚住謙心,91.7,1,0,,39.8,74.8,2,0,2024,1,6,5,1,winter,0,,,0.0,,0,,,,,0,0,0.0,,55.09090909090909,,-0.9090909090909065,,1,0,0.0,0,1,0.0,1.0,,short,0.23350301135033932,-0.5387386306780896,0.0,0.4220011819552777,0.0,0.0,0.0,0.0,0.0,0.0,0.0,-0.28347335475692037,0.0,-0.28347335475692037,-0.28347335475692037,-0.5203678179011892,-0.7107498264929341,0.0,-0.28347335475692037,-0.28347335475692037,-0.41803980857497053,1.8658728470829629,-0.41803980857497053,1.8658728470829629
202455010612,2024-01-06,佐賀,12,一般,"{'win': {'combinations': ['3'], 'payouts': [110]}, 'place': {'combinations': ['3', '4', '11'], 'payouts': [110, 170, 300]}, 'bracket_quinella': {'combinations': ['3 - 4'], 'payouts': [320]}, 'quinella': {'combinations': ['3 - 4'], 'payouts': [260]}, 'wide': {'combinations': ['3 - 4', '3 - 11', '4 - 11'], 'payouts': [190, 470, 890]}, 'exacta': {'combinations': ['3 → 4'], 'payouts': [330]}, 'trio': {'combinations': ['3 - 4 - 11'], 'payouts': [1, 170]}, 'trifecta': {'combinations': ['3 → 4 → 11'], 'payouts': [2, 0]}}",3.0,8,11,メイショウイナセ,2017106399,セ7,56.0,小林凌,93.0,2.1/2,0,,41.4,49.0,2,0,2024,1,6,5,1,winter,0,,,0.0,,0,,,,,0,0,0.0,,54.90909090909091,,-1.0909090909090935,,1,0,0.0,0,1,0.0,1.0,,short,0.23350301135033932,-0.4738321019231536,0.0,1.0560673738570392,0.0,0.0,0.0,0.0,0.0,0.0,0.0,-0.28347335475692037,0.0,-0.28347335475692037,-0.28347335475692037,-0.69959430704133,-0.8528997917915254,0.0,-0.28347335475692037,-0.28347335475692037,-0.41803980857497053,1.8658728470829629,-0.41803980857497053,1.8658728470829629
202455010610,2024-01-06,佐賀,10,一般,"{'win': {'combinations': ['6'], 'payouts': [270]}, 'place': {'combinations': ['6', '5', '8'], 'payouts': [130, 360, 490]}, 'bracket_quinella': {'combinations': ['5 - 6'], 'payouts': [3, 760]}, 'quinella': {'combinations': ['5 - 6'], 'payouts': [3, 200]}, 'wide': {'combinations': ['5 - 6', '6 - 8', '5 - 8'], 'payouts': [890, 1, 470, 8, 500]}, 'exacta': {'combinations': ['6 → 5'], 'payouts': [5, 220]}, 'trio': {'combinations': ['5 - 6 - 8'], 'payouts': [31, 590]}, 'trifecta': {'combinations': ['6 → 5 → 8'], 'payouts': [101, 100]}}",4.0,4,4,ミナトノヨーコ,2017106686,牝7,54.0,山田義貴,91.7,ハナ,0,,40.7,74.3,2,0,2024,1,6,5,1,winter,0,,,0.0,,0,,,,,0,0,0.0,,55.09090909090909,,1.0909090909090935,,1,0,0.0,0,0,0.0,0.0,,short,-0.9915967988780069,-0.5387386306780896,0.0,0.7786634149000204,0.0,0.0,0.0,0.0,0.0,0.0,0.0,-0.28347335475692037,0.0,-0.28347335475692037,-0.28347335475692037,-0.5203678179011892,0.8528997917915254,0.0,-0.28347335475692037,-0.28347335475692037,-0.41803980857497053,-0.5359422007578724,-0.41803980857497053,-0.5359422007578724
202408010109,2024-01-06,京都,9,一般,"{'win': {'combinations': ['6'], 'payouts': [370]}, 'place': {'combinations': ['6', '1', '5'], 'payouts': [150, 190, 250]}, 'bracket_quinella': {'combinations': ['1 - 5'], 'payouts': [740]}, 'quinella': {'combinations': ['1 - 6'], 'payouts': [920]}, 'wide': {'combinations': ['1 - 6', '5 - 6', '1 - 5'], 'payouts': [420, 550, 740]}, 'exacta': {'combinations': ['6 → 1'], 'payouts': [1, 790]}, 'trio': {'combinations': ['1 - 5 - 6'], 'payouts': [2, 180]}, 'trifecta': {'combinations': ['6 → 1 → 5'], 'payouts': [11, 490]}}",9.0,3,3,ヴァンデリオン,2017110173,牡7,58.0,幸英明,85.0,2.1/2,0,,37.5,84.9,1,0,2024,1,6,5,1,winter,0,,,0.0,,0,,,,,0,0,0.0,,57.666666666666664,,-0.3333333333333357,,1,0,0.0,0,0,0.0,0.0,,short,1.4586028215786855,-0.8732568942612221,0.0,-0.48946896890350233,0.0,0.0,0.0,0.0,0.0,0.0,0.0,-0.28347335475692037,0.0,-0.28347335475692037,-0.28347335475692037,2.0186741115840614,-0.26060826971407836,0.0,-0.28347335475692037,-0.28347335475692037,-0.41803980857497053,-0.5359422007578724,-0.41803980857497053,-0.5359422007578724
202455010607,2024-01-06,佐賀,7,一般,"{'win': {'combinations': ['7'], 'payouts': [880]}, 'place': {'combinations': ['7', '9', '1'], 'payouts': [200, 160, 670]}, 'bracket_quinella': {'combinations': ['6 - 7'], 'payouts': [760]}, 'quinella': {'combinations': ['7 - 9'], 'payouts': [910]}, 'wide': {'combinations': ['7 - 9', '1 - 7', '1 - 9'], 'payouts': [490, 1, 430, 1, 710]}, 'exacta': {'combinations': ['7 → 9'], 'payouts': [2, 430]}, 'trio': {'combinations': ['1 - 7 - 9'], 'payouts': [5, 860]}, 'trifecta': {'combinations': ['7 → 9 → 1'], 'payouts': [28, 800]}}",8.0,5,5,ペルセポリス,2018100127,牡6,56.0,石川倭,87.6,アタマ,0,,40.1,4.4,2,0,2024,1,6,5,1,winter,0,,,0.0,,0,,,,,0,0,0.0,,54.333333333333336,,-1.6666666666666643,,1,0,0.0,0,0,0.0,0.0,,short,0.23350301135033932,-0.7434438367513501,0.0,0.5408885929368595,0.0,0.0,0.0,0.0,0.0,0.0,0.0,-0.28347335475692037,0.0,-0.28347335475692037,-0.28347335475692037,-1.2671448559850882,-1.3030413485703811,0.0,-0.28347335475692037,-0.28347335475692037,-0.41803980857497053,-0.5359422007578724,-0.41803980857497053,-0.5359422007578724
202408010111,2024-01-06,京都,11,一般,"{'win': {'combinations': ['2'], 'payouts': [1, 650]}, 'place': {'combinations': ['2', '11', '4'], 'payouts': [410, 220, 210]}, 'bracket_quinella': {'combinations': ['1 - 6'], 'payouts': [2, 310]}, 'quinella': {'combinations': ['2 - 11'], 'payouts': [4, 720]}, 'wide': {'combinations': ['2 - 11', '2 - 4', '4 - 11'], 'payouts': [1, 540, 1, 200, 720]}, 'exacta': {'combinations': ['2 → 11'], 'payouts': [9, 870]}, 'trio': {'combinations': ['2 - 4 - 11'], 'payouts': [7, 910]}, 'trifecta': {'combinations': ['2 → 11 → 4'], 'payouts': [54, 810]}}",7.0,4,7,タイムトゥヘヴン,2018100184,牡6,57.0,幸英明,94.5,3/4,0,,35.7,56.2,1,0,2024,1,6,5,1,winter,0,,,0.0,,0,,,,,0,0,0.0,,56.27777777777778,,-0.7222222222222214,,1,0,0.0,0,0,0.0,0.0,,short,0.8460529164645124,-0.3989399533597658,0.0,-1.202793434792982,0.0,0.0,0.0,0.0,0.0,0.0,0.0,-0.28347335475692037,0.0,-0.28347335475692037,-0.28347335475692037,0.6495828750969169,-0.5646512510471653,0.0,-0.28347335475692037,-0.28347335475692037,-0.41803980857497053,-0.5359422007578724,-0.41803980857497053,-0.5359422007578724
202455010610,2024-01-06,佐賀,10,一般,"{'win': {'combinations': ['6'], 'payouts': [270]}, 'place': {'combinations': ['6', '5', '8'], 'payouts': [130, 360, 490]}, 'bracket_quinella': {'combinations': ['5 - 6'], 'payouts': [3, 760]}, 'quinella': {'combinations': ['5 - 6'], 'payouts': [3, 200]}, 'wide': {'combinations': ['5 - 6', '6 - 8', '5 - 8'], 'payouts': [890, 1, 470, 8, 500]}, 'exacta': {'combinations': ['6 → 5'], 'payouts': [5, 220]}, 'trio': {'combinations': ['5 - 6 - 8'], 'payouts': [31, 590]}, 'trifecta': {'combinations': ['6 → 5 → 8'], 'payouts': [101, 100]}}",11.0,8,10,ビービーモノローグ,2018100598,セ6,56.0,倉富隆一,99.1,大,0,,48.1,1.9,2,0,2024,1,6,5,1,winter,0,,,0.0,,0,,,,,0,0,0.0,,55.09090909090909,,-0.9090909090909065,,1,0,0.0,0,0,0.0,0.0,,short,0.23350301135033932,-0.1692706977653767,0.0,3.7112195524456637,0.0,0.0,0.0,0.0,0.0,0.0,0.0,-0.28347335475692037,0.0,-0.28347335475692037,-0.28347335475692037,-0.5203678179011892,-0.7107498264929341,0.0,-0.28347335475692037,-0.28347335475692037,-0.41803980857497053,-0.5359422007578724,-0.41803980857497053,-0.5359422007578724
202455010610,2024-01-06,佐賀,10,一般,"{'win': {'combinations': ['6'], 'payouts': [270]}, 'place': {'combinations': ['6', '5', '8'], 'payouts': [130, 360, 490]}, 'bracket_quinella': {'combinations': ['5 - 6'], 'payouts': [3, 760]}, 'quinella': {'combinations': ['5 - 6'], 'payouts': [3, 200]}, 'wide': {'combinations': ['5 - 6', '6 - 8', '5 - 8'], 'payouts': [890, 1, 470, 8, 500]}, 'exacta': {'combinations': ['6 → 5'], 'payouts': [5, 220]}, 'trio': {'combinations': ['5 - 6 - 8'], 'payouts': [31, 590]}, 'trifecta': {'combinations': ['6 → 5 → 8'], 'payouts': [101, 100]}}",9.0,7,9,ウインブランカ,2018101086,牝6,54.0,川島拓,92.9,1,0,,41.1,63.9,2,0,2024,1,6,5,1,winter,0,,,0.0,,0,,,,,0,0,0.0,,55.09090909090909,,1.0909090909090935,,1,0,0.0,0,0,0.0,0.0,,short,-0.9915967988780069,-0.4788249118273792,0.0,0.93717996287546,0.0,0.0,0.0,0.0,0.0,0.0,0.0,-0.28347335475692037,0.0,-0.28347335475692037,-0.28347335475692037,-0.5203678179011892,0.8528997917915254,0.0,-0.28347335475692037,-0.28347335475692037,-0.41803980857497053,-0.5359422007578724,-0.41803980857497053,-0.5359422007578724
202455010612,2024-01-06,佐賀,12,一般,"{'win': {'combinations': ['3'], 'payouts': [110]}, 'place': {'combinations': ['3', '4', '11'], 'payouts': [110, 170, 300]}, 'bracket_quinella': {'combinations': ['3 - 4'], 'payouts': [320]}, 'quinella': {'combinations': ['3 - 4'], 'payouts': [260]}, 'wide': {'combinations': ['3 - 4', '3 - 11', '4 - 11'], 'payouts': [190, 470, 890]}, 'exacta': {'combinations': ['3 → 4'], 'payouts': [330]}, 'trio': {'combinations': ['3 - 4 - 11'], 'payouts': [1, 170]}, 'trifecta': {'combinations': ['3 → 4 → 11'], 'payouts': [2, 0]}}",4.0,5,5,クリノグリゴロス,2018101114,牡6,53.0,合林海斗,93.3,1.1/2,0,,40.7,8.4,2,0,2024,1,6,5,1,winter,0,,,0.0,,0,,,,,0,0,0.0,,54.90909090909091,,1.9090909090909065,,1,0,0.0,0,0,0.0,0.0,,short,-1.60414670399218,-0.4588536722104762,0.0,0.7786634149000204,0.0,0.0,0.0,0.0,0.0,0.0,0.0,-0.28347335475692037,0.0,-0.28347335475692037,-0.28347335475692037,-0.69959430704133,1.492574635635164,0.0,-0.28347335475692037,-0.28347335475692037,-0.41803980857497053,-0.5359422007578724,-0.41803980857497053,-0.5359422007578724
202406010108,2024-01-06,中山,8,一般,"{'win': {'combinations': ['8'], 'payouts': [560]}, 'place': {'combinations': ['8', '4', '10'], 'payouts': [230, 1, 50, 1, 730]}, 'bracket_quinella': {'combinations': ['2 - 4'], 'payouts': [4, 130]}, 'quinella': {'combinations': ['4 - 8'], 'payouts': [10, 500]}, 'wide': {'combinations': ['4 - 8', '8 - 10', '4 - 10'], 'payouts': [3, 450, 6, 410, 27, 650]}, 'exacta': {'combinations': ['8 → 4'], 'payouts': [17, 340]}, 'trio': {'combinations': ['4 - 8 - 10'], 'payouts': [176, 980]}, 'trifecta': {'combinations': ['8 → 4 → 10'], 'payouts': [759, 60]}}",3.0,5,10,サイモンポーリア,2018101166,牝6,56.0,丸山元気,116.0,1/2,0,,39.2,112.6,0,0,2024,1,6,5,1,winter,0,,,0.0,,0,,,,,0,0,0.0,,54.375,,-1.625,,1,0,0.0,0,1,0.0,1.0,,short,0.23350301135033932,0.6745141760487932,0.0,0.18422635999211967,0.0,0.0,0.0,0.0,0.0,0.0,0.0,-0.28347335475692037,0.0,-0.28347335475692037,-0.28347335475692037,-1.226072118890476,-1.2704653148561234,0.0,-0.28347335475692037,-0.28347335475692037,-0.41803980857497053,1.8658728470829629,-0.41803980857497053,1.8658728470829629
202406010106,2024-01-06,中山,6,一般,"{'win': {'combinations': ['11'], 'payouts': [300]}, 'place': {'combinations': ['11', '6', '2'], 'payouts': [170, 340, 750]}, 'bracket_quinella': {'combinations': ['3 - 6'], 'payouts': [910]}, 'quinella': {'combinations': ['6 - 11'], 'payouts': [1, 500]}, 'wide': {'combinations': ['6 - 11', '2 - 11', '2 - 6'], 'payouts': [610, 1, 620, 5, 510]}, 'exacta': {'combinations': ['11 → 6'], 'payouts': [2, 230]}, 'trio': {'combinations': ['2 - 6 - 11'], 'payouts': [19, 100]}, 'trifecta': {'combinations': ['11 → 6 → 2'], 'payouts': [56, 210]}}",6.0,5,9,デリシュレーヌ,2018101497,牝6,56.0,吉田豊,157.8,1/2,0,,39.2,8.6,0,0,2024,1,6,5,1,winter,0,,,0.0,,0,,,,,0,0,0.0,,56.75,,0.75,,1,0,0.0,0,0,0.0,0.0,,short,0.23350301135033932,2.7615087160152014,0.0,0.18422635999211967,0.0,0.0,0.0,0.0,0.0,0.0,0.0,-0.28347335475692037,0.0,-0.28347335475692037,-0.28347335475692037,1.1150738955025463,0.5863686068566725,0.0,-0.28347335475692037,-0.28347335475692037,-0.41803980857497053,-0.5359422007578724,-0.41803980857497053,-0.5359422007578724
202455010609,2024-01-06,佐賀,9,一般,"{'win': {'combinations': ['5'], 'payouts': [120]}, 'place': {'combinations': ['5', '10', '8'], 'payouts': [100, 110, 140]}, 'bracket_quinella': {'combinations': ['5 - 8'], 'payouts': [150]}, 'quinella': {'combinations': ['5 - 10'], 'payouts': [200]}, 'wide': {'combinations': ['5 - 10', '5 - 8', '8 - 10'], 'payouts': [120, 230, 230]}, 'exacta': {'combinations': ['5 → 10'], 'payouts': [260]}, 'trio': {'combinations': ['5 - 8 - 10'], 'payouts': [430]}, 'trifecta': {'combinations': ['5 → 10 → 8'], 'payouts': [770]}}",6.0,3,3,ラインリブラ,2018101601,牝6,54.0,金山昇馬,92.3,4,0,,40.1,85.9,2,0,2024,1,6,5,1,winter,0,,,0.0,,0,,,,,0,0,0.0,,54.5,,0.5,,1,0,0.0,0,0,0.0,0.0,,short,-0.9915967988780069,-0.5087817712527347,0.0,0.5408885929368595,0.0,0.0,0.0,0.0,0.0,0.0,0.0,-0.28347335475692037,0.0,-0.28347335475692037,-0.28347335475692037,-1.1028539076066328,0.390912404571115,0.0,-0.28347335475692037,-0.28347335475692037,-0.41803980857497053,-0.5359422007578724,-0.41803980857497053,-0.5359422007578724
202408010109,2024-01-06,京都,9,一般,"{'win': {'combinations': ['6'], 'payouts': [370]}, 'place': {'combinations': ['6', '1', '5'], 'payouts': [150, 190, 250]}, 'bracket_quinella': {'combinations': ['1 - 5'], 'payouts': [740]}, 'quinella': {'combinations': ['1 - 6'], 'payouts': [920]}, 'wide': {'combinations': ['1 - 6', '5 - 6', '1 - 5'], 'payouts': [420, 550, 740]}, 'exacta': {'combinations': ['6 → 1'], 'payouts': [1, 790]}, 'trio': {'combinations': ['1 - 5 - 6'], 'payouts': [2, 180]}, 'trifecta': {'combinations': ['6 → 1 → 5'], 'payouts': [11, 490]}}",10.0,4,4,ウインアキレウス,2018101616,牡6,58.0,和田竜二,85.2,1.1/2,0,,37.9,110.7,1,0,2024,1,6,5,1,winter,0,,,0.0,,0,,,,,0,0,0.0,,57.666666666666664,,-0.3333333333333357,,1,0,0.0,0,0,0.0,0.0,,short,1.4586028215786855,-0.8632712744527702,0.0,-0.3309524209280627,0.0,0.0,0.0,0.0,0.0,0.0,0.0,-0.28347335475692037,0.0,-0.28347335475692037,-0.28347335475692037,2.0186741115840614,-0.26060826971407836,0.0,-0.28347335475692037,-0.28347335475692037,-0.41803980857497053,-0.5359422007578724,-0.41803980857497053,-0.5359422007578724
202455010610,2024-01-06,佐賀,10,一般,"{'win': {'combinations': ['6'], 'payouts': [270]}, 'place': {'combinations': ['6', '5', '8'], 'payouts': [130, 360, 490]}, 'bracket_quinella': {'combinations': ['5 - 6'], 'payouts': [3, 760]}, 'quinella': {'combinations': ['5 - 6'], 'payouts': [3, 200]}, 'wide': {'combinations': ['5 - 6', '6 - 8', '5 - 8'], 'payouts': [890, 1, 470, 8, 500]}, 'exacta': {'combinations': ['6 → 5'], 'payouts': [5, 220]}, 'trio': {'combinations': ['5 - 6 - 8'], 'payouts': [31, 590]}, 'trifecta': {'combinations': ['6 → 5 → 8'], 'payouts': [101, 100]}}",10.0,8,11,バチスカーフ,2018101690,牝6,54.0,出水拓人,93.6,4,0,,42.6,60.6,2,0,2024,1,6,5,1,winter,0,,,0.0,,0,,,,,0,0,0.0,,55.09090909090909,,1.0909090909090935,,1,0,0.0,0,0,0.0,0.0,,short,-0.9915967988780069,-0.44387524249779875,0.0,1.5316170177833608,0.0,0.0,0.0,0.0,0.0,0.0,0.0,-0.28347335475692037,0.0,-0.28347335475692037,-0.28347335475692037,-0.5203678179011892,0.8528997917915254,0.0,-0.28347335475692037,-0.28347335475692037,-0.41803980857497053,-0.5359422007578724,-0.41803980857497053,-0.5359422007578724
202406010112,2024-01-06,中山,12,一般,"{'win': {'combinations': ['8'], 'payouts': [1, 790]}, 'place': {'combinations': ['8', '5', '14'], 'payouts': [340, 170, 450]}, 'bracket_quinella': {'combinations': ['3 - 4'], 'payouts': [3, 30]}, 'quinella': {'combinations': ['5 - 8'], 'payouts': [3, 510]}, 'wide': {'combinations': ['5 - 8', '8 - 14', '5 - 14'], 'payouts': [1, 0, 3, 10, 1, 530]}, 'exacta': {'combinations': ['8 → 5'], 'payouts': [9, 900]}, 'trio': {'combinations': ['5 - 8 - 14'], 'payouts': [19, 140]}, 'trifecta': {'combinations': ['8 → 5 → 14'], 'payouts': [121, 500]}}",1.0,4,8,クインズミモザ,2018101742,牝6,56.0,野中悠太,113.4,nan,0,,37.9,17.9,0,0,2024,1,6,5,1,winter,0,,,0.0,,1,,,,,0,1,1.0,,57.125,,1.125,,1,1,1.0,1,1,1.0,1.0,,short,0.23350301135033932,0.5447011185389212,0.0,-0.3309524209280627,0.0,0.0,0.0,0.0,0.0,0.0,0.0,3.527668414752787,0.0,3.527668414752787,3.527668414752787,1.4847285293540762,0.8795529102850085,0.0,3.527668414752787,3.527668414752787,2.39211668240122,1.8658728470829629,2.39211668240122,1.8658728470829629
202455010612,2024-01-06,佐賀,12,一般,"{'win': {'combinations': ['3'], 'payouts': [110]}, 'place': {'combinations': ['3', '4', '11'], 'payouts': [110, 170, 300]}, 'bracket_quinella': {'combinations': ['3 - 4'], 'payouts': [320]}, 'quinella': {'combinations': ['3 - 4'], 'payouts': [260]}, 'wide': {'combinations': ['3 - 4', '3 - 11', '4 - 11'], 'payouts': [190, 470, 890]}, 'exacta': {'combinations': ['3 → 4'], 'payouts': [330]}, 'trio': {'combinations': ['3 - 4 - 11'], 'payouts': [1, 170]}, 'trifecta': {'combinations': ['3 → 4 → 11'], 'payouts': [2, 0]}}",7.0,1,1,リュウノヒミコ,2018101844,牝6,54.0,魚住謙心,94.0,ハナ,0,,42.1,16.1,2,0,2024,1,6,5,1,winter,0,,,0.0,,0,,,,,0,0,0.0,,54.90909090909091,,0.9090909090909065,,1,0,0.0,0,0,0.0,0.0,,short,-0.9915967988780069,-0.423904002880895,0.0,1.3334713328140606,0.0,0.0,0.0,0.0,0.0,0.0,0.0,-0.28347335475692037,0.0,-0.28347335475692037,-0.28347335475692037,-0.69959430704133,0.7107498264929343,0.0,-0.28347335475692037,-0.28347335475692037,-0.41803980857497053,-0.5359422007578724,-0.41803980857497053,-0.5359422007578724
202455010606,2024-01-06,佐賀,6,一般,"{'win': {'combinations': ['9'], 'payouts': [1, 830]}, 'place': {'combinations': ['9', '10', '2'], 'payouts': [330, 340, 210]}, 'bracket_quinella': {'combinations': ['7 - 8'], 'payouts': [1, 230]}, 'quinella': {'combinations': ['9 - 10'], 'payouts': [5, 230]}, 'wide': {'combinations': ['9 - 10', '2 - 9', '2 - 10'], 'payouts': [1, 610, 1, 270, 1, 60]}, 'exacta': {'combinations': ['9 → 10'], 'payouts': [11, 400]}, 'trio': {'combinations': ['2 - 9 - 10'], 'payouts': [9, 980]}, 'trifecta': {'combinations': ['9 → 10 → 2'], 'payouts': [83, 810]}}",6.0,5,5,ジェイケイリオン,2018102278,牝6,54.0,川島拓,87.0,3,0,,39.5,70.2,2,0,2024,1,6,5,1,winter,0,,,0.0,,0,,,,,0,0,0.0,,54.81818181818182,,0.8181818181818201,,1,0,0.0,0,0,0.0,0.0,,short,-0.9915967988780069,-0.7734006961767049,0.0,0.3031137709736987,0.0,0.0,0.0,0.0,0.0,0.0,0.0,-0.28347335475692037,0.0,-0.28347335475692037,-0.28347335475692037,-0.7892075516113933,0.6396748438436441,0.0,-0.28347335475692037,-0.28347335475692037,-0.41803980857497053,-0.5359422007578724,-0.41803980857497053,-0.5359422007578724
202406010109,2024-01-06,中山,9,一般,"{'win': {'combinations': ['8'], 'payouts': [1, 270]}, 'place': {'combinations': ['8', '2', '7'], 'payouts': [560, 370, 380]}, 'quinella': {'combinations': ['2 - 8'], 'payouts': [2, 780]}, 'wide': {'combinations': ['2 - 8', '7 - 8', '2 - 7'], 'payouts': [590, 600, 530]}, 'exacta': {'combinations': ['8 → 2'], 'payouts': [6, 400]}, 'trio': {'combinations': ['2 - 7 - 8'], 'payouts': [3, 790]}, 'trifecta': {'combinations': ['8 → 2 → 7'], 'payouts': [34, 820]}}",7.0,5,5,ロードプレジール,2018102576,牡6,58.0,三浦皇成,96.25,nan,0,,39.1,---,0,0,2024,1,6,5,1,winter,0,,,0.0,,0,,,,,0,0,0.0,,57.5,,-0.5,,1,0,0.0,0,0,0.0,0.0,,short,1.4586028215786855,-0.3115657800358133,0.0,0.14459722299825906,0.0,0.0,0.0,0.0,0.0,0.0,0.0,-0.28347335475692037,0.0,-0.28347335475692037,-0.28347335475692037,1.854383163205606,-0.3909124045711148,0.0,-0.28347335475692037,-0.28347335475692037,-0.41803980857497053,-0.5359422007578724,-0.41803980857497053,-0.5359422007578724
202406010106,2024-01-06,中山,6,一般,"{'win': {'combinations': ['11'], 'payouts': [300]}, 'place': {'combinations': ['11', '6', '2'], 'payouts': [170, 340, 750]}, 'bracket_quinella': {'combinations': ['3 - 6'], 'payouts': [910]}, 'quinella': {'combinations': ['6 - 11'], 'payouts': [1, 500]}, 'wide': {'combinations': ['6 - 11', '2 - 11', '2 - 6'], 'payouts': [610, 1, 620, 5, 510]}, 'exacta': {'combinations': ['11 → 6'], 'payouts': [2, 230]}, 'trio': {'combinations': ['2 - 6 - 11'], 'payouts': [19, 100]}, 'trifecta': {'combinations': ['11 → 6 → 2'], 'payouts': [56, 210]}}",16.0,8,16,サプライズビュー,2018102681,牡6,58.0,ピーヒュ,166.6,大,0,,47.9,78.4,0,0,2024,1,6,5,1,winter,0,,,0.0,,0,,,,,0,0,0.0,,56.75,,-1.25,,1,0,0.0,0,0,0.0,0.0,,short,1.4586028215786855,3.200875987587076,0.0,3.6319612784579425,0.0,0.0,0.0,0.0,0.0,0.0,0.0,-0.28347335475692037,0.0,-0.28347335475692037,-0.28347335475692037,1.1150738955025463,-0.9772810114277872,0.0,-0.28347335475692037,-0.28347335475692037,-0.41803980857497053,-0.5359422007578724,-0.41803980857497053,-0.5359422007578724
202406010108,2024-01-06,中山,8,一般,"{'win': {'combinations': ['8'], 'payouts': [560]}, 'place': {'combinations': ['8', '4', '10'], 'payouts': [230, 1, 50, 1, 730]}, 'bracket_quinella': {'combinations': ['2 - 4'], 'payouts': [4, 130]}, 'quinella': {'combinations': ['4 - 8'], 'payouts': [10, 500]}, 'wide': {'combinations': ['4 - 8', '8 - 10', '4 - 10'], 'payouts': [3, 450, 6, 410, 27, 650]}, 'exacta': {'combinations': ['8 → 4'], 'payouts': [17, 340]}, 'trio': {'combinations': ['4 - 8 - 10'], 'payouts': [176, 980]}, 'trifecta': {'combinations': ['8 → 4 → 10'], 'payouts': [759, 60]}}",8.0,6,12,リキサンハート,2018102813,牝6,56.0,菊沢一樹,116.4,3/4,0,,38.9,67.8,0,0,2024,1,6,5,1,winter,0,,,0.0,,0,,,,,0,0,0.0,,54.375,,-1.625,,1,0,0.0,0,0,0.0,0.0,,short,0.23350301135033932,0.6944854156656969,0.0,0.06533894901053781,0.0,0.0,0.0,0.0,0.0,0.0,0.0,-0.28347335475692037,0.0,-0.28347335475692037,-0.28347335475692037,-1.226072118890476,-1.2704653148561234,0.0,-0.28347335475692037,-0.28347335475692037,-0.41803980857497053,-0.5359422007578724,-0.41803980857497053,-0.5359422007578724
202408010111,2024-01-06,京都,11,一般,"{'win': {'combinations': ['2'], 'payouts': [1, 650]}, 'place': {'combinations': ['2', '11', '4'], 'payouts': [410, 220, 210]}, 'bracket_quinella': {'combinations': ['1 - 6'], 'payouts': [2, 310]}, 'quinella': {'combinations': ['2 - 11'], 'payouts': [4, 720]}, 'wide': {'combinations': ['2 - 11', '2 - 4', '4 - 11'], 'payouts': [1, 540, 1, 200, 720]}, 'exacta': {'combinations': ['2 → 11'], 'payouts': [9, 870]}, 'trio': {'combinations': ['2 - 4 - 11'], 'payouts': [7, 910]}, 'trifecta': {'combinations': ['2 → 11 → 4'], 'payouts': [54, 810]}}",12.0,4,8,サヴァ,2018103223,牡6,56.0,松若風馬,94.9,クビ,0,,36.2,163.0,1,0,2024,1,6,5,1,winter,0,,,0.0,,0,,,,,0,0,0.0,,56.27777777777778,,0.27777777777777857,,1,0,0.0,0,0,0.0,0.0,,short,0.23350301135033932,-0.37896871374286206,0.0,-1.0046477498236819,0.0,0.0,0.0,0.0,0.0,0.0,0.0,-0.28347335475692037,0.0,-0.28347335475692037,-0.28347335475692037,0.6495828750969169,0.21717355809506453,0.0,-0.28347335475692037,-0.28347335475692037,-0.41803980857497053,-0.5359422007578724,-0.41803980857497053,-0.5359422007578724
202406010112,2024-01-06,中山,12,一般,"{'win': {'combinations': ['8'], 'payouts': [1, 790]}, 'place': {'combinations': ['8', '5', '14'], 'payouts': [340, 170, 450]}, 'bracket_quinella': {'combinations': ['3 - 4'], 'payouts': [3, 30]}, 'quinella': {'combinations': ['5 - 8'], 'payouts': [3, 510]}, 'wide': {'combinations': ['5 - 8', '8 - 14', '5 - 14'], 'payouts': [1, 0, 3, 10, 1, 530]}, 'exacta': {'combinations': ['8 → 5'], 'payouts': [9, 900]}, 'trio': {'combinations': ['5 - 8 - 14'], 'payouts': [19, 140]}, 'trifecta': {'combinations': ['8 → 5 → 14'], 'payouts': [121, 500]}}",6.0,7,13,タケルペガサス,2018103278,牡6,58.0,横山武史,114.0,クビ,0,,39.6,2.8,0,0,2024,1,6,5,1,winter,0,,,0.0,,0,,,,,0,0,0.0,,57.125,,-0.875,,1,0,0.0,0,0,0.0,0.0,,short,1.4586028215786855,0.5746579779642761,0.0,0.3427429079675593,0.0,0.0,0.0,0.0,0.0,0.0,0.0,-0.28347335475692037,0.0,-0.28347335475692037,-0.28347335475692037,1.4847285293540762,-0.684096707999451,0.0,-0.28347335475692037,-0.28347335475692037,-0.41803980857497053,-0.5359422007578724,-0.41803980857497053,-0.5359422007578724
202408010110,2024-01-06,京都,10,一般,"{'win': {'combinations': ['4'], 'payouts': [620]}, 'place': {'combinations': ['4', '13', '2'], 'payouts': [210, 210, 520]}, 'bracket_quinella': {'combinations': ['4 - 8'], 'payouts': [1, 340]}, 'quinella': {'combinations': ['4 - 13'], 'payouts': [1, 580]}, 'wide': {'combinations': ['4 - 13', '2 - 4', '2 - 13'], 'payouts': [560, 1, 720, 2, 210]}, 'exacta': {'combinations': ['4 → 13'], 'payouts': [3, 200]}, 'trio': {'combinations': ['2 - 4 - 13'], 'payouts': [10, 850]}, 'trifecta': {'combinations': ['4 → 13 → 2'], 'payouts': [53, 740]}}",6.0,6,8,プリュムドール,2018103499,牝6,54.0,岩田康誠,96.25,1/2,0,,36.5,2.7,1,0,2024,1,6,5,1,winter,0,,,0.0,,0,,,,,0,0,0.0,,54.38461538461539,,0.3846153846153868,,1,0,0.0,0,0,0.0,0.0,,short,-0.9915967988780069,-0.3115657800358133,0.0,-0.8857603388421028,0.0,0.0,0.0,0.0,0.0,0.0,0.0,-0.28347335475692037,0.0,-0.28347335475692037,-0.28347335475692037,-1.2165937949455627,0.30070184967009017,0.0,-0.28347335475692037,-0.28347335475692037,-0.41803980857497053,-0.5359422007578724,-0.41803980857497053,-0.5359422007578724
202455010610,2024-01-06,佐賀,10,一般,"{'win': {'combinations': ['6'], 'payouts': [270]}, 'place': {'combinations': ['6', '5', '8'], 'payouts': [130, 360, 490]}, 'bracket_quinella': {'combinations': ['5 - 6'], 'payouts': [3, 760]}, 'quinella': {'combinations': ['5 - 6'], 'payouts': [3, 200]}, 'wide': {'combinations': ['5 - 6', '6 - 8', '5 - 8'], 'payouts': [890, 1, 470, 8, 500]}, 'exacta': {'combinations': ['6 → 5'], 'payouts': [5, 220]}, 'trio': {'combinations': ['5 - 6 - 8'], 'payouts': [31, 590]}, 'trifecta': {'combinations': ['6 → 5 → 8'], 'payouts': [101, 100]}}",2.0,5,5,ロングサクセション,2018103771,牡6,56.0,石川慎将,91.5,2,0,,40.0,39.0,2,0,2024,1,6,5,1,winter,0,,,0.0,,0,,,,,0,0,0.0,,55.09090909090909,,-0.9090909090909065,,1,0,0.0,1,1,1.0,1.0,,short,0.23350301135033932,-0.5487242504865415,0.0,0.5012594559429989,0.0,0.0,0.0,0.0,0.0,0.0,0.0,-0.28347335475692037,0.0,-0.28347335475692037,-0.28347335475692037,-0.5203678179011892,-0.7107498264929341,0.0,-0.28347335475692037,-0.28347335475692037,2.39211668240122,1.8658728470829629,2.39211668240122,1.8658728470829629
202408010111,2024-01-06,京都,11,一般,"{'win': {'combinations': ['2'], 'payouts': [1, 650]}, 'place': {'combinations': ['2', '11', '4'], 'payouts': [410, 220, 210]}, 'bracket_quinella': {'combinations': ['1 - 6'], 'payouts': [2, 310]}, 'quinella': {'combinations': ['2 - 11'], 'payouts': [4, 720]}, 'wide': {'combinations': ['2 - 11', '2 - 4', '4 - 11'], 'payouts': [1, 540, 1, 200, 720]}, 'exacta': {'combinations': ['2 → 11'], 'payouts': [9, 870]}, 'trio': {'combinations': ['2 - 4 - 11'], 'payouts': [7, 910]}, 'trifecta': {'combinations': ['2 → 11 → 4'], 'payouts': [54, 810]}}",15.0,6,12,ビューティフルデイ,2018103929,牝6,55.0,西村淳也,95.2,3/4,0,,36.5,81.9,1,0,2024,1,6,5,1,winter,0,,,0.0,,0,,,,,0,0,0.0,,56.27777777777778,,1.2777777777777786,,1,0,0.0,0,0,0.0,0.0,,short,-0.3790468937638338,-0.36399028403018463,0.0,-0.8857603388421028,0.0,0.0,0.0,0.0,0.0,0.0,0.0,-0.28347335475692037,0.0,-0.28347335475692037,-0.28347335475692037,0.6495828750969169,0.9989983672372942,0.0,-0.28347335475692037,-0.28347335475692037,-0.41803980857497053,-0.5359422007578724,-0.41803980857497053,-0.5359422007578724
202408010108,2024-01-06,京都,8,一般,"{'win': {'combinations': ['4'], 'payouts': [650]}, 'place': {'combinations': ['4', '16', '9'], 'payouts': [210, 170, 210]}, 'bracket_quinella': {'combinations': ['2 - 8'], 'payouts': [1, 340]}, 'quinella': {'combinations': ['4 - 16'], 'payouts': [1, 810]}, 'wide': {'combinations': ['4 - 16', '4 - 9', '9 - 16'], 'payouts': [790, 680, 600]}, 'exacta': {'combinations': ['4 → 16'], 'payouts': [3, 680]}, 'trio': {'combinations': ['4 - 9 - 16'], 'payouts': [3, 210]}, 'trifecta': {'combinations': ['4 → 16 → 9'], 'payouts': [23, 500]}}",10.0,8,15,スカーレットジンク,2018104333,牡6,58.0,藤岡康太,73.1,1.1/4,0,,37.1,55.2,1,0,2024,1,6,5,1,winter,0,,,0.0,,0,,,,,0,0,0.0,,55.9375,,-2.0625,,1,0,0.0,0,0,0.0,0.0,,short,1.4586028215786855,-1.4674012728640993,0.0,-0.647985516878942,0.0,0.0,0.0,0.0,0.0,0.0,0.0,-0.28347335475692037,0.0,-0.28347335475692037,-0.28347335475692037,0.314155522157565,-1.612513668855849,0.0,-0.28347335475692037,-0.28347335475692037,-0.41803980857497053,-0.5359422007578724,-0.41803980857497053,-0.5359422007578724
202408010112,2024-01-06,京都,12,一般,"{'win': {'combinations': ['1'], 'payouts': [2, 140]}, 'place': {'combinations': ['1', '2', '5'], 'payouts': [500, 280, 170]}, 'bracket_quinella': {'combinations': ['1 - 1'], 'payouts': [11, 260]}, 'quinella': {'combinations': ['1 - 2'], 'payouts': [11, 170]}, 'wide': {'combinations': ['1 - 2', '1 - 5', '2 - 5'], 'payouts': [2, 740, 1, 590, 600]}, 'exacta': {'combinations': ['1 → 2'], 'payouts': [21, 410]}, 'trio': {'combinations': ['1 - 2 - 5'], 'payouts': [13, 410]}, 'trifecta': {'combinations': ['1 → 2 → 5'], 'payouts': [114, 370]}}",5.0,3,6,ヴィトーリア,2018104477,牡6,58.0,富田暁,107.9,ハナ,0,,35.3,86.5,1,0,2024,1,6,5,1,winter,0,,,0.0,,0,,,,,0,0,0.0,,56.76470588235294,,-1.235294117647058,,1,0,0.0,0,0,0.0,0.0,,short,1.4586028215786855,0.27009657380649915,0.0,-1.3613099827684245,0.0,0.0,0.0,0.0,0.0,0.0,0.0,-0.28347335475692037,0.0,-0.28347335475692037,-0.28347335475692037,1.1295701556535875,-0.9657835877639303,0.0,-0.28347335475692037,-0.28347335475692037,-0.41803980857497053,-0.5359422007578724,-0.41803980857497053,-0.5359422007578724
202406010109,2024-01-06,中山,9,一般,"{'win': {'combinations': ['8'], 'payouts': [1, 270]}, 'place': {'combinations': ['8', '2', '7'], 'payouts': [560, 370, 380]}, 'quinella': {'combinations': ['2 - 8'], 'payouts': [2, 780]}, 'wide': {'combinations': ['2 - 8', '7 - 8', '2 - 7'], 'payouts': [590, 600, 530]}, 'exacta': {'combinations': ['8 → 2'], 'payouts': [6, 400]}, 'trio': {'combinations': ['2 - 7 - 8'], 'payouts': [3, 790]}, 'trifecta': {'combinations': ['8 → 2 → 7'], 'payouts': [34, 820]}}",2.0,2,2,ジオフロント,2018104881,牡6,58.0,ピーヒュ,132.0,1.1/2,0,,34.6,5.6,0,0,2024,1,6,5,1,winter,0,,,0.0,,0,,,,,0,0,0.0,,57.5,,-0.5,,1,0,0.0,1,1,1.0,1.0,,short,1.4586028215786855,1.4733637607249301,0.0,-1.6387139417254433,0.0,0.0,0.0,0.0,0.0,0.0,0.0,-0.28347335475692037,0.0,-0.28347335475692037,-0.28347335475692037,1.854383163205606,-0.3909124045711148,0.0,-0.28347335475692037,-0.28347335475692037,2.39211668240122,1.8658728470829629,2.39211668240122,1.8658728470829629
202406010109,2024-01-06,中山,9,一般,"{'win': {'combinations': ['8'], 'payouts': [1, 270]}, 'place': {'combinations': ['8', '2', '7'], 'payouts': [560, 370, 380]}, 'quinella': {'combinations': ['2 - 8'], 'payouts': [2, 780]}, 'wide': {'combinations': ['2 - 8', '7 - 8', '2 - 7'], 'payouts': [590, 600, 530]}, 'exacta': {'combinations': ['8 → 2'], 'payouts': [6, 400]}, 'trio': {'combinations': ['2 - 7 - 8'], 'payouts': [3, 790]}, 'trifecta': {'combinations': ['8 → 2 → 7'], 'payouts': [34, 820]}}",1.0,8,8,アドマイヤハレー,2018104895,牡6,58.0,丹内祐次,131.8,nan,0,,34.9,12.7,0,0,2024,1,6,5,1,winter,0,,,0.0,,1,,,,,0,1,1.0,,57.5,,-0.5,,1,1,1.0,1,1,1.0,1.0,,short,1.4586028215786855,1.463378140916479,0.0,-1.5198265307438643,0.0,0.0,0.0,0.0,0.0,0.0,0.0,3.527668414752787,0.0,3.527668414752787,3.527668414752787,1.854383163205606,-0.3909124045711148,0.0,3.527668414752787,3.527668414752787,2.39211668240122,1.8658728470829629,2.39211668240122,1.8658728470829629
202408010111,2024-01-06,京都,11,一般,"{'win': {'combinations': ['2'], 'payouts': [1, 650]}, 'place': {'combinations': ['2', '11', '4'], 'payouts': [410, 220, 210]}, 'bracket_quinella': {'combinations': ['1 - 6'], 'payouts': [2, 310]}, 'quinella': {'combinations': ['2 - 11'], 'payouts': [4, 720]}, 'wide': {'combinations': ['2 - 11', '2 - 4', '4 - 11'], 'payouts': [1, 540, 1, 200, 720]}, 'exacta': {'combinations': ['2 → 11'], 'payouts': [9, 870]}, 'trio': {'combinations': ['2 - 4 - 11'], 'payouts': [7, 910]}, 'trifecta': {'combinations': ['2 → 11 → 4'], 'payouts': [54, 810]}}",4.0,8,18,アヴェラーレ,2018104910,牝6,56.0,ルメート,94.1,1.1/4,0,,35.6,10.5,1,0,2024,1,6,5,1,winter,0,,,0.0,,0,,,,,0,0,0.0,,56.27777777777778,,0.27777777777777857,,1,0,0.0,0,0,0.0,0.0,,short,0.23350301135033932,-0.41891119297666946,0.0,-1.2424225717868427,0.0,0.0,0.0,0.0,0.0,0.0,0.0,-0.28347335475692037,0.0,-0.28347335475692037,-0.28347335475692037,0.6495828750969169,0.21717355809506453,0.0,-0.28347335475692037,-0.28347335475692037,-0.41803980857497053,-0.5359422007578724,-0.41803980857497053,-0.5359422007578724
202406010111,2024-01-06,中山,11,一般,"{'win': {'combinations': ['3'], 'payouts': [780]}, 'place': {'combinations': ['3', '7', '15'], 'payouts': [270, 400, 340]}, 'bracket_quinella': {'combinations': ['2 - 4'], 'payouts': [570]}, 'quinella': {'combinations': ['3 - 7'], 'payouts': [4, 820]}, 'wide': {'combinations': ['3 - 7', '3 - 15', '7 - 15'], 'payouts': [1, 450, 1, 310, 1, 870]}, 'exacta': {'combinations': ['3 → 7'], 'payouts': [8, 30]}, 'trio': {'combinations': ['3 - 7 - 15'], 'payouts': [12, 230]}, 'trifecta': {'combinations': ['3 → 7 → 15'], 'payouts': [65, 470]}}",2.0,4,7,ククナ,2018105008,牝6,54.0,戸崎圭太,119.0,1/2,0,,34.1,15.4,0,0,2024,1,6,5,1,winter,0,,,0.0,,0,,,,,0,0,0.0,,55.970588235294116,,1.970588235294116,,1,0,0.0,1,1,1.0,1.0,,short,-0.9915967988780069,0.8242984731755688,0.0,-1.8368596266947435,0.0,0.0,0.0,0.0,0.0,0.0,0.0,-0.28347335475692037,0.0,-0.28347335475692037,-0.28347335475692037,0.3467721074974042,1.5406547709567455,0.0,-0.28347335475692037,-0.28347335475692037,2.39211668240122,1.8658728470829629,2.39211668240122,1.8658728470829629
202408010111,2024-01-06,京都,11,一般,"{'win': {'combinations': ['2'], 'payouts': [1, 650]}, 'place': {'combinations': ['2', '11', '4'], 'payouts': [410, 220, 210]}, 'bracket_quinella': {'combinations': ['1 - 6'], 'payouts': [2, 310]}, 'quinella': {'combinations': ['2 - 11'], 'payouts': [4, 720]}, 'wide': {'combinations': ['2 - 11', '2 - 4', '4 - 11'], 'payouts': [1, 540, 1, 200, 720]}, 'exacta': {'combinations': ['2 → 11'], 'payouts': [9, 870]}, 'trio': {'combinations': ['2 - 4 - 11'], 'payouts': [7, 910]}, 'trifecta': {'combinations': ['2 → 11 → 4'], 'payouts': [54, 810]}}",10.0,5,10,アンドヴァラナウト,2018105020,牝6,55.5,武豊,94.8,クビ,0,,35.7,18.0,1,0,2024,1,6,5,1,winter,0,,,0.0,,0,,,,,0,0,0.0,,56.27777777777778,,0.7777777777777786,,1,0,0.0,0,0,0.0,0.0,,short,-0.07277194120674725,-0.38396152364708835,0.0,-1.202793434792982,0.0,0.0,0.0,0.0,0.0,0.0,0.0,-0.28347335475692037,0.0,-0.28347335475692037,-0.28347335475692037,0.6495828750969169,0.6080859626661794,0.0,-0.28347335475692037,-0.28347335475692037,-0.41803980857497053,-0.5359422007578724,-0.41803980857497053,-0.5359422007578724
202455010612,2024-01-06,佐賀,12,一般,"{'win': {'combinations': ['3'], 'payouts': [110]}, 'place': {'combinations': ['3', '4', '11'], 'payouts': [110, 170, 300]}, 'bracket_quinella': {'combinations': ['3 - 4'], 'payouts': [320]}, 'quinella': {'combinations': ['3 - 4'], 'payouts': [260]}, 'wide': {'combinations': ['3 - 4', '3 - 11', '4 - 11'], 'payouts': [190, 470, 890]}, 'exacta': {'combinations': ['3 → 4'], 'payouts': [330]}, 'trio': {'combinations': ['3 - 4 - 11'], 'payouts': [1, 170]}, 'trifecta': {'combinations': ['3 → 4 → 11'], 'payouts': [2, 0]}}",8.0,2,2,ミッキートレーゼ,2018105062,セ6,56.0,川島拓,94.4,2,0,,41.6,204.7,2,0,2024,1,6,5,1,winter,0,,,0.0,,0,,,,,0,0,0.0,,54.90909090909091,,-1.0909090909090935,,1,0,0.0,0,0,0.0,0.0,,short,0.23350301135033932,-0.40393276326399136,0.0,1.1353256478447604,0.0,0.0,0.0,0.0,0.0,0.0,0.0,-0.28347335475692037,0.0,-0.28347335475692037,-0.28347335475692037,-0.69959430704133,-0.8528997917915254,0.0,-0.28347335475692037,-0.28347335475692037,-0.41803980857497053,-0.5359422007578724,-0.41803980857497053,-0.5359422007578724
202408010110,2024-01-06,京都,10,一般,"{'win': {'combinations': ['4'], 'payouts': [620]}, 'place': {'combinations': ['4', '13', '2'], 'payouts': [210, 210, 520]}, 'bracket_quinella': {'combinations': ['4 - 8'], 'payouts': [1, 340]}, 'quinella': {'combinations': ['4 - 13'], 'payouts': [1, 580]}, 'wide': {'combinations': ['4 - 13', '2 - 4', '2 - 13'], 'payouts': [560, 1, 720, 2, 210]}, 'exacta': {'combinations': ['4 → 13'], 'payouts': [3, 200]}, 'trio': {'combinations': ['2 - 4 - 13'], 'payouts': [10, 850]}, 'trifecta': {'combinations': ['4 → 13 → 2'], 'payouts': [53, 740]}}",5.0,5,7,ワンダフルタウン,2018105074,牡6,57.0,藤岡康太,96.25,1/2,0,,36.7,45.8,1,0,2024,1,6,5,1,winter,0,,,0.0,,0,,,,,0,0,0.0,,54.38461538461539,,-2.615384615384613,,1,0,0.0,0,0,0.0,0.0,,short,0.8460529164645124,-0.3115657800358133,0.0,-0.8065020648543816,0.0,0.0,0.0,0.0,0.0,0.0,0.0,-0.28347335475692037,0.0,-0.28347335475692037,-0.28347335475692037,-1.2165937949455627,-2.044772577756599,0.0,-0.28347335475692037,-0.28347335475692037,-0.41803980857497053,-0.5359422007578724,-0.41803980857497053,-0.5359422007578724
202406010109,2024-01-06,中山,9,一般,"{'win': {'combinations': ['8'], 'payouts': [1, 270]}, 'place': {'combinations': ['8', '2', '7'], 'payouts': [560, 370, 380]}, 'quinella': {'combinations': ['2 - 8'], 'payouts': [2, 780]}, 'wide': {'combinations': ['2 - 8', '7 - 8', '2 - 7'], 'payouts': [590, 600, 530]}, 'exacta': {'combinations': ['8 → 2'], 'payouts': [6, 400]}, 'trio': {'combinations': ['2 - 7 - 8'], 'payouts': [3, 790]}, 'trifecta': {'combinations': ['8 → 2 → 7'], 'payouts': [34, 820]}}",5.0,1,1,ビューティーウェイ,2018105115,牝6,56.0,菅原明良,132.2,クビ,0,,34.0,6.7,0,0,2024,1,6,5,1,winter,0,,,0.0,,0,,,,,0,0,0.0,,57.5,,1.5,,1,0,0.0,0,0,0.0,0.0,,short,0.23350301135033932,1.4833493805333813,0.0,-1.876488763688604,0.0,0.0,0.0,0.0,0.0,0.0,0.0,-0.28347335475692037,0.0,-0.28347335475692037,-0.28347335475692037,1.854383163205606,1.1727372137133447,0.0,-0.28347335475692037,-0.28347335475692037,-0.41803980857497053,-0.5359422007578724,-0.41803980857497053,-0.5359422007578724
202408010110,2024-01-06,京都,10,一般,"{'win': {'combinations': ['4'], 'payouts': [620]}, 'place': {'combinations': ['4', '13', '2'], 'payouts': [210, 210, 520]}, 'bracket_quinella': {'combinations': ['4 - 8'], 'payouts': [1, 340]}, 'quinella': {'combinations': ['4 - 13'], 'payouts': [1, 580]}, 'wide': {'combinations': ['4 - 13', '2 - 4', '2 - 13'], 'payouts': [560, 1, 720, 2, 210]}, 'exacta': {'combinations': ['4 → 13'], 'payouts': [3, 200]}, 'trio': {'combinations': ['2 - 4 - 13'], 'payouts': [10, 850]}, 'trifecta': {'combinations': ['4 → 13 → 2'], 'payouts': [53, 740]}}",9.0,7,11,セファーラジエル,2018105131,牡6,56.0,ルメート,96.25,ハナ,0,,37.2,9.5,1,0,2024,1,6,5,1,winter,0,,,0.0,,0,,,,,0,0,0.0,,54.38461538461539,,-1.6153846153846132,,1,0,0.0,0,0,0.0,0.0,,short,0.23350301135033932,-0.3115657800358133,0.0,-0.6083563798850814,0.0,0.0,0.0,0.0,0.0,0.0,0.0,-0.28347335475692037,0.0,-0.28347335475692037,-0.28347335475692037,-1.2165937949455627,-1.2629477686143695,0.0,-0.28347335475692037,-0.28347335475692037,-0.41803980857497053,-0.5359422007578724,-0.41803980857497053,-0.5359422007578724
202408010109,2024-01-06,京都,9,一般,"{'win': {'combinations': ['6'], 'payouts': [370]}, 'place': {'combinations': ['6', '1', '5'], 'payouts': [150, 190, 250]}, 'bracket_quinella': {'combinations': ['1 - 5'], 'payouts': [740]}, 'quinella': {'combinations': ['1 - 6'], 'payouts': [920]}, 'wide': {'combinations': ['1 - 6', '5 - 6', '1 - 5'], 'payouts': [420, 550, 740]}, 'exacta': {'combinations': ['6 → 1'], 'payouts': [1, 790]}, 'trio': {'combinations': ['1 - 5 - 6'], 'payouts': [2, 180]}, 'trifecta': {'combinations': ['6 → 1 → 5'], 'payouts': [11, 490]}}",12.0,8,12,ブレーヴジャッカル,2018105187,セ6,58.0,浜中俊,86.2,3/4,0,,39.2,17.2,1,0,2024,1,6,5,1,winter,0,,,0.0,,0,,,,,0,0,0.0,,57.666666666666664,,-0.3333333333333357,,1,0,0.0,0,0,0.0,0.0,,short,1.4586028215786855,-0.8133431754105116,0.0,0.18422635999211967,0.0,0.0,0.0,0.0,0.0,0.0,0.0,-0.28347335475692037,0.0,-0.28347335475692037,-0.28347335475692037,2.0186741115840614,-0.26060826971407836,0.0,-0.28347335475692037,-0.28347335475692037,-0.41803980857497053,-0.5359422007578724,-0.41803980857497053,-0.5359422007578724
202406010111,2024-01-06,中山,11,一般,"{'win': {'combinations': ['3'], 'payouts': [780]}, 'place': {'combinations': ['3', '7', '15'], 'payouts': [270, 400, 340]}, 'bracket_quinella': {'combinations': ['2 - 4'], 'payouts': [570]}, 'quinella': {'combinations': ['3 - 7'], 'payouts': [4, 820]}, 'wide': {'combinations': ['3 - 7', '3 - 15', '7 - 15'], 'payouts': [1, 450, 1, 310, 1, 870]}, 'exacta': {'combinations': ['3 → 7'], 'payouts': [8, 30]}, 'trio': {'combinations': ['3 - 7 - 15'], 'payouts': [12, 230]}, 'trifecta': {'combinations': ['3 → 7 → 15'], 'payouts': [65, 470]}}",5.0,6,12,ホウオウアマゾン,2018105192,牡6,58.0,横山武史,119.3,1/2,0,,35.1,113.8,0,0,2024,1,6,5,1,winter,0,,,0.0,,0,,,,,0,0,0.0,,55.970588235294116,,-2.029411764705884,,1,0,0.0,0,0,0.0,0.0,,short,1.4586028215786855,0.8392769028882463,0.0,-1.440568256756143,0.0,0.0,0.0,0.0,0.0,0.0,0.0,-0.28347335475692037,0.0,-0.28347335475692037,-0.28347335475692037,0.3467721074974042,-1.5866444656121734,0.0,-0.28347335475692037,-0.28347335475692037,-0.41803980857497053,-0.5359422007578724,-0.41803980857497053,-0.5359422007578724
202406010112,2024-01-06,中山,12,一般,"{'win': {'combinations': ['8'], 'payouts': [1, 790]}, 'place': {'combinations': ['8', '5', '14'], 'payouts': [340, 170, 450]}, 'bracket_quinella': {'combinations': ['3 - 4'], 'payouts': [3, 30]}, 'quinella': {'combinations': ['5 - 8'], 'payouts': [3, 510]}, 'wide': {'combinations': ['5 - 8', '8 - 14', '5 - 14'], 'payouts': [1, 0, 3, 10, 1, 530]}, 'exacta': {'combinations': ['8 → 5'], 'payouts': [9, 900]}, 'trio': {'combinations': ['5 - 8 - 14'], 'payouts': [19, 140]}, 'trifecta': {'combinations': ['8 → 5 → 14'], 'payouts': [121, 500]}}",11.0,1,1,セラフィナイト,2018105237,牡6,58.0,荻野極,114.6,1/2,0,,39.8,15.1,0,0,2024,1,6,5,1,winter,0,,,0.0,,0,,,,,0,0,0.0,,57.125,,-0.875,,1,0,0.0,0,0,0.0,0.0,,short,1.4586028215786855,0.604614837389631,0.0,0.4220011819552777,0.0,0.0,0.0,0.0,0.0,0.0,0.0,-0.28347335475692037,0.0,-0.28347335475692037,-0.28347335475692037,1.4847285293540762,-0.684096707999451,0.0,-0.28347335475692037,-0.28347335475692037,-0.41803980857497053,-0.5359422007578724,-0.41803980857497053,-0.5359422007578724
202406010106,2024-01-06,中山,6,一般,"{'win': {'combinations': ['11'], 'payouts': [300]}, 'place': {'combinations': ['11', '6', '2'], 'payouts': [170, 340, 750]}, 'bracket_quinella': {'combinations': ['3 - 6'], 'payouts': [910]}, 'quinella': {'combinations': ['6 - 11'], 'payouts': [1, 500]}, 'wide': {'combinations': ['6 - 11', '2 - 11', '2 - 6'], 'payouts': [610, 1, 620, 5, 510]}, 'exacta': {'combinations': ['11 → 6'], 'payouts': [2, 230]}, 'trio': {'combinations': ['2 - 6 - 11'], 'payouts': [19, 100]}, 'trifecta': {'combinations': ['11 → 6 → 2'], 'payouts': [56, 210]}}",12.0,5,10,サトノバトラー,2018105256,セ6,58.0,キング,159.1,2.1/2,0,,41.7,9.2,0,0,2024,1,6,5,1,winter,0,,,0.0,,0,,,,,0,0,0.0,,56.75,,-1.25,,1,0,0.0,0,0,0.0,0.0,,short,1.4586028215786855,2.8264152447701365,0.0,1.174954784838621,0.0,0.0,0.0,0.0,0.0,0.0,0.0,-0.28347335475692037,0.0,-0.28347335475692037,-0.28347335475692037,1.1150738955025463,-0.9772810114277872,0.0,-0.28347335475692037,-0.28347335475692037,-0.41803980857497053,-0.5359422007578724,-0.41803980857497053,-0.5359422007578724
202408010110,2024-01-06,京都,10,一般,"{'win': {'combinations': ['4'], 'payouts': [620]}, 'place': {'combinations': ['4', '13', '2'], 'payouts': [210, 210, 520]}, 'bracket_quinella': {'combinations': ['4 - 8'], 'payouts': [1, 340]}, 'quinella': {'combinations': ['4 - 13'], 'payouts': [1, 580]}, 'wide': {'combinations': ['4 - 13', '2 - 4', '2 - 13'], 'payouts': [560, 1, 720, 2, 210]}, 'exacta': {'combinations': ['4 → 13'], 'payouts': [3, 200]}, 'trio': {'combinations': ['2 - 4 - 13'], 'payouts': [10, 850]}, 'trifecta': {'combinations': ['4 → 13 → 2'], 'payouts': [53, 740]}}",4.0,6,9,ジャンカズマ,2018105308,牡6,54.0,小沢大仁,96.25,クビ,0,,37.4,53.2,1,0,2024,1,6,5,1,winter,0,,,0.0,,0,,,,,0,0,0.0,,54.38461538461539,,0.3846153846153868,,1,0,0.0,0,0,0.0,0.0,,short,-0.9915967988780069,-0.3115657800358133,0.0,-0.529098105897363,0.0,0.0,0.0,0.0,0.0,0.0,0.0,-0.28347335475692037,0.0,-0.28347335475692037,-0.28347335475692037,-1.2165937949455627,0.30070184967009017,0.0,-0.28347335475692037,-0.28347335475692037,-0.41803980857497053,-0.5359422007578724,-0.41803980857497053,-0.5359422007578724
202455010602,2024-01-06,佐賀,2,一般,"{'win': {'combinations': ['11'], 'payouts': [150]}, 'place': {'combinations': ['11', '8', '5'], 'payouts': [180, 250, 2, 0]}, 'bracket_quinella': {'combinations': ['7 - 8'], 'payouts': [870]}, 'quinella': {'combinations': ['8 - 11'], 'payouts': [810]}, 'wide': {'combinations': ['8 - 11', '5 - 11', '5 - 8'], 'payouts': [430, 2, 380, 4, 670]}, 'exacta': {'combinations': ['11 → 8'], 'payouts': [980]}, 'trio': {'combinations': ['5 - 8 - 11'], 'payouts': [11, 860]}, 'trifecta': {'combinations': ['11 → 8 → 5'], 'payouts': [28, 710]}}",4.0,6,6,メルカデオ,2018105463,牡6,56.0,魚住謙心,94.2,1.1/2,0,,41.1,85.2,2,0,2024,1,6,5,1,winter,0,,,0.0,,0,,,,,0,0,0.0,,55.0,,-1.0,,1,0,0.0,0,0,0.0,0.0,,short,0.23350301135033932,-0.4139183830724432,0.0,0.93717996287546,0.0,0.0,0.0,0.0,0.0,0.0,0.0,-0.28347335475692037,0.0,-0.28347335475692037,-0.28347335475692037,-0.6099810624712596,-0.7818248091422297,0.0,-0.28347335475692037,-0.28347335475692037,-0.41803980857497053,-0.5359422007578724,-0.41803980857497053,-0.5359422007578724
202408010111,2024-01-06,京都,11,一般,"{'win': {'combinations': ['2'], 'payouts': [1, 650]}, 'place': {'combinations': ['2', '11', '4'], 'payouts': [410, 220, 210]}, 'bracket_quinella': {'combinations': ['1 - 6'], 'payouts': [2, 310]}, 'quinella': {'combinations': ['2 - 11'], 'payouts': [4, 720]}, 'wide': {'combinations': ['2 - 11', '2 - 4', '4 - 11'], 'payouts': [1, 540, 1, 200, 720]}, 'exacta': {'combinations': ['2 → 11'], 'payouts': [9, 870]}, 'trio': {'combinations': ['2 - 4 - 11'], 'payouts': [7, 910]}, 'trifecta': {'combinations': ['2 → 11 → 4'], 'payouts': [54, 810]}}",6.0,1,1,メイショウシンタケ,2018106318,牡6,57.0,浜中俊,94.4,3/4,0,,35.7,11.5,1,0,2024,1,6,5,1,winter,0,,,0.0,,0,,,,,0,0,0.0,,56.27777777777778,,-0.7222222222222214,,1,0,0.0,0,0,0.0,0.0,,short,0.8460529164645124,-0.40393276326399136,0.0,-1.202793434792982,0.0,0.0,0.0,0.0,0.0,0.0,0.0,-0.28347335475692037,0.0,-0.28347335475692037,-0.28347335475692037,0.6495828750969169,-0.5646512510471653,0.0,-0.28347335475692037,-0.28347335475692037,-0.41803980857497053,-0.5359422007578724,-0.41803980857497053,-0.5359422007578724
202408010109,2024-01-06,京都,9,一般,"{'win': {'combinations': ['6'], 'payouts': [370]}, 'place': {'combinations': ['6', '1', '5'], 'payouts': [150, 190, 250]}, 'bracket_quinella': {'combinations': ['1 - 5'], 'payouts': [740]}, 'quinella': {'combinations': ['1 - 6'], 'payouts': [920]}, 'wide': {'combinations': ['1 - 6', '5 - 6', '1 - 5'], 'payouts': [420, 550, 740]}, 'exacta': {'combinations': ['6 → 1'], 'payouts': [1, 790]}, 'trio': {'combinations': ['1 - 5 - 6'], 'payouts': [2, 180]}, 'trifecta': {'combinations': ['6 → 1 → 5'], 'payouts': [11, 490]}}",5.0,2,2,メイショウヒューマ,2018106560,牡6,58.0,藤岡康太,84.2,ハナ,0,,36.9,32.4,1,0,2024,1,6,5,1,winter,0,,,0.0,,0,,,,,0,0,0.0,,57.666666666666664,,-0.3333333333333357,,1,0,0.0,0,0,0.0,0.0,,short,1.4586028215786855,-0.9131993734950288,0.0,-0.7272437908666632,0.0,0.0,0.0,0.0,0.0,0.0,0.0,-0.28347335475692037,0.0,-0.28347335475692037,-0.28347335475692037,2.0186741115840614,-0.26060826971407836,0.0,-0.28347335475692037,-0.28347335475692037,-0.41803980857497053,-0.5359422007578724,-0.41803980857497053,-0.5359422007578724
202455010612,2024-01-06,佐賀,12,一般,"{'win': {'combinations': ['3'], 'payouts': [110]}, 'place': {'combinations': ['3', '4', '11'], 'payouts': [110, 170, 300]}, 'bracket_quinella': {'combinations': ['3 - 4'], 'payouts': [320]}, 'quinella': {'combinations': ['3 - 4'], 'payouts': [260]}, 'wide': {'combinations': ['3 - 4', '3 - 11', '4 - 11'], 'payouts': [190, 470, 890]}, 'exacta': {'combinations': ['3 → 4'], 'payouts': [330]}, 'trio': {'combinations': ['3 - 4 - 11'], 'payouts': [1, 170]}, 'trifecta': {'combinations': ['3 → 4 → 11'], 'payouts': [2, 0]}}",11.0,7,8,マハロマヤ,2019100085,牝5,54.0,竹吉徹,97.5,6,0,,45.2,208.4,2,0,2024,1,6,5,1,winter,0,,,0.0,,0,,,,,0,0,0.0,,54.90909090909091,,0.9090909090909065,,1,0,0.0,0,0,0.0,0.0,,short,-0.9915967988780069,-0.2491556562329901,0.0,2.5619745796237225,0.0,0.0,0.0,0.0,0.0,0.0,0.0,-0.28347335475692037,0.0,-0.28347335475692037,-0.28347335475692037,-0.69959430704133,0.7107498264929343,0.0,-0.28347335475692037,-0.28347335475692037,-0.41803980857497053,-0.5359422007578724,-0.41803980857497053,-0.5359422007578724
202455010612,2024-01-06,佐賀,12,一般,"{'win': {'combinations': ['3'], 'payouts': [110]}, 'place': {'combinations': ['3', '4', '11'], 'payouts': [110, 170, 300]}, 'bracket_quinella': {'combinations': ['3 - 4'], 'payouts': [320]}, 'quinella': {'combinations': ['3 - 4'], 'payouts': [260]}, 'wide': {'combinations': ['3 - 4', '3 - 11', '4 - 11'], 'payouts': [190, 470, 890]}, 'exacta': {'combinations': ['3 → 4'], 'payouts': [330]}, 'trio': {'combinations': ['3 - 4 - 11'], 'payouts': [1, 170]}, 'trifecta': {'combinations': ['3 → 4 → 11'], 'payouts': [2, 0]}}",10.0,6,6,ベラジオホンテン,2019100239,セ5,56.0,山田義貴,96.4,1.1/2,0,,44.2,166.1,2,0,2024,1,6,5,1,winter,0,,,0.0,,0,,,,,0,0,0.0,,54.90909090909091,,-1.0909090909090935,,1,0,0.0,0,0,0.0,0.0,,short,0.23350301135033932,-0.30407656517947423,0.0,2.165683209685122,0.0,0.0,0.0,0.0,0.0,0.0,0.0,-0.28347335475692037,0.0,-0.28347335475692037,-0.28347335475692037,-0.69959430704133,-0.8528997917915254,0.0,-0.28347335475692037,-0.28347335475692037,-0.41803980857497053,-0.5359422007578724,-0.41803980857497053,-0.5359422007578724
202406010106,2024-01-06,中山,6,一般,"{'win': {'combinations': ['11'], 'payouts': [300]}, 'place': {'combinations': ['11', '6', '2'], 'payouts': [170, 340, 750]}, 'bracket_quinella': {'combinations': ['3 - 6'], 'payouts': [910]}, 'quinella': {'combinations': ['6 - 11'], 'payouts': [1, 500]}, 'wide': {'combinations': ['6 - 11', '2 - 11', '2 - 6'], 'payouts': [610, 1, 620, 5, 510]}, 'exacta': {'combinations': ['11 → 6'], 'payouts': [2, 230]}, 'trio': {'combinations': ['2 - 6 - 11'], 'payouts': [19, 100]}, 'trifecta': {'combinations': ['11 → 6 → 2'], 'payouts': [56, 210]}}",4.0,6,12,キガサ,2019100275,牝5,56.0,柴田大知,157.7,3,0,,39.0,39.1,0,0,2024,1,6,5,1,winter,0,,,0.0,,0,,,,,0,0,0.0,,56.75,,0.75,,1,0,0.0,0,0,0.0,0.0,,short,0.23350301135033932,2.7565159061109745,0.0,0.10496808600439843,0.0,0.0,0.0,0.0,0.0,0.0,0.0,-0.28347335475692037,0.0,-0.28347335475692037,-0.28347335475692037,1.1150738955025463,0.5863686068566725,0.0,-0.28347335475692037,-0.28347335475692037,-0.41803980857497053,-0.5359422007578724,-0.41803980857497053,-0.5359422007578724
202408010107,2024-01-06,京都,7,一般,"{'win': {'combinations': ['7'], 'payouts': [250]}, 'place': {'combinations': ['7', '10', '11'], 'payouts': [130, 220, 270]}, 'bracket_quinella': {'combinations': ['6 - 8'], 'payouts': [540]}, 'quinella': {'combinations': ['7 - 10'], 'payouts': [1, 70]}, 'wide': {'combinations': ['7 - 10', '7 - 11', '10 - 11'], 'payouts': [460, 520, 1, 140]}, 'exacta': {'combinations': ['7 → 10'], 'payouts': [1, 580]}, 'trio': {'combinations': ['7 - 10 - 11'], 'payouts': [2, 980]}, 'trifecta': {'combinations': ['7 → 10 → 11'], 'payouts': [9, 670]}}",6.0,2,2,ブライトホルン,2019100617,牡5,58.0,武豊,113.7,2.1/2,0,,38.3,4.4,1,0,2024,1,6,5,1,winter,0,,,0.0,,0,,,,,0,0,0.0,,57.0,,-1.0,,1,0,0.0,0,0,0.0,0.0,,short,1.4586028215786855,0.5596795482515986,0.0,-0.17243587295262305,0.0,0.0,0.0,0.0,0.0,0.0,0.0,-0.28347335475692037,0.0,-0.28347335475692037,-0.28347335475692037,1.3615103180702328,-0.7818248091422297,0.0,-0.28347335475692037,-0.28347335475692037,-0.41803980857497053,-0.5359422007578724,-0.41803980857497053,-0.5359422007578724
202408010109,2024-01-06,京都,9,一般,"{'win': {'combinations': ['6'], 'payouts': [370]}, 'place': {'combinations': ['6', '1', '5'], 'payouts': [150, 190, 250]}, 'bracket_quinella': {'combinations': ['1 - 5'], 'payouts': [740]}, 'quinella': {'combinations': ['1 - 6'], 'payouts': [920]}, 'wide': {'combinations': ['1 - 6', '5 - 6', '1 - 5'], 'payouts': [420, 550, 740]}, 'exacta': {'combinations': ['6 → 1'], 'payouts': [1, 790]}, 'trio': {'combinations': ['1 - 5 - 6'], 'payouts': [2, 180]}, 'trifecta': {'combinations': ['6 → 1 → 5'], 'payouts': [11, 490]}}",3.0,5,5,フォーチュンテラー,2019100631,牡5,58.0,鮫島克駿,84.2,3.1/2,0,,36.7,12.8,1,0,2024,1,6,5,1,winter,0,,,0.0,,0,,,,,0,0,0.0,,57.666666666666664,,-0.3333333333333357,,1,0,0.0,0,1,0.0,1.0,,short,1.4586028215786855,-0.9131993734950288,0.0,-0.8065020648543816,0.0,0.0,0.0,0.0,0.0,0.0,0.0,-0.28347335475692037,0.0,-0.28347335475692037,-0.28347335475692037,2.0186741115840614,-0.26060826971407836,0.0,-0.28347335475692037,-0.28347335475692037,-0.41803980857497053,1.8658728470829629,-0.41803980857497053,1.8658728470829629
202406010109,2024-01-06,中山,9,一般,"{'win': {'combinations': ['8'], 'payouts': [1, 270]}, 'place': {'combinations': ['8', '2', '7'], 'payouts': [560, 370, 380]}, 'quinella': {'combinations': ['2 - 8'], 'payouts': [2, 780]}, 'wide': {'combinations': ['2 - 8', '7 - 8', '2 - 7'], 'payouts': [590, 600, 530]}, 'exacta': {'combinations': ['8 → 2'], 'payouts': [6, 400]}, 'trio': {'combinations': ['2 - 7 - 8'], 'payouts': [3, 790]}, 'trifecta': {'combinations': ['8 → 2 → 7'], 'payouts': [34, 820]}}",3.0,7,7,サンセットクラウド,2019100668,牡5,58.0,横山武史,132.1,クビ,0,,34.2,6.7,0,0,2024,1,6,5,1,winter,0,,,0.0,,0,,,,,0,0,0.0,,57.5,,-0.5,,1,0,0.0,0,1,0.0,1.0,,short,1.4586028215786855,1.4783565706291557,0.0,-1.7972304897008828,0.0,0.0,0.0,0.0,0.0,0.0,0.0,-0.28347335475692037,0.0,-0.28347335475692037,-0.28347335475692037,1.854383163205606,-0.3909124045711148,0.0,-0.28347335475692037,-0.28347335475692037,-0.41803980857497053,1.8658728470829629,-0.41803980857497053,1.8658728470829629
202455010603,2024-01-06,佐賀,3,一般,"{'win': {'combinations': ['7'], 'payouts': [120]}, 'place': {'combinations': ['7', '10', '8'], 'payouts': [100, 100, 140]}, 'bracket_quinella': {'combinations': ['6 - 7'], 'payouts': [140]}, 'quinella': {'combinations': ['7 - 10'], 'payouts': [170]}, 'wide': {'combinations': ['7 - 10', '7 - 8', '8 - 10'], 'payouts': [150, 210, 340]}, 'exacta': {'combinations': ['7 → 10'], 'payouts': [260]}, 'trio': {'combinations': ['7 - 8 - 10'], 'payouts': [360]}, 'trifecta': {'combinations': ['7 → 10 → 8'], 'payouts': [700]}}",4.0,8,12,シングンカテリーナ,2019100719,牝5,51.0,青海大樹,94.2,4,0,,41.3,148.7,2,0,2024,1,6,5,1,winter,0,,,0.0,,0,,,,,0,0,0.0,,54.166666666666664,,3.1666666666666643,,1,0,0.0,0,0,0.0,0.0,,short,-2.829246514220526,-0.4139183830724432,0.0,1.0164382368631786,0.0,0.0,0.0,0.0,0.0,0.0,0.0,-0.28347335475692037,0.0,-0.28347335475692037,-0.28347335475692037,-1.4314358043635504,2.475778562283726,0.0,-0.28347335475692037,-0.28347335475692037,-0.41803980857497053,-0.5359422007578724,-0.41803980857497053,-0.5359422007578724
202455010610,2024-01-06,佐賀,10,一般,"{'win': {'combinations': ['6'], 'payouts': [270]}, 'place': {'combinations': ['6', '5', '8'], 'payouts': [130, 360, 490]}, 'bracket_quinella': {'combinations': ['5 - 6'], 'payouts': [3, 760]}, 'quinella': {'combinations': ['5 - 6'], 'payouts': [3, 200]}, 'wide': {'combinations': ['5 - 6', '6 - 8', '5 - 8'], 'payouts': [890, 1, 470, 8, 500]}, 'exacta': {'combinations': ['6 → 5'], 'payouts': [5, 220]}, 'trio': {'combinations': ['5 - 6 - 8'], 'payouts': [31, 590]}, 'trifecta': {'combinations': ['6 → 5 → 8'], 'payouts': [101, 100]}}",7.0,2,2,リネンファイト,2019100731,牝5,54.0,小松丈二,92.7,1.1/2,0,,39.7,38.8,2,0,2024,1,6,5,1,winter,0,,,0.0,,0,,,,,0,0,0.0,,55.09090909090909,,1.0909090909090935,,1,0,0.0,0,0,0.0,0.0,,short,-0.9915967988780069,-0.48881053163583105,0.0,0.3823720449614199,0.0,0.0,0.0,0.0,0.0,0.0,0.0,-0.28347335475692037,0.0,-0.28347335475692037,-0.28347335475692037,-0.5203678179011892,0.8528997917915254,0.0,-0.28347335475692037,-0.28347335475692037,-0.41803980857497053,-0.5359422007578724,-0.41803980857497053,-0.5359422007578724
202406010111,2024-01-06,中山,11,一般,"{'win': {'combinations': ['3'], 'payouts': [780]}, 'place': {'combinations': ['3', '7', '15'], 'payouts': [270, 400, 340]}, 'bracket_quinella': {'combinations': ['2 - 4'], 'payouts': [570]}, 'quinella': {'combinations': ['3 - 7'], 'payouts': [4, 820]}, 'wide': {'combinations': ['3 - 7', '3 - 15', '7 - 15'], 'payouts': [1, 450, 1, 310, 1, 870]}, 'exacta': {'combinations': ['3 → 7'], 'payouts': [8, 30]}, 'trio': {'combinations': ['3 - 7 - 15'], 'payouts': [12, 230]}, 'trifecta': {'combinations': ['3 → 7 → 15'], 'payouts': [65, 470]}}",3.0,8,15,マイネルクリソーラ,2019100792,牡5,55.0,Ｍ．デム,119.1,クビ,0,,34.6,11.1,0,0,2024,1,6,5,1,winter,0,,,0.0,,0,,,,,0,0,0.0,,55.970588235294116,,0.970588235294116,,1,0,0.0,0,1,0.0,1.0,,short,-0.3790468937638338,0.8292912830797944,0.0,-1.6387139417254433,0.0,0.0,0.0,0.0,0.0,0.0,0.0,-0.28347335475692037,0.0,-0.28347335475692037,-0.28347335475692037,0.3467721074974042,0.7588299618145159,0.0,-0.28347335475692037,-0.28347335475692037,-0.41803980857497053,1.8658728470829629,-0.41803980857497053,1.8658728470829629
202455010609,2024-01-06,佐賀,9,一般,"{'win': {'combinations': ['5'], 'payouts': [120]}, 'place': {'combinations': ['5', '10', '8'], 'payouts': [100, 110, 140]}, 'bracket_quinella': {'combinations': ['5 - 8'], 'payouts': [150]}, 'quinella': {'combinations': ['5 - 10'], 'payouts': [200]}, 'wide': {'combinations': ['5 - 10', '5 - 8', '8 - 10'], 'payouts': [120, 230, 230]}, 'exacta': {'combinations': ['5 → 10'], 'payouts': [260]}, 'trio': {'combinations': ['5 - 8 - 10'], 'payouts': [430]}, 'trifecta': {'combinations': ['5 → 10 → 8'], 'payouts': [770]}}",7.0,8,9,ヒメゴゼン,2019100795,牝5,54.0,小松丈二,92.6,1.1/2,0,,39.6,228.4,2,0,2024,1,6,5,1,winter,0,,,0.0,,0,,,,,0,0,0.0,,54.5,,0.5,,1,0,0.0,0,0,0.0,0.0,,short,-0.9915967988780069,-0.49380334154005734,0.0,0.3427429079675593,0.0,0.0,0.0,0.0,0.0,0.0,0.0,-0.28347335475692037,0.0,-0.28347335475692037,-0.28347335475692037,-1.1028539076066328,0.390912404571115,0.0,-0.28347335475692037,-0.28347335475692037,-0.41803980857497053,-0.5359422007578724,-0.41803980857497053,-0.5359422007578724
202406010108,2024-01-06,中山,8,一般,"{'win': {'combinations': ['8'], 'payouts': [560]}, 'place': {'combinations': ['8', '4', '10'], 'payouts': [230, 1, 50, 1, 730]}, 'bracket_quinella': {'combinations': ['2 - 4'], 'payouts': [4, 130]}, 'quinella': {'combinations': ['4 - 8'], 'payouts': [10, 500]}, 'wide': {'combinations': ['4 - 8', '8 - 10', '4 - 10'], 'payouts': [3, 450, 6, 410, 27, 650]}, 'exacta': {'combinations': ['8 → 4'], 'payouts': [17, 340]}, 'trio': {'combinations': ['4 - 8 - 10'], 'payouts': [176, 980]}, 'trifecta': {'combinations': ['8 → 4 → 10'], 'payouts': [759, 60]}}",9.0,1,1,ミツカネヴィーナス,2019100844,牝5,56.0,津村明秀,116.6,1.1/2,0,,39.3,13.7,0,0,2024,1,6,5,1,winter,0,,,0.0,,0,,,,,0,0,0.0,,54.375,,-1.625,,1,0,0.0,0,0,0.0,0.0,,short,0.23350301135033932,0.704471035474148,0.0,0.22385549698597745,0.0,0.0,0.0,0.0,0.0,0.0,0.0,-0.28347335475692037,0.0,-0.28347335475692037,-0.28347335475692037,-1.226072118890476,-1.2704653148561234,0.0,-0.28347335475692037,-0.28347335475692037,-0.41803980857497053,-0.5359422007578724,-0.41803980857497053,-0.5359422007578724
202408010111,2024-01-06,京都,11,一般,"{'win': {'combinations': ['2'], 'payouts': [1, 650]}, 'place': {'combinations': ['2', '11', '4'], 'payouts': [410, 220, 210]}, 'bracket_quinella': {'combinations': ['1 - 6'], 'payouts': [2, 310]}, 'quinella': {'combinations': ['2 - 11'], 'payouts': [4, 720]}, 'wide': {'combinations': ['2 - 11', '2 - 4', '4 - 11'], 'payouts': [1, 540, 1, 200, 720]}, 'exacta': {'combinations': ['2 → 11'], 'payouts': [9, 870]}, 'trio': {'combinations': ['2 - 4 - 11'], 'payouts': [7, 910]}, 'trifecta': {'combinations': ['2 → 11 → 4'], 'payouts': [54, 810]}}",16.0,7,13,マテンロウオリオン,2019100965,牡5,58.0,太宰啓介,95.4,1.1/4,0,,36.3,31.1,1,0,2024,1,6,5,1,winter,0,,,0.0,,0,,,,,0,0,0.0,,56.27777777777778,,-1.7222222222222214,,1,0,0.0,0,0,0.0,0.0,,short,1.4586028215786855,-0.35400466422173277,0.0,-0.965018612829824,0.0,0.0,0.0,0.0,0.0,0.0,0.0,-0.28347335475692037,0.0,-0.28347335475692037,-0.28347335475692037,0.6495828750969169,-1.346476060189395,0.0,-0.28347335475692037,-0.28347335475692037,-0.41803980857497053,-0.5359422007578724,-0.41803980857497053,-0.5359422007578724
202455010603,2024-01-06,佐賀,3,一般,"{'win': {'combinations': ['7'], 'payouts': [120]}, 'place': {'combinations': ['7', '10', '8'], 'payouts': [100, 100, 140]}, 'bracket_quinella': {'combinations': ['6 - 7'], 'payouts': [140]}, 'quinella': {'combinations': ['7 - 10'], 'payouts': [170]}, 'wide': {'combinations': ['7 - 10', '7 - 8', '8 - 10'], 'payouts': [150, 210, 340]}, 'exacta': {'combinations': ['7 → 10'], 'payouts': [260]}, 'trio': {'combinations': ['7 - 8 - 10'], 'payouts': [360]}, 'trifecta': {'combinations': ['7 → 10 → 8'], 'payouts': [700]}}",10.0,3,3,キョウエイジェリコ,2019101090,牝5,54.0,長田進仁,95.8,4,0,,42.8,219.9,2,0,2024,1,6,5,1,winter,0,,,0.0,,0,,,,,0,0,0.0,,54.166666666666664,,0.1666666666666643,,1,0,0.0,0,0,0.0,0.0,,short,-0.9915967988780069,-0.3340334246048298,0.0,1.6108752917710791,0.0,0.0,0.0,0.0,0.0,0.0,0.0,-0.28347335475692037,0.0,-0.28347335475692037,-0.28347335475692037,-1.4314358043635504,0.13030413485703654,0.0,-0.28347335475692037,-0.28347335475692037,-0.41803980857497053,-0.5359422007578724,-0.41803980857497053,-0.5359422007578724
202455010604,2024-01-06,佐賀,4,一般,"{'win': {'combinations': ['4'], 'payouts': [130]}, 'place': {'combinations': ['4', '1', '5'], 'payouts': [100, 140, 100]}, 'bracket_quinella': {'combinations': ['1 - 4'], 'payouts': [790]}, 'quinella': {'combinations': ['1 - 4'], 'payouts': [560]}, 'wide': {'combinations': ['1 - 4', '4 - 5', '1 - 5'], 'payouts': [230, 130, 300]}, 'exacta': {'combinations': ['4 → 1'], 'payouts': [640]}, 'trio': {'combinations': ['1 - 4 - 5'], 'payouts': [430]}, 'trifecta': {'combinations': ['4 → 1 → 5'], 'payouts': [1, 400]}}",5.0,2,2,パラチェーン,2019101138,牡5,56.0,加茂飛翔,94.1,1/2,0,,40.2,83.2,2,0,2024,1,6,5,1,winter,0,,,0.0,,0,,,,,0,0,0.0,,53.9,,-2.1000000000000014,,1,0,0.0,0,0,0.0,0.0,,short,0.23350301135033932,-0.41891119297666946,0.0,0.5805177299307201,0.0,0.0,0.0,0.0,0.0,0.0,0.0,-0.28347335475692037,0.0,-0.28347335475692037,-0.28347335475692037,-1.6943013217690819,-1.6418320991986837,0.0,-0.28347335475692037,-0.28347335475692037,-0.41803980857497053,-0.5359422007578724,-0.41803980857497053,-0.5359422007578724
202455010609,2024-01-06,佐賀,9,一般,"{'win': {'combinations': ['5'], 'payouts': [120]}, 'place': {'combinations': ['5', '10', '8'], 'payouts': [100, 110, 140]}, 'bracket_quinella': {'combinations': ['5 - 8'], 'payouts': [150]}, 'quinella': {'combinations': ['5 - 10'], 'payouts': [200]}, 'wide': {'combinations': ['5 - 10', '5 - 8', '8 - 10'], 'payouts': [120, 230, 230]}, 'exacta': {'combinations': ['5 → 10'], 'payouts': [260]}, 'trio': {'combinations': ['5 - 8 - 10'], 'payouts': [430]}, 'trifecta': {'combinations': ['5 → 10 → 8'], 'payouts': [770]}}",2.0,8,10,ラグドール,2019101210,牡5,56.0,石川倭,90.7,4,0,,39.3,3.7,2,0,2024,1,6,5,1,winter,0,,,0.0,,0,,,,,0,0,0.0,,54.5,,-1.5,,1,0,0.0,1,1,1.0,1.0,,short,0.23350301135033932,-0.5886667297203482,0.0,0.22385549698597745,0.0,0.0,0.0,0.0,0.0,0.0,0.0,-0.28347335475692037,0.0,-0.28347335475692037,-0.28347335475692037,-1.1028539076066328,-1.1727372137133447,0.0,-0.28347335475692037,-0.28347335475692037,2.39211668240122,1.8658728470829629,2.39211668240122,1.8658728470829629
202406010112,2024-01-06,中山,12,一般,"{'win': {'combinations': ['8'], 'payouts': [1, 790]}, 'place': {'combinations': ['8', '5', '14'], 'payouts': [340, 170, 450]}, 'bracket_quinella': {'combinations': ['3 - 4'], 'payouts': [3, 30]}, 'quinella': {'combinations': ['5 - 8'], 'payouts': [3, 510]}, 'wide': {'combinations': ['5 - 8', '8 - 14', '5 - 14'], 'payouts': [1, 0, 3, 10, 1, 530]}, 'exacta': {'combinations': ['8 → 5'], 'payouts': [9, 900]}, 'trio': {'combinations': ['5 - 8 - 14'], 'payouts': [19, 140]}, 'trifecta': {'combinations': ['8 → 5 → 14'], 'payouts': [121, 500]}}",3.0,7,14,アイファーエポック,2019101325,牡5,55.0,小林勝太,113.5,ハナ,0,,38.1,22.0,0,0,2024,1,6,5,1,winter,0,,,0.0,,0,,,,,0,0,0.0,,57.125,,2.125,,1,0,0.0,0,1,0.0,1.0,,short,-0.3790468937638338,0.5496939284431468,0.0,-0.2516941469403415,0.0,0.0,0.0,0.0,0.0,0.0,0.0,-0.28347335475692037,0.0,-0.28347335475692037,-0.28347335475692037,1.4847285293540762,1.6613777194272383,0.0,-0.28347335475692037,-0.28347335475692037,-0.41803980857497053,1.8658728470829629,-0.41803980857497053,1.8658728470829629
202455010609,2024-01-06,佐賀,9,一般,"{'win': {'combinations': ['5'], 'payouts': [120]}, 'place': {'combinations': ['5', '10', '8'], 'payouts': [100, 110, 140]}, 'bracket_quinella': {'combinations': ['5 - 8'], 'payouts': [150]}, 'quinella': {'combinations': ['5 - 10'], 'payouts': [200]}, 'wide': {'combinations': ['5 - 10', '5 - 8', '8 - 10'], 'payouts': [120, 230, 230]}, 'exacta': {'combinations': ['5 → 10'], 'payouts': [260]}, 'trio': {'combinations': ['5 - 8 - 10'], 'payouts': [430]}, 'trifecta': {'combinations': ['5 → 10 → 8'], 'payouts': [770]}}",9.0,7,7,イシュキック,2019101339,牝5,54.0,田中純,92.8,ハナ,0,,40.1,22.0,2,0,2024,1,6,5,1,winter,0,,,0.0,,0,,,,,0,0,0.0,,54.5,,0.5,,1,0,0.0,0,0,0.0,0.0,,short,-0.9915967988780069,-0.4838177217316055,0.0,0.5408885929368595,0.0,0.0,0.0,0.0,0.0,0.0,0.0,-0.28347335475692037,0.0,-0.28347335475692037,-0.28347335475692037,-1.1028539076066328,0.390912404571115,0.0,-0.28347335475692037,-0.28347335475692037,-0.41803980857497053,-0.5359422007578724,-0.41803980857497053,-0.5359422007578724
202455010603,2024-01-06,佐賀,3,一般,"{'win': {'combinations': ['7'], 'payouts': [120]}, 'place': {'combinations': ['7', '10', '8'], 'payouts': [100, 100, 140]}, 'bracket_quinella': {'combinations': ['6 - 7'], 'payouts': [140]}, 'quinella': {'combinations': ['7 - 10'], 'payouts': [170]}, 'wide': {'combinations': ['7 - 10', '7 - 8', '8 - 10'], 'payouts': [150, 210, 340]}, 'exacta': {'combinations': ['7 → 10'], 'payouts': [260]}, 'trio': {'combinations': ['7 - 8 - 10'], 'payouts': [360]}, 'trifecta': {'combinations': ['7 → 10 → 8'], 'payouts': [700]}}",1.0,6,7,ニジイロノコマ,2019101421,牝5,54.0,山田義貴,92.6,nan,0,,39.7,1.2,2,0,2024,1,6,5,1,winter,0,,,0.0,,1,,,,,0,1,1.0,,54.166666666666664,,0.1666666666666643,,1,1,1.0,1,1,1.0,1.0,,short,-0.9915967988780069,-0.49380334154005734,0.0,0.3823720449614199,0.0,0.0,0.0,0.0,0.0,0.0,0.0,3.527668414752787,0.0,3.527668414752787,3.527668414752787,-1.4314358043635504,0.13030413485703654,0.0,3.527668414752787,3.527668414752787,2.39211668240122,1.8658728470829629,2.39211668240122,1.8658728470829629
202455010602,2024-01-06,佐賀,2,一般,"{'win': {'combinations': ['11'], 'payouts': [150]}, 'place': {'combinations': ['11', '8', '5'], 'payouts': [180, 250, 2, 0]}, 'bracket_quinella': {'combinations': ['7 - 8'], 'payouts': [870]}, 'quinella': {'combinations': ['8 - 11'], 'payouts': [810]}, 'wide': {'combinations': ['8 - 11', '5 - 11', '5 - 8'], 'payouts': [430, 2, 380, 4, 670]}, 'exacta': {'combinations': ['11 → 8'], 'payouts': [980]}, 'trio': {'combinations': ['5 - 8 - 11'], 'payouts': [11, 860]}, 'trifecta': {'combinations': ['11 → 8 → 5'], 'payouts': [28, 710]}}",7.0,3,3,マリノメローラ,2019101495,牝5,54.0,出水拓人,94.6,ハナ,0,,40.4,101.3,2,0,2024,1,6,5,1,winter,0,,,0.0,,0,,,,,0,0,0.0,,55.0,,1.0,,1,0,0.0,0,0,0.0,0.0,,short,-0.9915967988780069,-0.3939471434555402,0.0,0.6597760039184386,0.0,0.0,0.0,0.0,0.0,0.0,0.0,-0.28347335475692037,0.0,-0.28347335475692037,-0.28347335475692037,-0.6099810624712596,0.7818248091422297,0.0,-0.28347335475692037,-0.28347335475692037,-0.41803980857497053,-0.5359422007578724,-0.41803980857497053,-0.5359422007578724
202408010110,2024-01-06,京都,10,一般,"{'win': {'combinations': ['4'], 'payouts': [620]}, 'place': {'combinations': ['4', '13', '2'], 'payouts': [210, 210, 520]}, 'bracket_quinella': {'combinations': ['4 - 8'], 'payouts': [1, 340]}, 'quinella': {'combinations': ['4 - 13'], 'payouts': [1, 580]}, 'wide': {'combinations': ['4 - 13', '2 - 4', '2 - 13'], 'payouts': [560, 1, 720, 2, 210]}, 'exacta': {'combinations': ['4 → 13'], 'payouts': [3, 200]}, 'trio': {'combinations': ['2 - 4 - 13'], 'payouts': [10, 850]}, 'trifecta': {'combinations': ['4 → 13 → 2'], 'payouts': [53, 740]}}",8.0,7,10,ディナースタ,2019101507,牡5,56.0,藤岡佑介,96.25,3/4,0,,37.5,4.8,1,0,2024,1,6,5,1,winter,0,,,0.0,,0,,,,,0,0,0.0,,54.38461538461539,,-1.6153846153846132,,1,0,0.0,0,0,0.0,0.0,,short,0.23350301135033932,-0.3115657800358133,0.0,-0.48946896890350233,0.0,0.0,0.0,0.0,0.0,0.0,0.0,-0.28347335475692037,0.0,-0.28347335475692037,-0.28347335475692037,-1.2165937949455627,-1.2629477686143695,0.0,-0.28347335475692037,-0.28347335475692037,-0.41803980857497053,-0.5359422007578724,-0.41803980857497053,-0.5359422007578724
202408010112,2024-01-06,京都,12,一般,"{'win': {'combinations': ['1'], 'payouts': [2, 140]}, 'place': {'combinations': ['1', '2', '5'], 'payouts': [500, 280, 170]}, 'bracket_quinella': {'combinations': ['1 - 1'], 'payouts': [11, 260]}, 'quinella': {'combinations': ['1 - 2'], 'payouts': [11, 170]}, 'wide': {'combinations': ['1 - 2', '1 - 5', '2 - 5'], 'payouts': [2, 740, 1, 590, 600]}, 'exacta': {'combinations': ['1 → 2'], 'payouts': [21, 410]}, 'trio': {'combinations': ['1 - 2 - 5'], 'payouts': [13, 410]}, 'trifecta': {'combinations': ['1 → 2 → 5'], 'payouts': [114, 370]}}",1.0,1,1,アスクオンディープ,2019101612,セ5,55.0,西塚洸二,107.3,nan,0,,35.9,21.4,1,0,2024,1,6,5,1,winter,0,,,0.0,,1,,,,,0,1,1.0,,56.76470588235294,,1.764705882352942,,1,1,1.0,1,1,1.0,1.0,,short,-0.3790468937638338,0.2401397143811436,0.0,-1.1235351608052637,0.0,0.0,0.0,0.0,0.0,0.0,0.0,3.527668414752787,0.0,3.527668414752787,3.527668414752787,1.1295701556535875,1.3796908396627592,0.0,3.527668414752787,3.527668414752787,2.39211668240122,1.8658728470829629,2.39211668240122,1.8658728470829629
202408010110,2024-01-06,京都,10,一般,"{'win': {'combinations': ['4'], 'payouts': [620]}, 'place': {'combinations': ['4', '13', '2'], 'payouts': [210, 210, 520]}, 'bracket_quinella': {'combinations': ['4 - 8'], 'payouts': [1, 340]}, 'quinella': {'combinations': ['4 - 13'], 'payouts': [1, 580]}, 'wide': {'combinations': ['4 - 13', '2 - 4', '2 - 13'], 'payouts': [560, 1, 720, 2, 210]}, 'exacta': {'combinations': ['4 → 13'], 'payouts': [3, 200]}, 'trio': {'combinations': ['2 - 4 - 13'], 'payouts': [10, 850]}, 'trifecta': {'combinations': ['4 → 13 → 2'], 'payouts': [53, 740]}}",10.0,5,6,アップデート,2019101716,牡5,52.0,和田竜二,96.25,1.1/4,0,,37.7,11.4,1,0,2024,1,6,5,1,winter,0,,,0.0,,0,,,,,0,0,0.0,,54.38461538461539,,2.384615384615387,,1,0,0.0,0,0,0.0,0.0,,short,-2.216696609106353,-0.3115657800358133,0.0,-0.4102106949157811,0.0,0.0,0.0,0.0,0.0,0.0,0.0,-0.28347335475692037,0.0,-0.28347335475692037,-0.28347335475692037,-1.2165937949455627,1.8643514679545496,0.0,-0.28347335475692037,-0.28347335475692037,-0.41803980857497053,-0.5359422007578724,-0.41803980857497053,-0.5359422007578724
202455010609,2024-01-06,佐賀,9,一般,"{'win': {'combinations': ['5'], 'payouts': [120]}, 'place': {'combinations': ['5', '10', '8'], 'payouts': [100, 110, 140]}, 'bracket_quinella': {'combinations': ['5 - 8'], 'payouts': [150]}, 'quinella': {'combinations': ['5 - 10'], 'payouts': [200]}, 'wide': {'combinations': ['5 - 10', '5 - 8', '8 - 10'], 'payouts': [120, 230, 230]}, 'exacta': {'combinations': ['5 → 10'], 'payouts': [260]}, 'trio': {'combinations': ['5 - 8 - 10'], 'payouts': [430]}, 'trifecta': {'combinations': ['5 → 10 → 8'], 'payouts': [770]}}",4.0,6,6,クールボス,2019101841,牡5,56.0,川島拓,91.5,1/2,0,,39.3,18.4,2,0,2024,1,6,5,1,winter,0,,,0.0,,0,,,,,0,0,0.0,,54.5,,-1.5,,1,0,0.0,0,0,0.0,0.0,,short,0.23350301135033932,-0.5487242504865415,0.0,0.22385549698597745,0.0,0.0,0.0,0.0,0.0,0.0,0.0,-0.28347335475692037,0.0,-0.28347335475692037,-0.28347335475692037,-1.1028539076066328,-1.1727372137133447,0.0,-0.28347335475692037,-0.28347335475692037,-0.41803980857497053,-0.5359422007578724,-0.41803980857497053,-0.5359422007578724
202406010108,2024-01-06,中山,8,一般,"{'win': {'combinations': ['8'], 'payouts': [560]}, 'place': {'combinations': ['8', '4', '10'], 'payouts': [230, 1, 50, 1, 730]}, 'bracket_quinella': {'combinations': ['2 - 4'], 'payouts': [4, 130]}, 'quinella': {'combinations': ['4 - 8'], 'payouts': [10, 500]}, 'wide': {'combinations': ['4 - 8', '8 - 10', '4 - 10'], 'payouts': [3, 450, 6, 410, 27, 650]}, 'exacta': {'combinations': ['8 → 4'], 'payouts': [17, 340]}, 'trio': {'combinations': ['4 - 8 - 10'], 'payouts': [176, 980]}, 'trifecta': {'combinations': ['8 → 4 → 10'], 'payouts': [759, 60]}}",16.0,5,9,バイロイト,2019101920,牝5,56.0,丹内祐次,121.1,大,0,,44.5,21.0,0,0,2024,1,6,5,1,winter,0,,,0.0,,0,,,,,0,0,0.0,,54.375,,-1.625,,1,0,0.0,0,0,0.0,0.0,,short,0.23350301135033932,0.9291474811643116,0.0,2.284570620666701,0.0,0.0,0.0,0.0,0.0,0.0,0.0,-0.28347335475692037,0.0,-0.28347335475692037,-0.28347335475692037,-1.226072118890476,-1.2704653148561234,0.0,-0.28347335475692037,-0.28347335475692037,-0.41803980857497053,-0.5359422007578724,-0.41803980857497053,-0.5359422007578724
202408010109,2024-01-06,京都,9,一般,"{'win': {'combinations': ['6'], 'payouts': [370]}, 'place': {'combinations': ['6', '1', '5'], 'payouts': [150, 190, 250]}, 'bracket_quinella': {'combinations': ['1 - 5'], 'payouts': [740]}, 'quinella': {'combinations': ['1 - 6'], 'payouts': [920]}, 'wide': {'combinations': ['1 - 6', '5 - 6', '1 - 5'], 'payouts': [420, 550, 740]}, 'exacta': {'combinations': ['6 → 1'], 'payouts': [1, 790]}, 'trio': {'combinations': ['1 - 5 - 6'], 'payouts': [2, 180]}, 'trifecta': {'combinations': ['6 → 1 → 5'], 'payouts': [11, 490]}}",7.0,7,10,ナムラフランク,2019101975,牡5,58.0,ルメート,84.5,1/2,0,,38.0,18.6,1,0,2024,1,6,5,1,winter,0,,,0.0,,0,,,,,0,0,0.0,,57.666666666666664,,-0.3333333333333357,,1,0,0.0,0,0,0.0,0.0,,short,1.4586028215786855,-0.8982209437823513,0.0,-0.2913232839342021,0.0,0.0,0.0,0.0,0.0,0.0,0.0,-0.28347335475692037,0.0,-0.28347335475692037,-0.28347335475692037,2.0186741115840614,-0.26060826971407836,0.0,-0.28347335475692037,-0.28347335475692037,-0.41803980857497053,-0.5359422007578724,-0.41803980857497053,-0.5359422007578724
202455010610,2024-01-06,佐賀,10,一般,"{'win': {'combinations': ['6'], 'payouts': [270]}, 'place': {'combinations': ['6', '5', '8'], 'payouts': [130, 360, 490]}, 'bracket_quinella': {'combinations': ['5 - 6'], 'payouts': [3, 760]}, 'quinella': {'combinations': ['5 - 6'], 'payouts': [3, 200]}, 'wide': {'combinations': ['5 - 6', '6 - 8', '5 - 8'], 'payouts': [890, 1, 470, 8, 500]}, 'exacta': {'combinations': ['6 → 5'], 'payouts': [5, 220]}, 'trio': {'combinations': ['5 - 6 - 8'], 'payouts': [31, 590]}, 'trifecta': {'combinations': ['6 → 5 → 8'], 'payouts': [101, 100]}}",5.0,3,3,フラスティー,2019102112,牝5,54.0,竹吉徹,92.2,2.1/2,0,,41.2,4.1,2,0,2024,1,6,5,1,winter,0,,,0.0,,0,,,,,0,0,0.0,,55.09090909090909,,1.0909090909090935,,1,0,0.0,0,0,0.0,0.0,,short,-0.9915967988780069,-0.5137745811569603,0.0,0.9768090998693206,0.0,0.0,0.0,0.0,0.0,0.0,0.0,-0.28347335475692037,0.0,-0.28347335475692037,-0.28347335475692037,-0.5203678179011892,0.8528997917915254,0.0,-0.28347335475692037,-0.28347335475692037,-0.41803980857497053,-0.5359422007578724,-0.41803980857497053,-0.5359422007578724
202406010112,2024-01-06,中山,12,一般,"{'win': {'combinations': ['8'], 'payouts': [1, 790]}, 'place': {'combinations': ['8', '5', '14'], 'payouts': [340, 170, 450]}, 'bracket_quinella': {'combinations': ['3 - 4'], 'payouts': [3, 30]}, 'quinella': {'combinations': ['5 - 8'], 'payouts': [3, 510]}, 'wide': {'combinations': ['5 - 8', '8 - 14', '5 - 14'], 'payouts': [1, 0, 3, 10, 1, 530]}, 'exacta': {'combinations': ['8 → 5'], 'payouts': [9, 900]}, 'trio': {'combinations': ['5 - 8 - 14'], 'payouts': [19, 140]}, 'trifecta': {'combinations': ['8 → 5 → 14'], 'payouts': [121, 500]}}",12.0,8,16,フォーワンセルフ,2019102163,牡5,57.0,原優介,114.6,クビ,0,,39.6,95.1,0,0,2024,1,6,5,1,winter,0,,,0.0,,0,,,,,0,0,0.0,,57.125,,0.125,,1,0,0.0,0,0,0.0,0.0,,short,0.8460529164645124,0.604614837389631,0.0,0.3427429079675593,0.0,0.0,0.0,0.0,0.0,0.0,0.0,-0.28347335475692037,0.0,-0.28347335475692037,-0.28347335475692037,1.4847285293540762,0.09772810114277881,0.0,-0.28347335475692037,-0.28347335475692037,-0.41803980857497053,-0.5359422007578724,-0.41803980857497053,-0.5359422007578724
202408010108,2024-01-06,京都,8,一般,"{'win': {'combinations': ['4'], 'payouts': [650]}, 'place': {'combinations': ['4', '16', '9'], 'payouts': [210, 170, 210]}, 'bracket_quinella': {'combinations': ['2 - 8'], 'payouts': [1, 340]}, 'quinella': {'combinations': ['4 - 16'], 'payouts': [1, 810]}, 'wide': {'combinations': ['4 - 16', '4 - 9', '9 - 16'], 'payouts': [790, 680, 600]}, 'exacta': {'combinations': ['4 → 16'], 'payouts': [3, 680]}, 'trio': {'combinations': ['4 - 9 - 16'], 'payouts': [3, 210]}, 'trifecta': {'combinations': ['4 → 16 → 9'], 'payouts': [23, 500]}}",13.0,4,7,エクサープト,2019102481,牝5,52.0,河原田菜,73.8,3.1/2,0,,39.2,61.0,1,0,2024,1,6,5,1,winter,0,,,0.0,,0,,,,,0,0,0.0,,55.9375,,3.9375,,1,0,0.0,0,0,0.0,0.0,,short,-2.216696609106353,-1.432451603534518,0.0,0.18422635999211967,0.0,0.0,0.0,0.0,0.0,0.0,0.0,-0.28347335475692037,0.0,-0.28347335475692037,-0.28347335475692037,0.314155522157565,3.0784351859975296,0.0,-0.28347335475692037,-0.28347335475692037,-0.41803980857497053,-0.5359422007578724,-0.41803980857497053,-0.5359422007578724
202455010607,2024-01-06,佐賀,7,一般,"{'win': {'combinations': ['7'], 'payouts': [880]}, 'place': {'combinations': ['7', '9', '1'], 'payouts': [200, 160, 670]}, 'bracket_quinella': {'combinations': ['6 - 7'], 'payouts': [760]}, 'quinella': {'combinations': ['7 - 9'], 'payouts': [910]}, 'wide': {'combinations': ['7 - 9', '1 - 7', '1 - 9'], 'payouts': [490, 1, 430, 1, 710]}, 'exacta': {'combinations': ['7 → 9'], 'payouts': [2, 430]}, 'trio': {'combinations': ['1 - 7 - 9'], 'payouts': [5, 860]}, 'trifecta': {'combinations': ['7 → 9 → 1'], 'payouts': [28, 800]}}",12.0,3,3,ジューンキララ,2019102561,牝5,54.0,小松丈二,88.5,1.1/2,0,,40.9,152.9,2,0,2024,1,6,5,1,winter,0,,,0.0,,0,,,,,0,0,0.0,,54.333333333333336,,0.3333333333333357,,1,0,0.0,0,0,0.0,0.0,,short,-0.9915967988780069,-0.6985085476133172,0.0,0.8579216888877388,0.0,0.0,0.0,0.0,0.0,0.0,0.0,-0.28347335475692037,0.0,-0.28347335475692037,-0.28347335475692037,-1.2671448559850882,0.2606082697140785,0.0,-0.28347335475692037,-0.28347335475692037,-0.41803980857497053,-0.5359422007578724,-0.41803980857497053,-0.5359422007578724
202406010109,2024-01-06,中山,9,一般,"{'win': {'combinations': ['8'], 'payouts': [1, 270]}, 'place': {'combinations': ['8', '2', '7'], 'payouts': [560, 370, 380]}, 'quinella': {'combinations': ['2 - 8'], 'payouts': [2, 780]}, 'wide': {'combinations': ['2 - 8', '7 - 8', '2 - 7'], 'payouts': [590, 600, 530]}, 'exacta': {'combinations': ['8 → 2'], 'payouts': [6, 400]}, 'trio': {'combinations': ['2 - 7 - 8'], 'payouts': [3, 790]}, 'trifecta': {'combinations': ['8 → 2 → 7'], 'payouts': [34, 820]}}",4.0,3,3,セイウンプラチナ,2019102628,牡5,58.0,原優介,132.2,1/2,0,,35.9,18.9,0,0,2024,1,6,5,1,winter,0,,,0.0,,0,,,,,0,0,0.0,,57.5,,-0.5,,1,0,0.0,0,0,0.0,0.0,,short,1.4586028215786855,1.4833493805333813,0.0,-1.1235351608052637,0.0,0.0,0.0,0.0,0.0,0.0,0.0,-0.28347335475692037,0.0,-0.28347335475692037,-0.28347335475692037,1.854383163205606,-0.3909124045711148,0.0,-0.28347335475692037,-0.28347335475692037,-0.41803980857497053,-0.5359422007578724,-0.41803980857497053,-0.5359422007578724
202455010609,2024-01-06,佐賀,9,一般,"{'win': {'combinations': ['5'], 'payouts': [120]}, 'place': {'combinations': ['5', '10', '8'], 'payouts': [100, 110, 140]}, 'bracket_quinella': {'combinations': ['5 - 8'], 'payouts': [150]}, 'quinella': {'combinations': ['5 - 10'], 'payouts': [200]}, 'wide': {'combinations': ['5 - 10', '5 - 8', '8 - 10'], 'payouts': [120, 230, 230]}, 'exacta': {'combinations': ['5 → 10'], 'payouts': [260]}, 'trio': {'combinations': ['5 - 8 - 10'], 'payouts': [430]}, 'trifecta': {'combinations': ['5 → 10 → 8'], 'payouts': [770]}}",8.0,4,4,ザンゲツ,2019102741,牡5,53.0,合林海斗,92.8,3/4,0,,39.9,190.9,2,0,2024,1,6,5,1,winter,0,,,0.0,,0,,,,,0,0,0.0,,54.5,,1.5,,1,0,0.0,0,0,0.0,0.0,,short,-1.60414670399218,-0.4838177217316055,0.0,0.4616303189491383,0.0,0.0,0.0,0.0,0.0,0.0,0.0,-0.28347335475692037,0.0,-0.28347335475692037,-0.28347335475692037,-1.1028539076066328,1.1727372137133447,0.0,-0.28347335475692037,-0.28347335475692037,-0.41803980857497053,-0.5359422007578724,-0.41803980857497053,-0.5359422007578724
202406010111,2024-01-06,中山,11,一般,"{'win': {'combinations': ['3'], 'payouts': [780]}, 'place': {'combinations': ['3', '7', '15'], 'payouts': [270, 400, 340]}, 'bracket_quinella': {'combinations': ['2 - 4'], 'payouts': [570]}, 'quinella': {'combinations': ['3 - 7'], 'payouts': [4, 820]}, 'wide': {'combinations': ['3 - 7', '3 - 15', '7 - 15'], 'payouts': [1, 450, 1, 310, 1, 870]}, 'exacta': {'combinations': ['3 → 7'], 'payouts': [8, 30]}, 'trio': {'combinations': ['3 - 7 - 15'], 'payouts': [12, 230]}, 'trifecta': {'combinations': ['3 → 7 → 15'], 'payouts': [65, 470]}}",7.0,5,10,マテンロウレオ,2019102879,牡5,58.5,横山典弘,119.3,ハナ,0,,34.0,7.0,0,0,2024,1,6,5,1,winter,0,,,0.0,,0,,,,,0,0,0.0,,55.970588235294116,,-2.529411764705884,,1,0,0.0,0,0,0.0,0.0,,short,1.7648777741357722,0.8392769028882463,0.0,-1.876488763688604,0.0,0.0,0.0,0.0,0.0,0.0,0.0,-0.28347335475692037,0.0,-0.28347335475692037,-0.28347335475692037,0.3467721074974042,-1.9775568701832884,0.0,-0.28347335475692037,-0.28347335475692037,-0.41803980857497053,-0.5359422007578724,-0.41803980857497053,-0.5359422007578724
202455010603,2024-01-06,佐賀,3,一般,"{'win': {'combinations': ['7'], 'payouts': [120]}, 'place': {'combinations': ['7', '10', '8'], 'payouts': [100, 100, 140]}, 'bracket_quinella': {'combinations': ['6 - 7'], 'payouts': [140]}, 'quinella': {'combinations': ['7 - 10'], 'payouts': [170]}, 'wide': {'combinations': ['7 - 10', '7 - 8', '8 - 10'], 'payouts': [150, 210, 340]}, 'exacta': {'combinations': ['7 → 10'], 'payouts': [260]}, 'trio': {'combinations': ['7 - 8 - 10'], 'payouts': [360]}, 'trifecta': {'combinations': ['7 → 10 → 8'], 'payouts': [700]}}",5.0,5,6,イズジョーメロディ,2019102914,牝5,54.0,加茂飛翔,94.4,3/4,0,,40.5,76.3,2,0,2024,1,6,5,1,winter,0,,,0.0,,0,,,,,0,0,0.0,,54.166666666666664,,0.1666666666666643,,1,0,0.0,0,0,0.0,0.0,,short,-0.9915967988780069,-0.40393276326399136,0.0,0.6994051409122992,0.0,0.0,0.0,0.0,0.0,0.0,0.0,-0.28347335475692037,0.0,-0.28347335475692037,-0.28347335475692037,-1.4314358043635504,0.13030413485703654,0.0,-0.28347335475692037,-0.28347335475692037,-0.41803980857497053,-0.5359422007578724,-0.41803980857497053,-0.5359422007578724
202408010108,2024-01-06,京都,8,一般,"{'win': {'combinations': ['4'], 'payouts': [650]}, 'place': {'combinations': ['4', '16', '9'], 'payouts': [210, 170, 210]}, 'bracket_quinella': {'combinations': ['2 - 8'], 'payouts': [1, 340]}, 'quinella': {'combinations': ['4 - 16'], 'payouts': [1, 810]}, 'wide': {'combinations': ['4 - 16', '4 - 9', '9 - 16'], 'payouts': [790, 680, 600]}, 'exacta': {'combinations': ['4 → 16'], 'payouts': [3, 680]}, 'trio': {'combinations': ['4 - 9 - 16'], 'payouts': [3, 210]}, 'trifecta': {'combinations': ['4 → 16 → 9'], 'payouts': [23, 500]}}",16.0,2,3,ロードジャスティス,2019103027,牡5,55.0,永島まな,75.0,2.1/2,0,,38.4,47.1,1,0,2024,1,6,5,1,winter,0,,,0.0,,0,,,,,0,0,0.0,,55.9375,,0.9375,,1,0,0.0,0,0,0.0,0.0,,short,-0.3790468937638338,-1.3725378846838077,0.0,-0.13280673595876244,0.0,0.0,0.0,0.0,0.0,0.0,0.0,-0.28347335475692037,0.0,-0.28347335475692037,-0.28347335475692037,0.314155522157565,0.7329607585708405,0.0,-0.28347335475692037,-0.28347335475692037,-0.41803980857497053,-0.5359422007578724,-0.41803980857497053,-0.5359422007578724
202406010108,2024-01-06,中山,8,一般,"{'win': {'combinations': ['8'], 'payouts': [560]}, 'place': {'combinations': ['8', '4', '10'], 'payouts': [230, 1, 50, 1, 730]}, 'bracket_quinella': {'combinations': ['2 - 4'], 'payouts': [4, 130]}, 'quinella': {'combinations': ['4 - 8'], 'payouts': [10, 500]}, 'wide': {'combinations': ['4 - 8', '8 - 10', '4 - 10'], 'payouts': [3, 450, 6, 410, 27, 650]}, 'exacta': {'combinations': ['8 → 4'], 'payouts': [17, 340]}, 'trio': {'combinations': ['4 - 8 - 10'], 'payouts': [176, 980]}, 'trifecta': {'combinations': ['8 → 4 → 10'], 'payouts': [759, 60]}}",14.0,8,15,ラズライト,2019103122,牝5,53.0,小林勝太,117.2,1.1/4,0,,40.7,16.2,0,0,2024,1,6,5,1,winter,0,,,0.0,,0,,,,,0,0,0.0,,54.375,,1.375,,1,0,0.0,0,0,0.0,0.0,,short,-1.60414670399218,0.7344278948995036,0.0,0.7786634149000204,0.0,0.0,0.0,0.0,0.0,0.0,0.0,-0.28347335475692037,0.0,-0.28347335475692037,-0.28347335475692037,-1.226072118890476,1.0750091125705659,0.0,-0.28347335475692037,-0.28347335475692037,-0.41803980857497053,-0.5359422007578724,-0.41803980857497053,-0.5359422007578724
202455010610,2024-01-06,佐賀,10,一般,"{'win': {'combinations': ['6'], 'payouts': [270]}, 'place': {'combinations': ['6', '5', '8'], 'payouts': [130, 360, 490]}, 'bracket_quinella': {'combinations': ['5 - 6'], 'payouts': [3, 760]}, 'quinella': {'combinations': ['5 - 6'], 'payouts': [3, 200]}, 'wide': {'combinations': ['5 - 6', '6 - 8', '5 - 8'], 'payouts': [890, 1, 470, 8, 500]}, 'exacta': {'combinations': ['6 → 5'], 'payouts': [5, 220]}, 'trio': {'combinations': ['5 - 6 - 8'], 'payouts': [31, 590]}, 'trifecta': {'combinations': ['6 → 5 → 8'], 'payouts': [101, 100]}}",1.0,6,6,エイシンクレモナ,2019103271,牡5,56.0,山口勲,91.1,nan,0,,39.6,2.7,2,0,2024,1,6,5,1,winter,0,,,0.0,,1,,,,,0,1,1.0,,55.09090909090909,,-0.9090909090909065,,1,1,1.0,1,1,1.0,1.0,,short,0.23350301135033932,-0.5686954901034451,0.0,0.3427429079675593,0.0,0.0,0.0,0.0,0.0,0.0,0.0,3.527668414752787,0.0,3.527668414752787,3.527668414752787,-0.5203678179011892,-0.7107498264929341,0.0,3.527668414752787,3.527668414752787,2.39211668240122,1.8658728470829629,2.39211668240122,1.8658728470829629
202408010108,2024-01-06,京都,8,一般,"{'win': {'combinations': ['4'], 'payouts': [650]}, 'place': {'combinations': ['4', '16', '9'], 'payouts': [210, 170, 210]}, 'bracket_quinella': {'combinations': ['2 - 8'], 'payouts': [1, 340]}, 'quinella': {'combinations': ['4 - 16'], 'payouts': [1, 810]}, 'wide': {'combinations': ['4 - 16', '4 - 9', '9 - 16'], 'payouts': [790, 680, 600]}, 'exacta': {'combinations': ['4 → 16'], 'payouts': [3, 680]}, 'trio': {'combinations': ['4 - 9 - 16'], 'payouts': [3, 210]}, 'trifecta': {'combinations': ['4 → 16 → 9'], 'payouts': [23, 500]}}",14.0,7,14,テイエムフェロー,2019103421,牡5,58.0,田中健,74.5,4,0,,38.6,38.2,1,0,2024,1,6,5,1,winter,0,,,0.0,,0,,,,,0,0,0.0,,55.9375,,-2.0625,,1,0,0.0,0,0,0.0,0.0,,short,1.4586028215786855,-1.3975019342049368,0.0,-0.05354846197104121,0.0,0.0,0.0,0.0,0.0,0.0,0.0,-0.28347335475692037,0.0,-0.28347335475692037,-0.28347335475692037,0.314155522157565,-1.612513668855849,0.0,-0.28347335475692037,-0.28347335475692037,-0.41803980857497053,-0.5359422007578724,-0.41803980857497053,-0.5359422007578724
202455010603,2024-01-06,佐賀,3,一般,"{'win': {'combinations': ['7'], 'payouts': [120]}, 'place': {'combinations': ['7', '10', '8'], 'payouts': [100, 100, 140]}, 'bracket_quinella': {'combinations': ['6 - 7'], 'payouts': [140]}, 'quinella': {'combinations': ['7 - 10'], 'payouts': [170]}, 'wide': {'combinations': ['7 - 10', '7 - 8', '8 - 10'], 'payouts': [150, 210, 340]}, 'exacta': {'combinations': ['7 → 10'], 'payouts': [260]}, 'trio': {'combinations': ['7 - 8 - 10'], 'payouts': [360]}, 'trifecta': {'combinations': ['7 → 10 → 8'], 'payouts': [700]}}",7.0,7,9,キーマーキュリー,2019103444,牡5,56.0,川島拓,94.5,クビ,0,,40.9,49.2,2,0,2024,1,6,5,1,winter,0,,,0.0,,0,,,,,0,0,0.0,,54.166666666666664,,-1.8333333333333357,,1,0,0.0,0,0,0.0,0.0,,short,0.23350301135033932,-0.3989399533597658,0.0,0.8579216888877388,0.0,0.0,0.0,0.0,0.0,0.0,0.0,-0.28347335475692037,0.0,-0.28347335475692037,-0.28347335475692037,-1.4314358043635504,-1.433345483427423,0.0,-0.28347335475692037,-0.28347335475692037,-0.41803980857497053,-0.5359422007578724,-0.41803980857497053,-0.5359422007578724
202455010601,2024-01-06,佐賀,1,一般,"{'win': {'combinations': ['3'], 'payouts': [110]}, 'place': {'combinations': ['3', '9', '10'], 'payouts': [100, 160, 200]}, 'bracket_quinella': {'combinations': ['3 - 8'], 'payouts': [260]}, 'quinella': {'combinations': ['3 - 9'], 'payouts': [770]}, 'wide': {'combinations': ['3 - 9', '3 - 10', '9 - 10'], 'payouts': [340, 230, 840]}, 'exacta': {'combinations': ['3 → 9'], 'payouts': [900]}, 'trio': {'combinations': ['3 - 9 - 10'], 'payouts': [1, 280]}, 'trifecta': {'combinations': ['3 → 9 → 10'], 'payouts': [4, 660]}}",9.0,5,5,エイシンヌエ,2019103473,牝5,54.0,山下裕貴,95.8,1/2,0,,42.0,114.9,2,0,2024,1,6,5,1,winter,0,,,0.0,,0,,,,,0,0,0.0,,54.6,,0.6000000000000014,,1,0,0.0,0,0,0.0,0.0,,short,-0.9915967988780069,-0.3340334246048298,0.0,1.2938421958202,0.0,0.0,0.0,0.0,0.0,0.0,0.0,-0.28347335475692037,0.0,-0.28347335475692037,-0.28347335475692037,-1.0042793385795568,0.46909488548533906,0.0,-0.28347335475692037,-0.28347335475692037,-0.41803980857497053,-0.5359422007578724,-0.41803980857497053,-0.5359422007578724
202455010607,2024-01-06,佐賀,7,一般,"{'win': {'combinations': ['7'], 'payouts': [880]}, 'place': {'combinations': ['7', '9', '1'], 'payouts': [200, 160, 670]}, 'bracket_quinella': {'combinations': ['6 - 7'], 'payouts': [760]}, 'quinella': {'combinations': ['7 - 9'], 'payouts': [910]}, 'wide': {'combinations': ['7 - 9', '1 - 7', '1 - 9'], 'payouts': [490, 1, 430, 1, 710]}, 'exacta': {'combinations': ['7 → 9'], 'payouts': [2, 430]}, 'trio': {'combinations': ['1 - 7 - 9'], 'payouts': [5, 860]}, 'trifecta': {'combinations': ['7 → 9 → 1'], 'payouts': [28, 800]}}",11.0,5,6,ガンネル,2019103522,牡5,56.0,田中直人,88.2,2.1/2,0,,39.6,45.5,2,0,2024,1,6,5,1,winter,0,,,0.0,,0,,,,,0,0,0.0,,54.333333333333336,,-1.6666666666666643,,1,0,0.0,0,0,0.0,0.0,,short,0.23350301135033932,-0.7134869773259945,0.0,0.3427429079675593,0.0,0.0,0.0,0.0,0.0,0.0,0.0,-0.28347335475692037,0.0,-0.28347335475692037,-0.28347335475692037,-1.2671448559850882,-1.3030413485703811,0.0,-0.28347335475692037,-0.28347335475692037,-0.41803980857497053,-0.5359422007578724,-0.41803980857497053,-0.5359422007578724
202455010608,2024-01-06,佐賀,8,一般,"{'win': {'combinations': ['8'], 'payouts': [390]}, 'place': {'combinations': ['8', '5', '4'], 'payouts': [140, 140, 150]}, 'quinella': {'combinations': ['5 - 8'], 'payouts': [930]}, 'wide': {'combinations': ['5 - 8', '4 - 8', '4 - 5'], 'payouts': [350, 270, 440]}, 'exacta': {'combinations': ['8 → 5'], 'payouts': [2, 110]}, 'trio': {'combinations': ['4 - 5 - 8'], 'payouts': [1, 430]}, 'trifecta': {'combinations': ['8 → 5 → 4'], 'payouts': [7, 70]}}",2.0,5,5,アーテルレクス,2019103596,牡5,56.0,石川慎将,84.3,1,0,,40.1,6.1,2,0,2024,1,6,5,1,winter,0,,,0.0,,0,,,,,0,0,0.0,,54.875,,-1.125,,1,0,0.0,1,1,1.0,1.0,,short,0.23350301135033932,-0.9082065635908032,0.0,0.5408885929368595,0.0,0.0,0.0,0.0,0.0,0.0,0.0,-0.28347335475692037,0.0,-0.28347335475692037,-0.28347335475692037,-0.7331992737551029,-0.8795529102850085,0.0,-0.28347335475692037,-0.28347335475692037,2.39211668240122,1.8658728470829629,2.39211668240122,1.8658728470829629
202408010112,2024-01-06,京都,12,一般,"{'win': {'combinations': ['1'], 'payouts': [2, 140]}, 'place': {'combinations': ['1', '2', '5'], 'payouts': [500, 280, 170]}, 'bracket_quinella': {'combinations': ['1 - 1'], 'payouts': [11, 260]}, 'quinella': {'combinations': ['1 - 2'], 'payouts': [11, 170]}, 'wide': {'combinations': ['1 - 2', '1 - 5', '2 - 5'], 'payouts': [2, 740, 1, 590, 600]}, 'exacta': {'combinations': ['1 → 2'], 'payouts': [21, 410]}, 'trio': {'combinations': ['1 - 2 - 5'], 'payouts': [13, 410]}, 'trifecta': {'combinations': ['1 → 2 → 5'], 'payouts': [114, 370]}}",17.0,7,14,マテンロウボンド,2019103659,牡5,58.0,藤岡佑介,110.5,4,0,,38.9,31.9,1,0,2024,1,6,5,1,winter,0,,,0.0,,0,,,,,0,0,0.0,,56.76470588235294,,-1.235294117647058,,1,0,0.0,0,0,0.0,0.0,,short,1.4586028215786855,0.39990963131637114,0.0,0.06533894901053781,0.0,0.0,0.0,0.0,0.0,0.0,0.0,-0.28347335475692037,0.0,-0.28347335475692037,-0.28347335475692037,1.1295701556535875,-0.9657835877639303,0.0,-0.28347335475692037,-0.28347335475692037,-0.41803980857497053,-0.5359422007578724,-0.41803980857497053,-0.5359422007578724
202455010608,2024-01-06,佐賀,8,一般,"{'win': {'combinations': ['8'], 'payouts': [390]}, 'place': {'combinations': ['8', '5', '4'], 'payouts': [140, 140, 150]}, 'quinella': {'combinations': ['5 - 8'], 'payouts': [930]}, 'wide': {'combinations': ['5 - 8', '4 - 8', '4 - 5'], 'payouts': [350, 270, 440]}, 'exacta': {'combinations': ['8 → 5'], 'payouts': [2, 110]}, 'trio': {'combinations': ['4 - 5 - 8'], 'payouts': [1, 430]}, 'trifecta': {'combinations': ['8 → 5 → 4'], 'payouts': [7, 70]}}",7.0,2,2,メイショウカンギク,2019103695,牝5,53.0,中山蓮王,85.3,クビ,0,,40.6,14.6,2,0,2024,1,6,5,1,winter,0,,,0.0,,0,,,,,0,0,0.0,,54.875,,1.875,,1,0,0.0,0,0,0.0,0.0,,short,-1.60414670399218,-0.8582784645485446,0.0,0.7390342779061598,0.0,0.0,0.0,0.0,0.0,0.0,0.0,-0.28347335475692037,0.0,-0.28347335475692037,-0.28347335475692037,-0.7331992737551029,1.4659215171416808,0.0,-0.28347335475692037,-0.28347335475692037,-0.41803980857497053,-0.5359422007578724,-0.41803980857497053,-0.5359422007578724
202408010108,2024-01-06,京都,8,一般,"{'win': {'combinations': ['4'], 'payouts': [650]}, 'place': {'combinations': ['4', '16', '9'], 'payouts': [210, 170, 210]}, 'bracket_quinella': {'combinations': ['2 - 8'], 'payouts': [1, 340]}, 'quinella': {'combinations': ['4 - 16'], 'payouts': [1, 810]}, 'wide': {'combinations': ['4 - 16', '4 - 9', '9 - 16'], 'payouts': [790, 680, 600]}, 'exacta': {'combinations': ['4 → 16'], 'payouts': [3, 680]}, 'trio': {'combinations': ['4 - 9 - 16'], 'payouts': [3, 210]}, 'trifecta': {'combinations': ['4 → 16 → 9'], 'payouts': [23, 500]}}",15.0,3,5,ナツイロノオトメ,2019103726,牝5,53.0,西塚洸二,74.6,クビ,0,,39.8,194.9,1,0,2024,1,6,5,1,winter,0,,,0.0,,0,,,,,0,0,0.0,,55.9375,,2.9375,,1,0,0.0,0,0,0.0,0.0,,short,-1.60414670399218,-1.3925091243007113,0.0,0.4220011819552777,0.0,0.0,0.0,0.0,0.0,0.0,0.0,-0.28347335475692037,0.0,-0.28347335475692037,-0.28347335475692037,0.314155522157565,2.2966103768553,0.0,-0.28347335475692037,-0.28347335475692037,-0.41803980857497053,-0.5359422007578724,-0.41803980857497053,-0.5359422007578724
202406010111,2024-01-06,中山,11,一般,"{'win': {'combinations': ['3'], 'payouts': [780]}, 'place': {'combinations': ['3', '7', '15'], 'payouts': [270, 400, 340]}, 'bracket_quinella': {'combinations': ['2 - 4'], 'payouts': [570]}, 'quinella': {'combinations': ['3 - 7'], 'payouts': [4, 820]}, 'wide': {'combinations': ['3 - 7', '3 - 15', '7 - 15'], 'payouts': [1, 450, 1, 310, 1, 870]}, 'exacta': {'combinations': ['3 → 7'], 'payouts': [8, 30]}, 'trio': {'combinations': ['3 - 7 - 15'], 'payouts': [12, 230]}, 'trifecta': {'combinations': ['3 → 7 → 15'], 'payouts': [65, 470]}}",1.0,2,3,リカンカブール,2019103823,牡5,56.0,津村明秀,118.9,nan,0,,34.5,7.8,0,0,2024,1,6,5,1,winter,0,,,0.0,,1,,,,,0,1,1.0,,55.970588235294116,,-0.029411764705884025,,1,1,1.0,1,1,1.0,1.0,,short,0.23350301135033932,0.8193056632713432,0.0,-1.6783430787193039,0.0,0.0,0.0,0.0,0.0,0.0,0.0,3.527668414752787,0.0,3.527668414752787,3.527668414752787,0.3467721074974042,-0.022994847327713865,0.0,3.527668414752787,3.527668414752787,2.39211668240122,1.8658728470829629,2.39211668240122,1.8658728470829629
202455010612,2024-01-06,佐賀,12,一般,"{'win': {'combinations': ['3'], 'payouts': [110]}, 'place': {'combinations': ['3', '4', '11'], 'payouts': [110, 170, 300]}, 'bracket_quinella': {'combinations': ['3 - 4'], 'payouts': [320]}, 'quinella': {'combinations': ['3 - 4'], 'payouts': [260]}, 'wide': {'combinations': ['3 - 4', '3 - 11', '4 - 11'], 'payouts': [190, 470, 890]}, 'exacta': {'combinations': ['3 → 4'], 'payouts': [330]}, 'trio': {'combinations': ['3 - 4 - 11'], 'payouts': [1, 170]}, 'trifecta': {'combinations': ['3 → 4 → 11'], 'payouts': [2, 0]}}",5.0,6,7,ハニーチャイル,2019103846,牝5,51.0,青海大樹,93.6,1.1/2,0,,42.4,16.1,2,0,2024,1,6,5,1,winter,0,,,0.0,,0,,,,,0,0,0.0,,54.90909090909091,,3.9090909090909065,,1,0,0.0,0,0,0.0,0.0,,short,-2.829246514220526,-0.44387524249779875,0.0,1.4523587437956396,0.0,0.0,0.0,0.0,0.0,0.0,0.0,-0.28347335475692037,0.0,-0.28347335475692037,-0.28347335475692037,-0.69959430704133,3.0562242539196234,0.0,-0.28347335475692037,-0.28347335475692037,-0.41803980857497053,-0.5359422007578724,-0.41803980857497053,-0.5359422007578724
202408010108,2024-01-06,京都,8,一般,"{'win': {'combinations': ['4'], 'payouts': [650]}, 'place': {'combinations': ['4', '16', '9'], 'payouts': [210, 170, 210]}, 'bracket_quinella': {'combinations': ['2 - 8'], 'payouts': [1, 340]}, 'quinella': {'combinations': ['4 - 16'], 'payouts': [1, 810]}, 'wide': {'combinations': ['4 - 16', '4 - 9', '9 - 16'], 'payouts': [790, 680, 600]}, 'exacta': {'combinations': ['4 → 16'], 'payouts': [3, 680]}, 'trio': {'combinations': ['4 - 9 - 16'], 'payouts': [3, 210]}, 'trifecta': {'combinations': ['4 → 16 → 9'], 'payouts': [23, 500]}}",8.0,6,11,タイキエクセロン,2019103996,牡5,58.0,国分恭介,72.9,2.1/2,0,,37.2,20.4,1,0,2024,1,6,5,1,winter,0,,,0.0,,0,,,,,0,0,0.0,,55.9375,,-2.0625,,1,0,0.0,0,0,0.0,0.0,,short,1.4586028215786855,-1.4773868926725504,0.0,-0.6083563798850814,0.0,0.0,0.0,0.0,0.0,0.0,0.0,-0.28347335475692037,0.0,-0.28347335475692037,-0.28347335475692037,0.314155522157565,-1.612513668855849,0.0,-0.28347335475692037,-0.28347335475692037,-0.41803980857497053,-0.5359422007578724,-0.41803980857497053,-0.5359422007578724
202408010110,2024-01-06,京都,10,一般,"{'win': {'combinations': ['4'], 'payouts': [620]}, 'place': {'combinations': ['4', '13', '2'], 'payouts': [210, 210, 520]}, 'bracket_quinella': {'combinations': ['4 - 8'], 'payouts': [1, 340]}, 'quinella': {'combinations': ['4 - 13'], 'payouts': [1, 580]}, 'wide': {'combinations': ['4 - 13', '2 - 4', '2 - 13'], 'payouts': [560, 1, 720, 2, 210]}, 'exacta': {'combinations': ['4 → 13'], 'payouts': [3, 200]}, 'trio': {'combinations': ['2 - 4 - 13'], 'payouts': [10, 850]}, 'trifecta': {'combinations': ['4 → 13 → 2'], 'payouts': [53, 740]}}",1.0,4,4,メイショウブレゲ,2019104091,牡5,54.0,酒井学,96.25,nan,0,,36.2,6.2,1,0,2024,1,6,5,1,winter,0,,,0.0,,1,,,,,0,1,1.0,,54.38461538461539,,0.3846153846153868,,1,1,1.0,1,1,1.0,1.0,,short,-0.9915967988780069,-0.3115657800358133,0.0,-1.0046477498236819,0.0,0.0,0.0,0.0,0.0,0.0,0.0,3.527668414752787,0.0,3.527668414752787,3.527668414752787,-1.2165937949455627,0.30070184967009017,0.0,3.527668414752787,3.527668414752787,2.39211668240122,1.8658728470829629,2.39211668240122,1.8658728470829629
202408010107,2024-01-06,京都,7,一般,"{'win': {'combinations': ['7'], 'payouts': [250]}, 'place': {'combinations': ['7', '10', '11'], 'payouts': [130, 220, 270]}, 'bracket_quinella': {'combinations': ['6 - 8'], 'payouts': [540]}, 'quinella': {'combinations': ['7 - 10'], 'payouts': [1, 70]}, 'wide': {'combinations': ['7 - 10', '7 - 11', '10 - 11'], 'payouts': [460, 520, 1, 140]}, 'exacta': {'combinations': ['7 → 10'], 'payouts': [1, 580]}, 'trio': {'combinations': ['7 - 10 - 11'], 'payouts': [2, 980]}, 'trifecta': {'combinations': ['7 → 10 → 11'], 'payouts': [9, 670]}}",11.0,6,6,メイショウホーコン,2019104098,牡5,57.0,泉谷楓真,115.7,5,0,,40.0,201.6,1,0,2024,1,6,5,1,winter,0,,,0.0,,0,,,,,0,0,0.0,,57.0,,0.0,,1,0,0.0,0,0,0.0,0.0,,short,0.8460529164645124,0.6595357463361158,0.0,0.5012594559429989,0.0,0.0,0.0,0.0,0.0,0.0,0.0,-0.28347335475692037,0.0,-0.28347335475692037,-0.28347335475692037,1.3615103180702328,8.034379279775345e-17,0.0,-0.28347335475692037,-0.28347335475692037,-0.41803980857497053,-0.5359422007578724,-0.41803980857497053,-0.5359422007578724
202406010108,2024-01-06,中山,8,一般,"{'win': {'combinations': ['8'], 'payouts': [560]}, 'place': {'combinations': ['8', '4', '10'], 'payouts': [230, 1, 50, 1, 730]}, 'bracket_quinella': {'combinations': ['2 - 4'], 'payouts': [4, 130]}, 'quinella': {'combinations': ['4 - 8'], 'payouts': [10, 500]}, 'wide': {'combinations': ['4 - 8', '8 - 10', '4 - 10'], 'payouts': [3, 450, 6, 410, 27, 650]}, 'exacta': {'combinations': ['8 → 4'], 'payouts': [17, 340]}, 'trio': {'combinations': ['4 - 8 - 10'], 'payouts': [176, 980]}, 'trifecta': {'combinations': ['8 → 4 → 10'], 'payouts': [759, 60]}}",4.0,6,11,ミニョンルミエール,2019104303,牝5,52.0,小林美駒,116.1,1/2,0,,39.1,12.0,0,0,2024,1,6,5,1,winter,0,,,0.0,,0,,,,,0,0,0.0,,54.375,,2.375,,1,0,0.0,0,0,0.0,0.0,,short,-2.216696609106353,0.6795069859530187,0.0,0.14459722299825906,0.0,0.0,0.0,0.0,0.0,0.0,0.0,-0.28347335475692037,0.0,-0.28347335475692037,-0.28347335475692037,-1.226072118890476,1.8568339217127958,0.0,-0.28347335475692037,-0.28347335475692037,-0.41803980857497053,-0.5359422007578724,-0.41803980857497053,-0.5359422007578724
202455010601,2024-01-06,佐賀,1,一般,"{'win': {'combinations': ['3'], 'payouts': [110]}, 'place': {'combinations': ['3', '9', '10'], 'payouts': [100, 160, 200]}, 'bracket_quinella': {'combinations': ['3 - 8'], 'payouts': [260]}, 'quinella': {'combinations': ['3 - 9'], 'payouts': [770]}, 'wide': {'combinations': ['3 - 9', '3 - 10', '9 - 10'], 'payouts': [340, 230, 840]}, 'exacta': {'combinations': ['3 → 9'], 'payouts': [900]}, 'trio': {'combinations': ['3 - 9 - 10'], 'payouts': [1, 280]}, 'trifecta': {'combinations': ['3 → 9 → 10'], 'payouts': [4, 660]}}",1.0,3,3,ターンザコーナ,2019104317,牡5,56.0,長田進仁,92.6,nan,0,,38.5,1.1,2,0,2024,1,6,5,1,winter,0,,,0.0,,1,,,,,0,1,1.0,,54.6,,-1.3999999999999986,,1,1,1.0,1,1,1.0,1.0,,short,0.23350301135033932,-0.49380334154005734,0.0,-0.09317759896490183,0.0,0.0,0.0,0.0,0.0,0.0,0.0,3.527668414752787,0.0,3.527668414752787,3.527668414752787,-1.0042793385795568,-1.0945547327991205,0.0,3.527668414752787,3.527668414752787,2.39211668240122,1.8658728470829629,2.39211668240122,1.8658728470829629
202455010609,2024-01-06,佐賀,9,一般,"{'win': {'combinations': ['5'], 'payouts': [120]}, 'place': {'combinations': ['5', '10', '8'], 'payouts': [100, 110, 140]}, 'bracket_quinella': {'combinations': ['5 - 8'], 'payouts': [150]}, 'quinella': {'combinations': ['5 - 10'], 'payouts': [200]}, 'wide': {'combinations': ['5 - 10', '5 - 8', '8 - 10'], 'payouts': [120, 230, 230]}, 'exacta': {'combinations': ['5 → 10'], 'payouts': [260]}, 'trio': {'combinations': ['5 - 8 - 10'], 'payouts': [430]}, 'trifecta': {'combinations': ['5 → 10 → 8'], 'payouts': [770]}}",1.0,5,5,ブレーヴジャーニー,2019104539,セ5,56.0,山田義貴,89.9,nan,0,,38.0,1.2,2,0,2024,1,6,5,1,winter,0,,,0.0,,1,,,,,0,1,1.0,,54.5,,-1.5,,1,1,1.0,1,1,1.0,1.0,,short,0.23350301135033932,-0.6286092089541548,0.0,-0.2913232839342021,0.0,0.0,0.0,0.0,0.0,0.0,0.0,3.527668414752787,0.0,3.527668414752787,3.527668414752787,-1.1028539076066328,-1.1727372137133447,0.0,3.527668414752787,3.527668414752787,2.39211668240122,1.8658728470829629,2.39211668240122,1.8658728470829629
202408010108,2024-01-06,京都,8,一般,"{'win': {'combinations': ['4'], 'payouts': [650]}, 'place': {'combinations': ['4', '16', '9'], 'payouts': [210, 170, 210]}, 'bracket_quinella': {'combinations': ['2 - 8'], 'payouts': [1, 340]}, 'quinella': {'combinations': ['4 - 16'], 'payouts': [1, 810]}, 'wide': {'combinations': ['4 - 16', '4 - 9', '9 - 16'], 'payouts': [790, 680, 600]}, 'exacta': {'combinations': ['4 → 16'], 'payouts': [3, 680]}, 'trio': {'combinations': ['4 - 9 - 16'], 'payouts': [3, 210]}, 'trifecta': {'combinations': ['4 → 16 → 9'], 'payouts': [23, 500]}}",9.0,4,8,テンメジャーガール,2019104549,牝5,56.0,菱田裕二,72.9,ハナ,0,,36.5,135.6,1,0,2024,1,6,5,1,winter,0,,,0.0,,0,,,,,0,0,0.0,,55.9375,,-0.0625,,1,0,0.0,0,0,0.0,0.0,,short,0.23350301135033932,-1.4773868926725504,0.0,-0.8857603388421028,0.0,0.0,0.0,0.0,0.0,0.0,0.0,-0.28347335475692037,0.0,-0.28347335475692037,-0.28347335475692037,0.314155522157565,-0.04886405057138928,0.0,-0.28347335475692037,-0.28347335475692037,-0.41803980857497053,-0.5359422007578724,-0.41803980857497053,-0.5359422007578724
202408010112,2024-01-06,京都,12,一般,"{'win': {'combinations': ['1'], 'payouts': [2, 140]}, 'place': {'combinations': ['1', '2', '5'], 'payouts': [500, 280, 170]}, 'bracket_quinella': {'combinations': ['1 - 1'], 'payouts': [11, 260]}, 'quinella': {'combinations': ['1 - 2'], 'payouts': [11, 170]}, 'wide': {'combinations': ['1 - 2', '1 - 5', '2 - 5'], 'payouts': [2, 740, 1, 590, 600]}, 'exacta': {'combinations': ['1 → 2'], 'payouts': [21, 410]}, 'trio': {'combinations': ['1 - 2 - 5'], 'payouts': [13, 410]}, 'trifecta': {'combinations': ['1 → 2 → 5'], 'payouts': [114, 370]}}",12.0,6,11,マグマオーシャン,2019104558,牡5,58.0,松山弘平,109.3,3/4,0,,36.7,149.7,1,0,2024,1,6,5,1,winter,0,,,0.0,,0,,,,,0,0,0.0,,56.76470588235294,,-1.235294117647058,,1,0,0.0,0,0,0.0,0.0,,short,1.4586028215786855,0.33999591246566074,0.0,-0.8065020648543816,0.0,0.0,0.0,0.0,0.0,0.0,0.0,-0.28347335475692037,0.0,-0.28347335475692037,-0.28347335475692037,1.1295701556535875,-0.9657835877639303,0.0,-0.28347335475692037,-0.28347335475692037,-0.41803980857497053,-0.5359422007578724,-0.41803980857497053,-0.5359422007578724
202406010111,2024-01-06,中山,11,一般,"{'win': {'combinations': ['3'], 'payouts': [780]}, 'place': {'combinations': ['3', '7', '15'], 'payouts': [270, 400, 340]}, 'bracket_quinella': {'combinations': ['2 - 4'], 'payouts': [570]}, 'quinella': {'combinations': ['3 - 7'], 'payouts': [4, 820]}, 'wide': {'combinations': ['3 - 7', '3 - 15', '7 - 15'], 'payouts': [1, 450, 1, 310, 1, 870]}, 'exacta': {'combinations': ['3 → 7'], 'payouts': [8, 30]}, 'trio': {'combinations': ['3 - 7 - 15'], 'payouts': [12, 230]}, 'trifecta': {'combinations': ['3 → 7 → 15'], 'payouts': [65, 470]}}",4.0,4,8,ボーンディスウェイ,2019104658,牡5,55.0,木幡巧也,119.2,3/4,0,,34.9,4.8,0,0,2024,1,6,5,1,winter,0,,,0.0,,0,,,,,0,0,0.0,,55.970588235294116,,0.970588235294116,,1,0,0.0,0,0,0.0,0.0,,short,-0.3790468937638338,0.8342840929840207,0.0,-1.5198265307438643,0.0,0.0,0.0,0.0,0.0,0.0,0.0,-0.28347335475692037,0.0,-0.28347335475692037,-0.28347335475692037,0.3467721074974042,0.7588299618145159,0.0,-0.28347335475692037,-0.28347335475692037,-0.41803980857497053,-0.5359422007578724,-0.41803980857497053,-0.5359422007578724
202408010111,2024-01-06,京都,11,一般,"{'win': {'combinations': ['2'], 'payouts': [1, 650]}, 'place': {'combinations': ['2', '11', '4'], 'payouts': [410, 220, 210]}, 'bracket_quinella': {'combinations': ['1 - 6'], 'payouts': [2, 310]}, 'quinella': {'combinations': ['2 - 11'], 'payouts': [4, 720]}, 'wide': {'combinations': ['2 - 11', '2 - 4', '4 - 11'], 'payouts': [1, 540, 1, 200, 720]}, 'exacta': {'combinations': ['2 → 11'], 'payouts': [9, 870]}, 'trio': {'combinations': ['2 - 4 - 11'], 'payouts': [7, 910]}, 'trifecta': {'combinations': ['2 → 11 → 4'], 'payouts': [54, 810]}}",3.0,2,4,トゥードジボン,2019104730,牡5,55.0,藤岡佑介,93.9,アタマ,0,,35.9,5.4,1,0,2024,1,6,5,1,winter,0,,,0.0,,0,,,,,0,0,0.0,,56.27777777777778,,1.2777777777777786,,1,0,0.0,0,1,0.0,1.0,,short,-0.3790468937638338,-0.42889681278512065,0.0,-1.1235351608052637,0.0,0.0,0.0,0.0,0.0,0.0,0.0,-0.28347335475692037,0.0,-0.28347335475692037,-0.28347335475692037,0.6495828750969169,0.9989983672372942,0.0,-0.28347335475692037,-0.28347335475692037,-0.41803980857497053,1.8658728470829629,-0.41803980857497053,1.8658728470829629
202408010111,2024-01-06,京都,11,一般,"{'win': {'combinations': ['2'], 'payouts': [1, 650]}, 'place': {'combinations': ['2', '11', '4'], 'payouts': [410, 220, 210]}, 'bracket_quinella': {'combinations': ['1 - 6'], 'payouts': [2, 310]}, 'quinella': {'combinations': ['2 - 11'], 'payouts': [4, 720]}, 'wide': {'combinations': ['2 - 11', '2 - 4', '4 - 11'], 'payouts': [1, 540, 1, 200, 720]}, 'exacta': {'combinations': ['2 → 11'], 'payouts': [9, 870]}, 'trio': {'combinations': ['2 - 4 - 11'], 'payouts': [7, 910]}, 'trifecta': {'combinations': ['2 → 11 → 4'], 'payouts': [54, 810]}}",14.0,7,15,ドーブネ,2019104896,牡5,58.5,吉田隼人,95.1,3/4,0,,37.0,7.4,1,0,2024,1,6,5,1,winter,0,,,0.0,,0,,,,,0,0,0.0,,56.27777777777778,,-2.2222222222222214,,1,0,0.0,0,0,0.0,0.0,,short,1.7648777741357722,-0.3689830939344109,0.0,-0.6876146538728026,0.0,0.0,0.0,0.0,0.0,0.0,0.0,-0.28347335475692037,0.0,-0.28347335475692037,-0.28347335475692037,0.6495828750969169,-1.73738846476051,0.0,-0.28347335475692037,-0.28347335475692037,-0.41803980857497053,-0.5359422007578724,-0.41803980857497053,-0.5359422007578724
202408010107,2024-01-06,京都,7,一般,"{'win': {'combinations': ['7'], 'payouts': [250]}, 'place': {'combinations': ['7', '10', '11'], 'payouts': [130, 220, 270]}, 'bracket_quinella': {'combinations': ['6 - 8'], 'payouts': [540]}, 'quinella': {'combinations': ['7 - 10'], 'payouts': [1, 70]}, 'wide': {'combinations': ['7 - 10', '7 - 11', '10 - 11'], 'payouts': [460, 520, 1, 140]}, 'exacta': {'combinations': ['7 → 10'], 'payouts': [1, 580]}, 'trio': {'combinations': ['7 - 10 - 11'], 'payouts': [2, 980]}, 'trifecta': {'combinations': ['7 → 10 → 11'], 'payouts': [9, 670]}}",8.0,7,8,メジャークオリティ,2019104913,牡5,57.0,小沢大仁,114.2,3/4,0,,39.1,15.6,1,0,2024,1,6,5,1,winter,0,,,0.0,,0,,,,,0,0,0.0,,57.0,,0.0,,1,0,0.0,0,0,0.0,0.0,,short,0.8460529164645124,0.5846435977727279,0.0,0.14459722299825906,0.0,0.0,0.0,0.0,0.0,0.0,0.0,-0.28347335475692037,0.0,-0.28347335475692037,-0.28347335475692037,1.3615103180702328,8.034379279775345e-17,0.0,-0.28347335475692037,-0.28347335475692037,-0.41803980857497053,-0.5359422007578724,-0.41803980857497053,-0.5359422007578724
202455010609,2024-01-06,佐賀,9,一般,"{'win': {'combinations': ['5'], 'payouts': [120]}, 'place': {'combinations': ['5', '10', '8'], 'payouts': [100, 110, 140]}, 'bracket_quinella': {'combinations': ['5 - 8'], 'payouts': [150]}, 'quinella': {'combinations': ['5 - 10'], 'payouts': [200]}, 'wide': {'combinations': ['5 - 10', '5 - 8', '8 - 10'], 'payouts': [120, 230, 230]}, 'exacta': {'combinations': ['5 → 10'], 'payouts': [260]}, 'trio': {'combinations': ['5 - 8 - 10'], 'payouts': [430]}, 'trifecta': {'combinations': ['5 → 10 → 8'], 'payouts': [770]}}",5.0,2,2,サバイバルアート,2019104949,牝5,54.0,田中直人,91.5,クビ,0,,39.1,80.5,2,0,2024,1,6,5,1,winter,0,,,0.0,,0,,,,,0,0,0.0,,54.5,,0.5,,1,0,0.0,0,0,0.0,0.0,,short,-0.9915967988780069,-0.5487242504865415,0.0,0.14459722299825906,0.0,0.0,0.0,0.0,0.0,0.0,0.0,-0.28347335475692037,0.0,-0.28347335475692037,-0.28347335475692037,-1.1028539076066328,0.390912404571115,0.0,-0.28347335475692037,-0.28347335475692037,-0.41803980857497053,-0.5359422007578724,-0.41803980857497053,-0.5359422007578724
202406010108,2024-01-06,中山,8,一般,"{'win': {'combinations': ['8'], 'payouts': [560]}, 'place': {'combinations': ['8', '4', '10'], 'payouts': [230, 1, 50, 1, 730]}, 'bracket_quinella': {'combinations': ['2 - 4'], 'payouts': [4, 130]}, 'quinella': {'combinations': ['4 - 8'], 'payouts': [10, 500]}, 'wide': {'combinations': ['4 - 8', '8 - 10', '4 - 10'], 'payouts': [3, 450, 6, 410, 27, 650]}, 'exacta': {'combinations': ['8 → 4'], 'payouts': [17, 340]}, 'trio': {'combinations': ['4 - 8 - 10'], 'payouts': [176, 980]}, 'trifecta': {'combinations': ['8 → 4 → 10'], 'payouts': [759, 60]}}",10.0,1,2,シンボリックレルム,2019104958,牝5,56.0,横山和生,116.7,アタマ,0,,39.6,4.8,0,0,2024,1,6,5,1,winter,0,,,0.0,,0,,,,,0,0,0.0,,54.375,,-1.625,,1,0,0.0,0,0,0.0,0.0,,short,0.23350301135033932,0.7094638453783744,0.0,0.3427429079675593,0.0,0.0,0.0,0.0,0.0,0.0,0.0,-0.28347335475692037,0.0,-0.28347335475692037,-0.28347335475692037,-1.226072118890476,-1.2704653148561234,0.0,-0.28347335475692037,-0.28347335475692037,-0.41803980857497053,-0.5359422007578724,-0.41803980857497053,-0.5359422007578724
202455010602,2024-01-06,佐賀,2,一般,"{'win': {'combinations': ['11'], 'payouts': [150]}, 'place': {'combinations': ['11', '8', '5'], 'payouts': [180, 250, 2, 0]}, 'bracket_quinella': {'combinations': ['7 - 8'], 'payouts': [870]}, 'quinella': {'combinations': ['8 - 11'], 'payouts': [810]}, 'wide': {'combinations': ['8 - 11', '5 - 11', '5 - 8'], 'payouts': [430, 2, 380, 4, 670]}, 'exacta': {'combinations': ['11 → 8'], 'payouts': [980]}, 'trio': {'combinations': ['5 - 8 - 11'], 'payouts': [11, 860]}, 'trifecta': {'combinations': ['11 → 8 → 5'], 'payouts': [28, 710]}}",3.0,5,5,リーセフィヨルド,2019105114,牝5,54.0,小松丈二,93.9,2,0,,41.3,76.3,2,0,2024,1,6,5,1,winter,0,,,0.0,,0,,,,,0,0,0.0,,55.0,,1.0,,1,0,0.0,0,1,0.0,1.0,,short,-0.9915967988780069,-0.42889681278512065,0.0,1.0164382368631786,0.0,0.0,0.0,0.0,0.0,0.0,0.0,-0.28347335475692037,0.0,-0.28347335475692037,-0.28347335475692037,-0.6099810624712596,0.7818248091422297,0.0,-0.28347335475692037,-0.28347335475692037,-0.41803980857497053,1.8658728470829629,-0.41803980857497053,1.8658728470829629
202406010112,2024-01-06,中山,12,一般,"{'win': {'combinations': ['8'], 'payouts': [1, 790]}, 'place': {'combinations': ['8', '5', '14'], 'payouts': [340, 170, 450]}, 'bracket_quinella': {'combinations': ['3 - 4'], 'payouts': [3, 30]}, 'quinella': {'combinations': ['5 - 8'], 'payouts': [3, 510]}, 'wide': {'combinations': ['5 - 8', '8 - 14', '5 - 14'], 'payouts': [1, 0, 3, 10, 1, 530]}, 'exacta': {'combinations': ['8 → 5'], 'payouts': [9, 900]}, 'trio': {'combinations': ['5 - 8 - 14'], 'payouts': [19, 140]}, 'trifecta': {'combinations': ['8 → 5 → 14'], 'payouts': [121, 500]}}",8.0,6,11,クロースコンバット,2019105188,牡5,58.0,ピーヒュ,114.1,ハナ,0,,39.1,24.7,0,0,2024,1,6,5,1,winter,0,,,0.0,,0,,,,,0,0,0.0,,57.125,,-0.875,,1,0,0.0,0,0,0.0,0.0,,short,1.4586028215786855,0.5796507878685017,0.0,0.14459722299825906,0.0,0.0,0.0,0.0,0.0,0.0,0.0,-0.28347335475692037,0.0,-0.28347335475692037,-0.28347335475692037,1.4847285293540762,-0.684096707999451,0.0,-0.28347335475692037,-0.28347335475692037,-0.41803980857497053,-0.5359422007578724,-0.41803980857497053,-0.5359422007578724
202408010112,2024-01-06,京都,12,一般,"{'win': {'combinations': ['1'], 'payouts': [2, 140]}, 'place': {'combinations': ['1', '2', '5'], 'payouts': [500, 280, 170]}, 'bracket_quinella': {'combinations': ['1 - 1'], 'payouts': [11, 260]}, 'quinella': {'combinations': ['1 - 2'], 'payouts': [11, 170]}, 'wide': {'combinations': ['1 - 2', '1 - 5', '2 - 5'], 'payouts': [2, 740, 1, 590, 600]}, 'exacta': {'combinations': ['1 → 2'], 'payouts': [21, 410]}, 'trio': {'combinations': ['1 - 2 - 5'], 'payouts': [13, 410]}, 'trifecta': {'combinations': ['1 → 2 → 5'], 'payouts': [114, 370]}}",11.0,4,8,コナブラック,2019105191,牡5,58.0,ルメート,109.2,3,0,,36.8,72.1,1,0,2024,1,6,5,1,winter,0,,,0.0,,0,,,,,0,0,0.0,,56.76470588235294,,-1.235294117647058,,1,0,0.0,0,0,0.0,0.0,,short,1.4586028215786855,0.3350031025614352,0.0,-0.7668729278605239,0.0,0.0,0.0,0.0,0.0,0.0,0.0,-0.28347335475692037,0.0,-0.28347335475692037,-0.28347335475692037,1.1295701556535875,-0.9657835877639303,0.0,-0.28347335475692037,-0.28347335475692037,-0.41803980857497053,-0.5359422007578724,-0.41803980857497053,-0.5359422007578724
202408010108,2024-01-06,京都,8,一般,"{'win': {'combinations': ['4'], 'payouts': [650]}, 'place': {'combinations': ['4', '16', '9'], 'payouts': [210, 170, 210]}, 'bracket_quinella': {'combinations': ['2 - 8'], 'payouts': [1, 340]}, 'quinella': {'combinations': ['4 - 16'], 'payouts': [1, 810]}, 'wide': {'combinations': ['4 - 16', '4 - 9', '9 - 16'], 'payouts': [790, 680, 600]}, 'exacta': {'combinations': ['4 → 16'], 'payouts': [3, 680]}, 'trio': {'combinations': ['4 - 9 - 16'], 'payouts': [3, 210]}, 'trifecta': {'combinations': ['4 → 16 → 9'], 'payouts': [23, 500]}}",7.0,7,13,ビップシュプリーム,2019105241,牝5,54.0,田口貫太,72.5,1/2,0,,36.7,11.9,1,0,2024,1,6,5,1,winter,0,,,0.0,,0,,,,,0,0,0.0,,55.9375,,1.9375,,1,0,0.0,0,0,0.0,0.0,,short,-0.9915967988780069,-1.497358132289454,0.0,-0.8065020648543816,0.0,0.0,0.0,0.0,0.0,0.0,0.0,-0.28347335475692037,0.0,-0.28347335475692037,-0.28347335475692037,0.314155522157565,1.5147855677130702,0.0,-0.28347335475692037,-0.28347335475692037,-0.41803980857497053,-0.5359422007578724,-0.41803980857497053,-0.5359422007578724
202408010111,2024-01-06,京都,11,一般,"{'win': {'combinations': ['2'], 'payouts': [1, 650]}, 'place': {'combinations': ['2', '11', '4'], 'payouts': [410, 220, 210]}, 'bracket_quinella': {'combinations': ['1 - 6'], 'payouts': [2, 310]}, 'quinella': {'combinations': ['2 - 11'], 'payouts': [4, 720]}, 'wide': {'combinations': ['2 - 11', '2 - 4', '4 - 11'], 'payouts': [1, 540, 1, 200, 720]}, 'exacta': {'combinations': ['2 → 11'], 'payouts': [9, 870]}, 'trio': {'combinations': ['2 - 4 - 11'], 'payouts': [7, 910]}, 'trifecta': {'combinations': ['2 → 11 → 4'], 'payouts': [54, 810]}}",11.0,7,14,アルナシーム,2019105252,牡5,57.0,鮫島克駿,94.8,アタマ,0,,36.0,5.8,1,0,2024,1,6,5,1,winter,0,,,0.0,,0,,,,,0,0,0.0,,56.27777777777778,,-0.7222222222222214,,1,0,0.0,0,0,0.0,0.0,,short,0.8460529164645124,-0.38396152364708835,0.0,-1.083906023811403,0.0,0.0,0.0,0.0,0.0,0.0,0.0,-0.28347335475692037,0.0,-0.28347335475692037,-0.28347335475692037,0.6495828750969169,-0.5646512510471653,0.0,-0.28347335475692037,-0.28347335475692037,-0.41803980857497053,-0.5359422007578724,-0.41803980857497053,-0.5359422007578724
202406010106,2024-01-06,中山,6,一般,"{'win': {'combinations': ['11'], 'payouts': [300]}, 'place': {'combinations': ['11', '6', '2'], 'payouts': [170, 340, 750]}, 'bracket_quinella': {'combinations': ['3 - 6'], 'payouts': [910]}, 'quinella': {'combinations': ['6 - 11'], 'payouts': [1, 500]}, 'wide': {'combinations': ['6 - 11', '2 - 11', '2 - 6'], 'payouts': [610, 1, 620, 5, 510]}, 'exacta': {'combinations': ['11 → 6'], 'payouts': [2, 230]}, 'trio': {'combinations': ['2 - 6 - 11'], 'payouts': [19, 100]}, 'trifecta': {'combinations': ['11 → 6 → 2'], 'payouts': [56, 210]}}",3.0,1,2,トゥザヒロイン,2019105314,牝5,56.0,杉原誠人,157.2,1/2,0,,39.6,56.5,0,0,2024,1,6,5,1,winter,0,,,0.0,,0,,,,,0,0,0.0,,56.75,,0.75,,1,0,0.0,0,1,0.0,1.0,,short,0.23350301135033932,2.7315518565898453,0.0,0.3427429079675593,0.0,0.0,0.0,0.0,0.0,0.0,0.0,-0.28347335475692037,0.0,-0.28347335475692037,-0.28347335475692037,1.1150738955025463,0.5863686068566725,0.0,-0.28347335475692037,-0.28347335475692037,-0.41803980857497053,1.8658728470829629,-0.41803980857497053,1.8658728470829629
202408010112,2024-01-06,京都,12,一般,"{'win': {'combinations': ['1'], 'payouts': [2, 140]}, 'place': {'combinations': ['1', '2', '5'], 'payouts': [500, 280, 170]}, 'bracket_quinella': {'combinations': ['1 - 1'], 'payouts': [11, 260]}, 'quinella': {'combinations': ['1 - 2'], 'payouts': [11, 170]}, 'wide': {'combinations': ['1 - 2', '1 - 5', '2 - 5'], 'payouts': [2, 740, 1, 590, 600]}, 'exacta': {'combinations': ['1 → 2'], 'payouts': [21, 410]}, 'trio': {'combinations': ['1 - 2 - 5'], 'payouts': [13, 410]}, 'trifecta': {'combinations': ['1 → 2 → 5'], 'payouts': [114, 370]}}",16.0,8,17,アルファヒディ,2019105322,セ5,58.0,西村淳也,109.8,アタマ,0,,37.4,47.1,1,0,2024,1,6,5,1,winter,0,,,0.0,,0,,,,,0,0,0.0,,56.76470588235294,,-1.235294117647058,,1,0,0.0,0,0,0.0,0.0,,short,1.4586028215786855,0.36495996198679,0.0,-0.529098105897363,0.0,0.0,0.0,0.0,0.0,0.0,0.0,-0.28347335475692037,0.0,-0.28347335475692037,-0.28347335475692037,1.1295701556535875,-0.9657835877639303,0.0,-0.28347335475692037,-0.28347335475692037,-0.41803980857497053,-0.5359422007578724,-0.41803980857497053,-0.5359422007578724
202408010107,2024-01-06,京都,7,一般,"{'win': {'combinations': ['7'], 'payouts': [250]}, 'place': {'combinations': ['7', '10', '11'], 'payouts': [130, 220, 270]}, 'bracket_quinella': {'combinations': ['6 - 8'], 'payouts': [540]}, 'quinella': {'combinations': ['7 - 10'], 'payouts': [1, 70]}, 'wide': {'combinations': ['7 - 10', '7 - 11', '10 - 11'], 'payouts': [460, 520, 1, 140]}, 'exacta': {'combinations': ['7 → 10'], 'payouts': [1, 580]}, 'trio': {'combinations': ['7 - 10 - 11'], 'payouts': [2, 980]}, 'trifecta': {'combinations': ['7 → 10 → 11'], 'payouts': [9, 670]}}",4.0,1,1,ダノンフューチャー,2019105456,牡5,58.0,川田将雅,113.3,3.1/2,0,,38.1,13.5,1,0,2024,1,6,5,1,winter,0,,,0.0,,0,,,,,0,0,0.0,,57.0,,-1.0,,1,0,0.0,0,0,0.0,0.0,,short,1.4586028215786855,0.539708308634695,0.0,-0.2516941469403415,0.0,0.0,0.0,0.0,0.0,0.0,0.0,-0.28347335475692037,0.0,-0.28347335475692037,-0.28347335475692037,1.3615103180702328,-0.7818248091422297,0.0,-0.28347335475692037,-0.28347335475692037,-0.41803980857497053,-0.5359422007578724,-0.41803980857497053,-0.5359422007578724
202406010111,2024-01-06,中山,11,一般,"{'win': {'combinations': ['3'], 'payouts': [780]}, 'place': {'combinations': ['3', '7', '15'], 'payouts': [270, 400, 340]}, 'bracket_quinella': {'combinations': ['2 - 4'], 'payouts': [570]}, 'quinella': {'combinations': ['3 - 7'], 'payouts': [4, 820]}, 'wide': {'combinations': ['3 - 7', '3 - 15', '7 - 15'], 'payouts': [1, 450, 1, 310, 1, 870]}, 'exacta': {'combinations': ['3 → 7'], 'payouts': [8, 30]}, 'trio': {'combinations': ['3 - 7 - 15'], 'payouts': [12, 230]}, 'trifecta': {'combinations': ['3 → 7 → 15'], 'payouts': [65, 470]}}",11.0,2,4,エピファニー,2019105532,牡5,57.0,ピーヒュ,119.5,クビ,0,,35.1,4.1,0,0,2024,1,6,5,1,winter,0,,,0.0,,0,,,,,0,0,0.0,,55.970588235294116,,-1.029411764705884,,1,0,0.0,0,0,0.0,0.0,,short,0.8460529164645124,0.8492625226966981,0.0,-1.440568256756143,0.0,0.0,0.0,0.0,0.0,0.0,0.0,-0.28347335475692037,0.0,-0.28347335475692037,-0.28347335475692037,0.3467721074974042,-0.8048196564699437,0.0,-0.28347335475692037,-0.28347335475692037,-0.41803980857497053,-0.5359422007578724,-0.41803980857497053,-0.5359422007578724
202455010608,2024-01-06,佐賀,8,一般,"{'win': {'combinations': ['8'], 'payouts': [390]}, 'place': {'combinations': ['8', '5', '4'], 'payouts': [140, 140, 150]}, 'quinella': {'combinations': ['5 - 8'], 'payouts': [930]}, 'wide': {'combinations': ['5 - 8', '4 - 8', '4 - 5'], 'payouts': [350, 270, 440]}, 'exacta': {'combinations': ['8 → 5'], 'payouts': [2, 110]}, 'trio': {'combinations': ['4 - 5 - 8'], 'payouts': [1, 430]}, 'trifecta': {'combinations': ['8 → 5 → 4'], 'payouts': [7, 70]}}",8.0,7,7,ブエラアルト,2019105832,牝5,54.0,山下裕貴,85.7,2,0,,40.8,46.4,2,0,2024,1,6,5,1,winter,0,,,0.0,,0,,,,,0,0,0.0,,54.875,,0.875,,1,0,0.0,0,0,0.0,0.0,,short,-0.9915967988780069,-0.8383072249316409,0.0,0.8182925518938782,0.0,0.0,0.0,0.0,0.0,0.0,0.0,-0.28347335475692037,0.0,-0.28347335475692037,-0.28347335475692037,-0.7331992737551029,0.6840967079994511,0.0,-0.28347335475692037,-0.28347335475692037,-0.41803980857497053,-0.5359422007578724,-0.41803980857497053,-0.5359422007578724
202455010606,2024-01-06,佐賀,6,一般,"{'win': {'combinations': ['9'], 'payouts': [1, 830]}, 'place': {'combinations': ['9', '10', '2'], 'payouts': [330, 340, 210]}, 'bracket_quinella': {'combinations': ['7 - 8'], 'payouts': [1, 230]}, 'quinella': {'combinations': ['9 - 10'], 'payouts': [5, 230]}, 'wide': {'combinations': ['9 - 10', '2 - 9', '2 - 10'], 'payouts': [1, 610, 1, 270, 1, 60]}, 'exacta': {'combinations': ['9 → 10'], 'payouts': [11, 400]}, 'trio': {'combinations': ['2 - 9 - 10'], 'payouts': [9, 980]}, 'trifecta': {'combinations': ['9 → 10 → 2'], 'payouts': [83, 810]}}",10.0,4,4,プティアンジュ,2019105962,牝5,54.0,長田進仁,87.5,クビ,0,,41.7,25.2,2,0,2024,1,6,5,1,winter,0,,,0.0,,0,,,,,0,0,0.0,,54.81818181818182,,0.8181818181818201,,1,0,0.0,0,0,0.0,0.0,,short,-0.9915967988780069,-0.7484366466555756,0.0,1.174954784838621,0.0,0.0,0.0,0.0,0.0,0.0,0.0,-0.28347335475692037,0.0,-0.28347335475692037,-0.28347335475692037,-0.7892075516113933,0.6396748438436441,0.0,-0.28347335475692037,-0.28347335475692037,-0.41803980857497053,-0.5359422007578724,-0.41803980857497053,-0.5359422007578724
202406010112,2024-01-06,中山,12,一般,"{'win': {'combinations': ['8'], 'payouts': [1, 790]}, 'place': {'combinations': ['8', '5', '14'], 'payouts': [340, 170, 450]}, 'bracket_quinella': {'combinations': ['3 - 4'], 'payouts': [3, 30]}, 'quinella': {'combinations': ['5 - 8'], 'payouts': [3, 510]}, 'wide': {'combinations': ['5 - 8', '8 - 14', '5 - 14'], 'payouts': [1, 0, 3, 10, 1, 530]}, 'exacta': {'combinations': ['8 → 5'], 'payouts': [9, 900]}, 'trio': {'combinations': ['5 - 8 - 14'], 'payouts': [19, 140]}, 'trifecta': {'combinations': ['8 → 5 → 14'], 'payouts': [121, 500]}}",14.0,2,4,リバーサルバレット,2019106146,牡5,58.0,菅原明良,115.3,1/2,0,,39.9,9.0,0,0,2024,1,6,5,1,winter,0,,,0.0,,0,,,,,0,0,0.0,,57.125,,-0.875,,1,0,0.0,0,0,0.0,0.0,,short,1.4586028215786855,0.6395645067192121,0.0,0.4616303189491383,0.0,0.0,0.0,0.0,0.0,0.0,0.0,-0.28347335475692037,0.0,-0.28347335475692037,-0.28347335475692037,1.4847285293540762,-0.684096707999451,0.0,-0.28347335475692037,-0.28347335475692037,-0.41803980857497053,-0.5359422007578724,-0.41803980857497053,-0.5359422007578724
202406010106,2024-01-06,中山,6,一般,"{'win': {'combinations': ['11'], 'payouts': [300]}, 'place': {'combinations': ['11', '6', '2'], 'payouts': [170, 340, 750]}, 'bracket_quinella': {'combinations': ['3 - 6'], 'payouts': [910]}, 'quinella': {'combinations': ['6 - 11'], 'payouts': [1, 500]}, 'wide': {'combinations': ['6 - 11', '2 - 11', '2 - 6'], 'payouts': [610, 1, 620, 5, 510]}, 'exacta': {'combinations': ['11 → 6'], 'payouts': [2, 230]}, 'trio': {'combinations': ['2 - 6 - 11'], 'payouts': [19, 100]}, 'trifecta': {'combinations': ['11 → 6 → 2'], 'payouts': [56, 210]}}",15.0,7,14,アオイゴールドワン,2019106321,セ5,58.0,木幡巧也,160.6,5,0,,43.1,8.3,0,0,2024,1,6,5,1,winter,0,,,0.0,,0,,,,,0,0,0.0,,56.75,,-1.25,,1,0,0.0,0,0,0.0,0.0,,short,1.4586028215786855,2.9013073933335245,0.0,1.729762702752661,0.0,0.0,0.0,0.0,0.0,0.0,0.0,-0.28347335475692037,0.0,-0.28347335475692037,-0.28347335475692037,1.1150738955025463,-0.9772810114277872,0.0,-0.28347335475692037,-0.28347335475692037,-0.41803980857497053,-0.5359422007578724,-0.41803980857497053,-0.5359422007578724
202455010603,2024-01-06,佐賀,3,一般,"{'win': {'combinations': ['7'], 'payouts': [120]}, 'place': {'combinations': ['7', '10', '8'], 'payouts': [100, 100, 140]}, 'bracket_quinella': {'combinations': ['6 - 7'], 'payouts': [140]}, 'quinella': {'combinations': ['7 - 10'], 'payouts': [170]}, 'wide': {'combinations': ['7 - 10', '7 - 8', '8 - 10'], 'payouts': [150, 210, 340]}, 'exacta': {'combinations': ['7 → 10'], 'payouts': [260]}, 'trio': {'combinations': ['7 - 8 - 10'], 'payouts': [360]}, 'trifecta': {'combinations': ['7 → 10 → 8'], 'payouts': [700]}}",11.0,5,5,トゴ,2019106361,牝5,54.0,小松丈二,96.1,1.1/2,0,,42.7,103.0,2,0,2024,1,6,5,1,winter,0,,,0.0,,0,,,,,0,0,0.0,,54.166666666666664,,0.1666666666666643,,1,0,0.0,0,0,0.0,0.0,,short,-0.9915967988780069,-0.3190549948921524,0.0,1.5712461547772214,0.0,0.0,0.0,0.0,0.0,0.0,0.0,-0.28347335475692037,0.0,-0.28347335475692037,-0.28347335475692037,-1.4314358043635504,0.13030413485703654,0.0,-0.28347335475692037,-0.28347335475692037,-0.41803980857497053,-0.5359422007578724,-0.41803980857497053,-0.5359422007578724
202408010110,2024-01-06,京都,10,一般,"{'win': {'combinations': ['4'], 'payouts': [620]}, 'place': {'combinations': ['4', '13', '2'], 'payouts': [210, 210, 520]}, 'bracket_quinella': {'combinations': ['4 - 8'], 'payouts': [1, 340]}, 'quinella': {'combinations': ['4 - 13'], 'payouts': [1, 580]}, 'wide': {'combinations': ['4 - 13', '2 - 4', '2 - 13'], 'payouts': [560, 1, 720, 2, 210]}, 'exacta': {'combinations': ['4 → 13'], 'payouts': [3, 200]}, 'trio': {'combinations': ['2 - 4 - 13'], 'payouts': [10, 850]}, 'trifecta': {'combinations': ['4 → 13 → 2'], 'payouts': [53, 740]}}",11.0,1,1,ビジン,2019106410,牝5,53.0,岩田望来,96.25,8,0,,39.2,31.4,1,0,2024,1,6,5,1,winter,0,,,0.0,,0,,,,,0,0,0.0,,54.38461538461539,,1.3846153846153868,,1,0,0.0,0,0,0.0,0.0,,short,-1.60414670399218,-0.3115657800358133,0.0,0.18422635999211967,0.0,0.0,0.0,0.0,0.0,0.0,0.0,-0.28347335475692037,0.0,-0.28347335475692037,-0.28347335475692037,-1.2165937949455627,1.08252665881232,0.0,-0.28347335475692037,-0.28347335475692037,-0.41803980857497053,-0.5359422007578724,-0.41803980857497053,-0.5359422007578724
202408010109,2024-01-06,京都,9,一般,"{'win': {'combinations': ['6'], 'payouts': [370]}, 'place': {'combinations': ['6', '1', '5'], 'payouts': [150, 190, 250]}, 'bracket_quinella': {'combinations': ['1 - 5'], 'payouts': [740]}, 'quinella': {'combinations': ['1 - 6'], 'payouts': [920]}, 'wide': {'combinations': ['1 - 6', '5 - 6', '1 - 5'], 'payouts': [420, 550, 740]}, 'exacta': {'combinations': ['6 → 1'], 'payouts': [1, 790]}, 'trio': {'combinations': ['1 - 5 - 6'], 'payouts': [2, 180]}, 'trifecta': {'combinations': ['6 → 1 → 5'], 'payouts': [11, 490]}}",2.0,1,1,サトノルフィアン,2019106575,牡5,58.0,斎藤新,83.6,1/2,0,,36.8,5.3,1,0,2024,1,6,5,1,winter,0,,,0.0,,0,,,,,0,0,0.0,,57.666666666666664,,-0.3333333333333357,,1,0,0.0,1,1,1.0,1.0,,short,1.4586028215786855,-0.9431562329203843,0.0,-0.7668729278605239,0.0,0.0,0.0,0.0,0.0,0.0,0.0,-0.28347335475692037,0.0,-0.28347335475692037,-0.28347335475692037,2.0186741115840614,-0.26060826971407836,0.0,-0.28347335475692037,-0.28347335475692037,2.39211668240122,1.8658728470829629,2.39211668240122,1.8658728470829629
202455010604,2024-01-06,佐賀,4,一般,"{'win': {'combinations': ['4'], 'payouts': [130]}, 'place': {'combinations': ['4', '1', '5'], 'payouts': [100, 140, 100]}, 'bracket_quinella': {'combinations': ['1 - 4'], 'payouts': [790]}, 'quinella': {'combinations': ['1 - 4'], 'payouts': [560]}, 'wide': {'combinations': ['1 - 4', '4 - 5', '1 - 5'], 'payouts': [230, 130, 300]}, 'exacta': {'combinations': ['4 → 1'], 'payouts': [640]}, 'trio': {'combinations': ['1 - 4 - 5'], 'payouts': [430]}, 'trifecta': {'combinations': ['4 → 1 → 5'], 'payouts': [1, 400]}}",6.0,8,9,ゼットランポ,2019106585,牝5,54.0,出水拓人,96.0,大,0,,42.9,191.6,2,0,2024,1,6,5,1,winter,0,,,0.0,,0,,,,,0,0,0.0,,53.9,,-0.10000000000000142,,1,0,0.0,0,0,0.0,0.0,,short,-0.9915967988780069,-0.32404780479637796,0.0,1.6505044287649397,0.0,0.0,0.0,0.0,0.0,0.0,0.0,-0.28347335475692037,0.0,-0.28347335475692037,-0.28347335475692037,-1.6943013217690819,-0.07818248091422401,0.0,-0.28347335475692037,-0.28347335475692037,-0.41803980857497053,-0.5359422007578724,-0.41803980857497053,-0.5359422007578724
202408010108,2024-01-06,京都,8,一般,"{'win': {'combinations': ['4'], 'payouts': [650]}, 'place': {'combinations': ['4', '16', '9'], 'payouts': [210, 170, 210]}, 'bracket_quinella': {'combinations': ['2 - 8'], 'payouts': [1, 340]}, 'quinella': {'combinations': ['4 - 16'], 'payouts': [1, 810]}, 'wide': {'combinations': ['4 - 16', '4 - 9', '9 - 16'], 'payouts': [790, 680, 600]}, 'exacta': {'combinations': ['4 → 16'], 'payouts': [3, 680]}, 'trio': {'combinations': ['4 - 9 - 16'], 'payouts': [3, 210]}, 'trifecta': {'combinations': ['4 → 16 → 9'], 'payouts': [23, 500]}}",5.0,1,1,ゼットノヴァ,2019106593,牡5,58.0,幸英明,72.3,1,0,,36.8,3.7,1,0,2024,1,6,5,1,winter,0,,,0.0,,0,,,,,0,0,0.0,,55.9375,,-2.0625,,1,0,0.0,0,0,0.0,0.0,,short,1.4586028215786855,-1.5073437520979058,0.0,-0.7668729278605239,0.0,0.0,0.0,0.0,0.0,0.0,0.0,-0.28347335475692037,0.0,-0.28347335475692037,-0.28347335475692037,0.314155522157565,-1.612513668855849,0.0,-0.28347335475692037,-0.28347335475692037,-0.41803980857497053,-0.5359422007578724,-0.41803980857497053,-0.5359422007578724
202455010604,2024-01-06,佐賀,4,一般,"{'win': {'combinations': ['4'], 'payouts': [130]}, 'place': {'combinations': ['4', '1', '5'], 'payouts': [100, 140, 100]}, 'bracket_quinella': {'combinations': ['1 - 4'], 'payouts': [790]}, 'quinella': {'combinations': ['1 - 4'], 'payouts': [560]}, 'wide': {'combinations': ['1 - 4', '4 - 5', '1 - 5'], 'payouts': [230, 130, 300]}, 'exacta': {'combinations': ['4 → 1'], 'payouts': [640]}, 'trio': {'combinations': ['1 - 4 - 5'], 'payouts': [430]}, 'trifecta': {'combinations': ['4 → 1 → 5'], 'payouts': [1, 400]}}",4.0,6,6,アポロリップ,2019106651,牝5,51.0,青海大樹,94.0,クビ,0,,40.5,59.0,2,0,2024,1,6,5,1,winter,0,,,0.0,,0,,,,,0,0,0.0,,53.9,,2.8999999999999986,,1,0,0.0,0,0,0.0,0.0,,short,-2.829246514220526,-0.423904002880895,0.0,0.6994051409122992,0.0,0.0,0.0,0.0,0.0,0.0,0.0,-0.28347335475692037,0.0,-0.28347335475692037,-0.28347335475692037,-1.6943013217690819,2.2672919465124655,0.0,-0.28347335475692037,-0.28347335475692037,-0.41803980857497053,-0.5359422007578724,-0.41803980857497053,-0.5359422007578724
202408010111,2024-01-06,京都,11,一般,"{'win': {'combinations': ['2'], 'payouts': [1, 650]}, 'place': {'combinations': ['2', '11', '4'], 'payouts': [410, 220, 210]}, 'bracket_quinella': {'combinations': ['1 - 6'], 'payouts': [2, 310]}, 'quinella': {'combinations': ['2 - 11'], 'payouts': [4, 720]}, 'wide': {'combinations': ['2 - 11', '2 - 4', '4 - 11'], 'payouts': [1, 540, 1, 200, 720]}, 'exacta': {'combinations': ['2 → 11'], 'payouts': [9, 870]}, 'trio': {'combinations': ['2 - 4 - 11'], 'payouts': [7, 910]}, 'trifecta': {'combinations': ['2 → 11 → 4'], 'payouts': [54, 810]}}",13.0,5,9,セルバーグ,2019106670,牡5,57.0,松山弘平,95.0,1/2,0,,36.7,20.6,1,0,2024,1,6,5,1,winter,0,,,0.0,,0,,,,,0,0,0.0,,56.27777777777778,,-0.7222222222222214,,1,0,0.0,0,0,0.0,0.0,,short,0.8460529164645124,-0.3739759038386365,0.0,-0.8065020648543816,0.0,0.0,0.0,0.0,0.0,0.0,0.0,-0.28347335475692037,0.0,-0.28347335475692037,-0.28347335475692037,0.6495828750969169,-0.5646512510471653,0.0,-0.28347335475692037,-0.28347335475692037,-0.41803980857497053,-0.5359422007578724,-0.41803980857497053,-0.5359422007578724
202408010109,2024-01-06,京都,9,一般,"{'win': {'combinations': ['6'], 'payouts': [370]}, 'place': {'combinations': ['6', '1', '5'], 'payouts': [150, 190, 250]}, 'bracket_quinella': {'combinations': ['1 - 5'], 'payouts': [740]}, 'quinella': {'combinations': ['1 - 6'], 'payouts': [920]}, 'wide': {'combinations': ['1 - 6', '5 - 6', '1 - 5'], 'payouts': [420, 550, 740]}, 'exacta': {'combinations': ['6 → 1'], 'payouts': [1, 790]}, 'trio': {'combinations': ['1 - 5 - 6'], 'payouts': [2, 180]}, 'trifecta': {'combinations': ['6 → 1 → 5'], 'payouts': [11, 490]}}",1.0,5,6,モズリッキー,2019106699,牡5,58.0,松山弘平,83.5,nan,0,,36.9,3.7,1,0,2024,1,6,5,1,winter,0,,,0.0,,1,,,,,0,1,1.0,,57.666666666666664,,-0.3333333333333357,,1,1,1.0,1,1,1.0,1.0,,short,1.4586028215786855,-0.9481490428246099,0.0,-0.7272437908666632,0.0,0.0,0.0,0.0,0.0,0.0,0.0,3.527668414752787,0.0,3.527668414752787,3.527668414752787,2.0186741115840614,-0.26060826971407836,0.0,3.527668414752787,3.527668414752787,2.39211668240122,1.8658728470829629,2.39211668240122,1.8658728470829629
202406010106,2024-01-06,中山,6,一般,"{'win': {'combinations': ['11'], 'payouts': [300]}, 'place': {'combinations': ['11', '6', '2'], 'payouts': [170, 340, 750]}, 'bracket_quinella': {'combinations': ['3 - 6'], 'payouts': [910]}, 'quinella': {'combinations': ['6 - 11'], 'payouts': [1, 500]}, 'wide': {'combinations': ['6 - 11', '2 - 11', '2 - 6'], 'payouts': [610, 1, 620, 5, 510]}, 'exacta': {'combinations': ['11 → 6'], 'payouts': [2, 230]}, 'trio': {'combinations': ['2 - 6 - 11'], 'payouts': [19, 100]}, 'trifecta': {'combinations': ['11 → 6 → 2'], 'payouts': [56, 210]}}",14.0,4,7,パワーエンブレム,2019106702,牡5,58.0,宮崎北斗,159.8,ハナ,0,,41.0,170.2,0,0,2024,1,6,5,1,winter,0,,,0.0,,0,,,,,0,0,0.0,,56.75,,-1.25,,1,0,0.0,0,0,0.0,0.0,,short,1.4586028215786855,2.8613649140997186,0.0,0.8975508258815994,0.0,0.0,0.0,0.0,0.0,0.0,0.0,-0.28347335475692037,0.0,-0.28347335475692037,-0.28347335475692037,1.1150738955025463,-0.9772810114277872,0.0,-0.28347335475692037,-0.28347335475692037,-0.41803980857497053,-0.5359422007578724,-0.41803980857497053,-0.5359422007578724
202455010608,2024-01-06,佐賀,8,一般,"{'win': {'combinations': ['8'], 'payouts': [390]}, 'place': {'combinations': ['8', '5', '4'], 'payouts': [140, 140, 150]}, 'quinella': {'combinations': ['5 - 8'], 'payouts': [930]}, 'wide': {'combinations': ['5 - 8', '4 - 8', '4 - 5'], 'payouts': [350, 270, 440]}, 'exacta': {'combinations': ['8 → 5'], 'payouts': [2, 110]}, 'trio': {'combinations': ['4 - 5 - 8'], 'payouts': [1, 430]}, 'trifecta': {'combinations': ['8 → 5 → 4'], 'payouts': [7, 70]}}",5.0,6,6,アオイトランプ,2019106873,セ5,56.0,石川倭,85.1,2,0,,39.6,3.3,2,0,2024,1,6,5,1,winter,0,,,0.0,,0,,,,,0,0,0.0,,54.875,,-1.125,,1,0,0.0,0,0,0.0,0.0,,short,0.23350301135033932,-0.8682640843569965,0.0,0.3427429079675593,0.0,0.0,0.0,0.0,0.0,0.0,0.0,-0.28347335475692037,0.0,-0.28347335475692037,-0.28347335475692037,-0.7331992737551029,-0.8795529102850085,0.0,-0.28347335475692037,-0.28347335475692037,-0.41803980857497053,-0.5359422007578724,-0.41803980857497053,-0.5359422007578724
202455010608,2024-01-06,佐賀,8,一般,"{'win': {'combinations': ['8'], 'payouts': [390]}, 'place': {'combinations': ['8', '5', '4'], 'payouts': [140, 140, 150]}, 'quinella': {'combinations': ['5 - 8'], 'payouts': [930]}, 'wide': {'combinations': ['5 - 8', '4 - 8', '4 - 5'], 'payouts': [350, 270, 440]}, 'exacta': {'combinations': ['8 → 5'], 'payouts': [2, 110]}, 'trio': {'combinations': ['4 - 5 - 8'], 'payouts': [1, 430]}, 'trifecta': {'combinations': ['8 → 5 → 4'], 'payouts': [7, 70]}}",1.0,8,8,スパイツァック,2019110008,牝5,54.0,山田義貴,84.1,nan,0,,39.8,3.9,2,0,2024,1,6,5,1,winter,0,,,0.0,,1,,,,,0,1,1.0,,54.875,,0.875,,1,1,1.0,1,1,1.0,1.0,,short,-0.9915967988780069,-0.918192183399255,0.0,0.4220011819552777,0.0,0.0,0.0,0.0,0.0,0.0,0.0,3.527668414752787,0.0,3.527668414752787,3.527668414752787,-0.7331992737551029,0.6840967079994511,0.0,3.527668414752787,3.527668414752787,2.39211668240122,1.8658728470829629,2.39211668240122,1.8658728470829629
202408010109,2024-01-06,京都,9,一般,"{'win': {'combinations': ['6'], 'payouts': [370]}, 'place': {'combinations': ['6', '1', '5'], 'payouts': [150, 190, 250]}, 'bracket_quinella': {'combinations': ['1 - 5'], 'payouts': [740]}, 'quinella': {'combinations': ['1 - 6'], 'payouts': [920]}, 'wide': {'combinations': ['1 - 6', '5 - 6', '1 - 5'], 'payouts': [420, 550, 740]}, 'exacta': {'combinations': ['6 → 1'], 'payouts': [1, 790]}, 'trio': {'combinations': ['1 - 5 - 6'], 'payouts': [2, 180]}, 'trifecta': {'combinations': ['6 → 1 → 5'], 'payouts': [11, 490]}}",6.0,6,8,シアージスト,2019110009,牡5,58.0,藤岡佑介,84.4,3/4,0,,38.1,7.2,1,0,2024,1,6,5,1,winter,0,,,0.0,,0,,,,,0,0,0.0,,57.666666666666664,,-0.3333333333333357,,1,0,0.0,0,0,0.0,0.0,,short,1.4586028215786855,-0.9032137536865769,0.0,-0.2516941469403415,0.0,0.0,0.0,0.0,0.0,0.0,0.0,-0.28347335475692037,0.0,-0.28347335475692037,-0.28347335475692037,2.0186741115840614,-0.26060826971407836,0.0,-0.28347335475692037,-0.28347335475692037,-0.41803980857497053,-0.5359422007578724,-0.41803980857497053,-0.5359422007578724
202455010606,2024-01-06,佐賀,6,一般,"{'win': {'combinations': ['9'], 'payouts': [1, 830]}, 'place': {'combinations': ['9', '10', '2'], 'payouts': [330, 340, 210]}, 'bracket_quinella': {'combinations': ['7 - 8'], 'payouts': [1, 230]}, 'quinella': {'combinations': ['9 - 10'], 'payouts': [5, 230]}, 'wide': {'combinations': ['9 - 10', '2 - 9', '2 - 10'], 'payouts': [1, 610, 1, 270, 1, 60]}, 'exacta': {'combinations': ['9 → 10'], 'payouts': [11, 400]}, 'trio': {'combinations': ['2 - 9 - 10'], 'payouts': [9, 980]}, 'trifecta': {'combinations': ['9 → 10 → 2'], 'payouts': [83, 810]}}",11.0,6,6,グッドカウンセル,2019110048,牝5,54.0,山田義貴,88.6,6,0,,43.2,66.0,2,0,2024,1,6,5,1,winter,0,,,0.0,,0,,,,,0,0,0.0,,54.81818181818182,,0.8181818181818201,,1,0,0.0,0,0,0.0,0.0,,short,-0.9915967988780069,-0.6935157377090916,0.0,1.7693918397465216,0.0,0.0,0.0,0.0,0.0,0.0,0.0,-0.28347335475692037,0.0,-0.28347335475692037,-0.28347335475692037,-0.7892075516113933,0.6396748438436441,0.0,-0.28347335475692037,-0.28347335475692037,-0.41803980857497053,-0.5359422007578724,-0.41803980857497053,-0.5359422007578724
202455010607,2024-01-06,佐賀,7,一般,"{'win': {'combinations': ['7'], 'payouts': [880]}, 'place': {'combinations': ['7', '9', '1'], 'payouts': [200, 160, 670]}, 'bracket_quinella': {'combinations': ['6 - 7'], 'payouts': [760]}, 'quinella': {'combinations': ['7 - 9'], 'payouts': [910]}, 'wide': {'combinations': ['7 - 9', '1 - 7', '1 - 9'], 'payouts': [490, 1, 430, 1, 710]}, 'exacta': {'combinations': ['7 → 9'], 'payouts': [2, 430]}, 'trio': {'combinations': ['1 - 7 - 9'], 'payouts': [5, 860]}, 'trifecta': {'combinations': ['7 → 9 → 1'], 'payouts': [28, 800]}}",5.0,4,4,ブラカー,2019110049,牡5,56.0,出水拓人,87.5,クビ,0,,39.4,5.4,2,0,2024,1,6,5,1,winter,0,,,0.0,,0,,,,,0,0,0.0,,54.333333333333336,,-1.6666666666666643,,1,0,0.0,0,0,0.0,0.0,,short,0.23350301135033932,-0.7484366466555756,0.0,0.26348463397983807,0.0,0.0,0.0,0.0,0.0,0.0,0.0,-0.28347335475692037,0.0,-0.28347335475692037,-0.28347335475692037,-1.2671448559850882,-1.3030413485703811,0.0,-0.28347335475692037,-0.28347335475692037,-0.41803980857497053,-0.5359422007578724,-0.41803980857497053,-0.5359422007578724
202455010606,2024-01-06,佐賀,6,一般,"{'win': {'combinations': ['9'], 'payouts': [1, 830]}, 'place': {'combinations': ['9', '10', '2'], 'payouts': [330, 340, 210]}, 'bracket_quinella': {'combinations': ['7 - 8'], 'payouts': [1, 230]}, 'quinella': {'combinations': ['9 - 10'], 'payouts': [5, 230]}, 'wide': {'combinations': ['9 - 10', '2 - 9', '2 - 10'], 'payouts': [1, 610, 1, 270, 1, 60]}, 'exacta': {'combinations': ['9 → 10'], 'payouts': [11, 400]}, 'trio': {'combinations': ['2 - 9 - 10'], 'payouts': [9, 980]}, 'trifecta': {'combinations': ['9 → 10 → 2'], 'payouts': [83, 810]}}",5.0,1,1,マジカルウェーヴ,2020100025,牝4,54.0,加茂飛翔,86.4,1.1/2,0,,40.8,10.4,2,0,2024,1,6,5,1,winter,0,,,0.0,,0,,,,,0,0,0.0,,54.81818181818182,,0.8181818181818201,,1,0,0.0,0,0,0.0,0.0,,short,-0.9915967988780069,-0.8033575556020598,0.0,0.8182925518938782,0.0,0.0,0.0,0.0,0.0,0.0,0.0,-0.28347335475692037,0.0,-0.28347335475692037,-0.28347335475692037,-0.7892075516113933,0.6396748438436441,0.0,-0.28347335475692037,-0.28347335475692037,-0.41803980857497053,-0.5359422007578724,-0.41803980857497053,-0.5359422007578724
202455010607,2024-01-06,佐賀,7,一般,"{'win': {'combinations': ['7'], 'payouts': [880]}, 'place': {'combinations': ['7', '9', '1'], 'payouts': [200, 160, 670]}, 'bracket_quinella': {'combinations': ['6 - 7'], 'payouts': [760]}, 'quinella': {'combinations': ['7 - 9'], 'payouts': [910]}, 'wide': {'combinations': ['7 - 9', '1 - 7', '1 - 9'], 'payouts': [490, 1, 430, 1, 710]}, 'exacta': {'combinations': ['7 → 9'], 'payouts': [2, 430]}, 'trio': {'combinations': ['1 - 7 - 9'], 'payouts': [5, 860]}, 'trifecta': {'combinations': ['7 → 9 → 1'], 'payouts': [28, 800]}}",9.0,2,2,シゲルテイオウ,2020100026,牡4,53.0,合林海斗,87.7,クビ,0,,39.9,27.2,2,0,2024,1,6,5,1,winter,0,,,0.0,,0,,,,,0,0,0.0,,54.333333333333336,,1.3333333333333357,,1,0,0.0,0,0,0.0,0.0,,short,-1.60414670399218,-0.7384510268471238,0.0,0.4616303189491383,0.0,0.0,0.0,0.0,0.0,0.0,0.0,-0.28347335475692037,0.0,-0.28347335475692037,-0.28347335475692037,-1.2671448559850882,1.0424330788563083,0.0,-0.28347335475692037,-0.28347335475692037,-0.41803980857497053,-0.5359422007578724,-0.41803980857497053,-0.5359422007578724
202408010112,2024-01-06,京都,12,一般,"{'win': {'combinations': ['1'], 'payouts': [2, 140]}, 'place': {'combinations': ['1', '2', '5'], 'payouts': [500, 280, 170]}, 'bracket_quinella': {'combinations': ['1 - 1'], 'payouts': [11, 260]}, 'quinella': {'combinations': ['1 - 2'], 'payouts': [11, 170]}, 'wide': {'combinations': ['1 - 2', '1 - 5', '2 - 5'], 'payouts': [2, 740, 1, 590, 600]}, 'exacta': {'combinations': ['1 → 2'], 'payouts': [21, 410]}, 'trio': {'combinations': ['1 - 2 - 5'], 'payouts': [13, 410]}, 'trifecta': {'combinations': ['1 → 2 → 5'], 'payouts': [114, 370]}}",13.0,7,13,シルヴァーデューク,2020100052,牡4,57.0,川田将雅,109.4,3/4,0,,37.9,3.2,1,0,2024,1,6,5,1,winter,0,,,0.0,,0,,,,,0,0,0.0,,56.76470588235294,,-0.235294117647058,,1,0,0.0,0,0,0.0,0.0,,short,0.8460529164645124,0.344988722369887,0.0,-0.3309524209280627,0.0,0.0,0.0,0.0,0.0,0.0,0.0,-0.28347335475692037,0.0,-0.28347335475692037,-0.28347335475692037,1.1295701556535875,-0.18395877862170038,0.0,-0.28347335475692037,-0.28347335475692037,-0.41803980857497053,-0.5359422007578724,-0.41803980857497053,-0.5359422007578724
202408010112,2024-01-06,京都,12,一般,"{'win': {'combinations': ['1'], 'payouts': [2, 140]}, 'place': {'combinations': ['1', '2', '5'], 'payouts': [500, 280, 170]}, 'bracket_quinella': {'combinations': ['1 - 1'], 'payouts': [11, 260]}, 'quinella': {'combinations': ['1 - 2'], 'payouts': [11, 170]}, 'wide': {'combinations': ['1 - 2', '1 - 5', '2 - 5'], 'payouts': [2, 740, 1, 590, 600]}, 'exacta': {'combinations': ['1 → 2'], 'payouts': [21, 410]}, 'trio': {'combinations': ['1 - 2 - 5'], 'payouts': [13, 410]}, 'trifecta': {'combinations': ['1 → 2 → 5'], 'payouts': [114, 370]}}",8.0,2,4,ロードマンハイム,2020100177,牡4,57.0,モリス,108.2,ハナ,0,,36.5,15.2,1,0,2024,1,6,5,1,winter,0,,,0.0,,0,,,,,0,0,0.0,,56.76470588235294,,-0.235294117647058,,1,0,0.0,0,0,0.0,0.0,,short,0.8460529164645124,0.2850750035191766,0.0,-0.8857603388421028,0.0,0.0,0.0,0.0,0.0,0.0,0.0,-0.28347335475692037,0.0,-0.28347335475692037,-0.28347335475692037,1.1295701556535875,-0.18395877862170038,0.0,-0.28347335475692037,-0.28347335475692037,-0.41803980857497053,-0.5359422007578724,-0.41803980857497053,-0.5359422007578724
202406010112,2024-01-06,中山,12,一般,"{'win': {'combinations': ['8'], 'payouts': [1, 790]}, 'place': {'combinations': ['8', '5', '14'], 'payouts': [340, 170, 450]}, 'bracket_quinella': {'combinations': ['3 - 4'], 'payouts': [3, 30]}, 'quinella': {'combinations': ['5 - 8'], 'payouts': [3, 510]}, 'wide': {'combinations': ['5 - 8', '8 - 14', '5 - 14'], 'payouts': [1, 0, 3, 10, 1, 530]}, 'exacta': {'combinations': ['8 → 5'], 'payouts': [9, 900]}, 'trio': {'combinations': ['5 - 8 - 14'], 'payouts': [19, 140]}, 'trifecta': {'combinations': ['8 → 5 → 14'], 'payouts': [121, 500]}}",15.0,1,2,アレクサ,2020100189,牡4,57.0,丹内祐次,116.0,4,0,,41.7,15.2,0,0,2024,1,6,5,1,winter,0,,,0.0,,0,,,,,0,0,0.0,,57.125,,0.125,,1,0,0.0,0,0,0.0,0.0,,short,0.8460529164645124,0.6745141760487932,0.0,1.174954784838621,0.0,0.0,0.0,0.0,0.0,0.0,0.0,-0.28347335475692037,0.0,-0.28347335475692037,-0.28347335475692037,1.4847285293540762,0.09772810114277881,0.0,-0.28347335475692037,-0.28347335475692037,-0.41803980857497053,-0.5359422007578724,-0.41803980857497053,-0.5359422007578724
202406010106,2024-01-06,中山,6,一般,"{'win': {'combinations': ['11'], 'payouts': [300]}, 'place': {'combinations': ['11', '6', '2'], 'payouts': [170, 340, 750]}, 'bracket_quinella': {'combinations': ['3 - 6'], 'payouts': [910]}, 'quinella': {'combinations': ['6 - 11'], 'payouts': [1, 500]}, 'wide': {'combinations': ['6 - 11', '2 - 11', '2 - 6'], 'payouts': [610, 1, 620, 5, 510]}, 'exacta': {'combinations': ['11 → 6'], 'payouts': [2, 230]}, 'trio': {'combinations': ['2 - 6 - 11'], 'payouts': [19, 100]}, 'trifecta': {'combinations': ['11 → 6 → 2'], 'payouts': [56, 210]}}",5.0,2,3,コトブキヘスペラス,2020100209,牡4,57.0,江田照男,157.7,アタマ,0,,39.4,62.1,0,0,2024,1,6,5,1,winter,0,,,0.0,,0,,,,,0,0,0.0,,56.75,,-0.25,,1,0,0.0,0,0,0.0,0.0,,short,0.8460529164645124,2.7565159061109745,0.0,0.26348463397983807,0.0,0.0,0.0,0.0,0.0,0.0,0.0,-0.28347335475692037,0.0,-0.28347335475692037,-0.28347335475692037,1.1150738955025463,-0.19545620228555735,0.0,-0.28347335475692037,-0.28347335475692037,-0.41803980857497053,-0.5359422007578724,-0.41803980857497053,-0.5359422007578724
202455010601,2024-01-06,佐賀,1,一般,"{'win': {'combinations': ['3'], 'payouts': [110]}, 'place': {'combinations': ['3', '9', '10'], 'payouts': [100, 160, 200]}, 'bracket_quinella': {'combinations': ['3 - 8'], 'payouts': [260]}, 'quinella': {'combinations': ['3 - 9'], 'payouts': [770]}, 'wide': {'combinations': ['3 - 9', '3 - 10', '9 - 10'], 'payouts': [340, 230, 840]}, 'exacta': {'combinations': ['3 → 9'], 'payouts': [900]}, 'trio': {'combinations': ['3 - 9 - 10'], 'payouts': [1, 280]}, 'trifecta': {'combinations': ['3 → 9 → 10'], 'payouts': [4, 660]}}",3.0,8,10,ホッカイメルケル,2020100454,牝4,54.0,竹吉徹,93.8,1,0,,40.6,8.2,2,0,2024,1,6,5,1,winter,0,,,0.0,,0,,,,,0,0,0.0,,54.6,,0.6000000000000014,,1,0,0.0,0,1,0.0,1.0,,short,-0.9915967988780069,-0.4338896226893469,0.0,0.7390342779061598,0.0,0.0,0.0,0.0,0.0,0.0,0.0,-0.28347335475692037,0.0,-0.28347335475692037,-0.28347335475692037,-1.0042793385795568,0.46909488548533906,0.0,-0.28347335475692037,-0.28347335475692037,-0.41803980857497053,1.8658728470829629,-0.41803980857497053,1.8658728470829629
202455010606,2024-01-06,佐賀,6,一般,"{'win': {'combinations': ['9'], 'payouts': [1, 830]}, 'place': {'combinations': ['9', '10', '2'], 'payouts': [330, 340, 210]}, 'bracket_quinella': {'combinations': ['7 - 8'], 'payouts': [1, 230]}, 'quinella': {'combinations': ['9 - 10'], 'payouts': [5, 230]}, 'wide': {'combinations': ['9 - 10', '2 - 9', '2 - 10'], 'payouts': [1, 610, 1, 270, 1, 60]}, 'exacta': {'combinations': ['9 → 10'], 'payouts': [11, 400]}, 'trio': {'combinations': ['2 - 9 - 10'], 'payouts': [9, 980]}, 'trifecta': {'combinations': ['9 → 10 → 2'], 'payouts': [83, 810]}}",8.0,7,8,リュウノイーグル,2020100478,牡4,56.0,魚住謙心,87.3,1.1/2,0,,40.0,52.8,2,0,2024,1,6,5,1,winter,0,,,0.0,,0,,,,,0,0,0.0,,54.81818181818182,,-1.1818181818181799,,1,0,0.0,0,0,0.0,0.0,,short,0.23350301135033932,-0.7584222664640276,0.0,0.5012594559429989,0.0,0.0,0.0,0.0,0.0,0.0,0.0,-0.28347335475692037,0.0,-0.28347335475692037,-0.28347335475692037,-0.7892075516113933,-0.9239747744408155,0.0,-0.28347335475692037,-0.28347335475692037,-0.41803980857497053,-0.5359422007578724,-0.41803980857497053,-0.5359422007578724
202455010603,2024-01-06,佐賀,3,一般,"{'win': {'combinations': ['7'], 'payouts': [120]}, 'place': {'combinations': ['7', '10', '8'], 'payouts': [100, 100, 140]}, 'bracket_quinella': {'combinations': ['6 - 7'], 'payouts': [140]}, 'quinella': {'combinations': ['7 - 10'], 'payouts': [170]}, 'wide': {'combinations': ['7 - 10', '7 - 8', '8 - 10'], 'payouts': [150, 210, 340]}, 'exacta': {'combinations': ['7 → 10'], 'payouts': [260]}, 'trio': {'combinations': ['7 - 8 - 10'], 'payouts': [360]}, 'trifecta': {'combinations': ['7 → 10 → 8'], 'payouts': [700]}}",12.0,1,1,リュウノミグ,2020100511,牡4,56.0,魚住謙心,96.8,4,0,,43.3,29.9,2,0,2024,1,6,5,1,winter,0,,,0.0,,0,,,,,0,0,0.0,,54.166666666666664,,-1.8333333333333357,,1,0,0.0,0,0,0.0,0.0,,short,0.23350301135033932,-0.28410532556257123,0.0,1.8090209767403795,0.0,0.0,0.0,0.0,0.0,0.0,0.0,-0.28347335475692037,0.0,-0.28347335475692037,-0.28347335475692037,-1.4314358043635504,-1.433345483427423,0.0,-0.28347335475692037,-0.28347335475692037,-0.41803980857497053,-0.5359422007578724,-0.41803980857497053,-0.5359422007578724
202455010606,2024-01-06,佐賀,6,一般,"{'win': {'combinations': ['9'], 'payouts': [1, 830]}, 'place': {'combinations': ['9', '10', '2'], 'payouts': [330, 340, 210]}, 'bracket_quinella': {'combinations': ['7 - 8'], 'payouts': [1, 230]}, 'quinella': {'combinations': ['9 - 10'], 'payouts': [5, 230]}, 'wide': {'combinations': ['9 - 10', '2 - 9', '2 - 10'], 'payouts': [1, 610, 1, 270, 1, 60]}, 'exacta': {'combinations': ['9 → 10'], 'payouts': [11, 400]}, 'trio': {'combinations': ['2 - 9 - 10'], 'payouts': [9, 980]}, 'trifecta': {'combinations': ['9 → 10 → 2'], 'payouts': [83, 810]}}",3.0,2,2,トリニティテソーロ,2020100627,牝4,54.0,小松丈二,85.9,ハナ,0,,41.2,5.4,2,0,2024,1,6,5,1,winter,0,,,0.0,,0,,,,,0,0,0.0,,54.81818181818182,,0.8181818181818201,,1,0,0.0,0,1,0.0,1.0,,short,-0.9915967988780069,-0.8283216051231891,0.0,0.9768090998693206,0.0,0.0,0.0,0.0,0.0,0.0,0.0,-0.28347335475692037,0.0,-0.28347335475692037,-0.28347335475692037,-0.7892075516113933,0.6396748438436441,0.0,-0.28347335475692037,-0.28347335475692037,-0.41803980857497053,1.8658728470829629,-0.41803980857497053,1.8658728470829629
202408010112,2024-01-06,京都,12,一般,"{'win': {'combinations': ['1'], 'payouts': [2, 140]}, 'place': {'combinations': ['1', '2', '5'], 'payouts': [500, 280, 170]}, 'bracket_quinella': {'combinations': ['1 - 1'], 'payouts': [11, 260]}, 'quinella': {'combinations': ['1 - 2'], 'payouts': [11, 170]}, 'wide': {'combinations': ['1 - 2', '1 - 5', '2 - 5'], 'payouts': [2, 740, 1, 590, 600]}, 'exacta': {'combinations': ['1 → 2'], 'payouts': [21, 410]}, 'trio': {'combinations': ['1 - 2 - 5'], 'payouts': [13, 410]}, 'trifecta': {'combinations': ['1 → 2 → 5'], 'payouts': [114, 370]}}",7.0,6,12,アンテロース,2020100678,牡4,57.0,吉田隼人,108.2,1.3/4,0,,36.8,21.1,1,0,2024,1,6,5,1,winter,0,,,0.0,,0,,,,,0,0,0.0,,56.76470588235294,,-0.235294117647058,,1,0,0.0,0,0,0.0,0.0,,short,0.8460529164645124,0.2850750035191766,0.0,-0.7668729278605239,0.0,0.0,0.0,0.0,0.0,0.0,0.0,-0.28347335475692037,0.0,-0.28347335475692037,-0.28347335475692037,1.1295701556535875,-0.18395877862170038,0.0,-0.28347335475692037,-0.28347335475692037,-0.41803980857497053,-0.5359422007578724,-0.41803980857497053,-0.5359422007578724
202408010112,2024-01-06,京都,12,一般,"{'win': {'combinations': ['1'], 'payouts': [2, 140]}, 'place': {'combinations': ['1', '2', '5'], 'payouts': [500, 280, 170]}, 'bracket_quinella': {'combinations': ['1 - 1'], 'payouts': [11, 260]}, 'quinella': {'combinations': ['1 - 2'], 'payouts': [11, 170]}, 'wide': {'combinations': ['1 - 2', '1 - 5', '2 - 5'], 'payouts': [2, 740, 1, 590, 600]}, 'exacta': {'combinations': ['1 → 2'], 'payouts': [21, 410]}, 'trio': {'combinations': ['1 - 2 - 5'], 'payouts': [13, 410]}, 'trifecta': {'combinations': ['1 → 2 → 5'], 'payouts': [114, 370]}}",10.0,2,3,ジーニアスバローズ,2020100681,牡4,57.0,菱田裕二,108.7,クビ,0,,36.8,19.0,1,0,2024,1,6,5,1,winter,0,,,0.0,,0,,,,,0,0,0.0,,56.76470588235294,,-0.235294117647058,,1,0,0.0,0,0,0.0,0.0,,short,0.8460529164645124,0.3100390530403059,0.0,-0.7668729278605239,0.0,0.0,0.0,0.0,0.0,0.0,0.0,-0.28347335475692037,0.0,-0.28347335475692037,-0.28347335475692037,1.1295701556535875,-0.18395877862170038,0.0,-0.28347335475692037,-0.28347335475692037,-0.41803980857497053,-0.5359422007578724,-0.41803980857497053,-0.5359422007578724
202455010601,2024-01-06,佐賀,1,一般,"{'win': {'combinations': ['3'], 'payouts': [110]}, 'place': {'combinations': ['3', '9', '10'], 'payouts': [100, 160, 200]}, 'bracket_quinella': {'combinations': ['3 - 8'], 'payouts': [260]}, 'quinella': {'combinations': ['3 - 9'], 'payouts': [770]}, 'wide': {'combinations': ['3 - 9', '3 - 10', '9 - 10'], 'payouts': [340, 230, 840]}, 'exacta': {'combinations': ['3 → 9'], 'payouts': [900]}, 'trio': {'combinations': ['3 - 9 - 10'], 'payouts': [1, 280]}, 'trifecta': {'combinations': ['3 → 9 → 10'], 'payouts': [4, 660]}}",5.0,1,1,ナディアクイーン,2020100737,牝4,54.0,小林凌,94.4,1/2,0,,40.5,11.2,2,0,2024,1,6,5,1,winter,0,,,0.0,,0,,,,,0,0,0.0,,54.6,,0.6000000000000014,,1,0,0.0,0,0,0.0,0.0,,short,-0.9915967988780069,-0.40393276326399136,0.0,0.6994051409122992,0.0,0.0,0.0,0.0,0.0,0.0,0.0,-0.28347335475692037,0.0,-0.28347335475692037,-0.28347335475692037,-1.0042793385795568,0.46909488548533906,0.0,-0.28347335475692037,-0.28347335475692037,-0.41803980857497053,-0.5359422007578724,-0.41803980857497053,-0.5359422007578724
202455010606,2024-01-06,佐賀,6,一般,"{'win': {'combinations': ['9'], 'payouts': [1, 830]}, 'place': {'combinations': ['9', '10', '2'], 'payouts': [330, 340, 210]}, 'bracket_quinella': {'combinations': ['7 - 8'], 'payouts': [1, 230]}, 'quinella': {'combinations': ['9 - 10'], 'payouts': [5, 230]}, 'wide': {'combinations': ['9 - 10', '2 - 9', '2 - 10'], 'payouts': [1, 610, 1, 270, 1, 60]}, 'exacta': {'combinations': ['9 → 10'], 'payouts': [11, 400]}, 'trio': {'combinations': ['2 - 9 - 10'], 'payouts': [9, 980]}, 'trifecta': {'combinations': ['9 → 10 → 2'], 'payouts': [83, 810]}}",4.0,6,7,ワンダーハイパー,2020100753,牡4,56.0,田中純,86.1,1,0,,39.4,2.8,2,0,2024,1,6,5,1,winter,0,,,0.0,,0,,,,,0,0,0.0,,54.81818181818182,,-1.1818181818181799,,1,0,0.0,0,0,0.0,0.0,,short,0.23350301135033932,-0.818335985314738,0.0,0.26348463397983807,0.0,0.0,0.0,0.0,0.0,0.0,0.0,-0.28347335475692037,0.0,-0.28347335475692037,-0.28347335475692037,-0.7892075516113933,-0.9239747744408155,0.0,-0.28347335475692037,-0.28347335475692037,-0.41803980857497053,-0.5359422007578724,-0.41803980857497053,-0.5359422007578724
202408010109,2024-01-06,京都,9,一般,"{'win': {'combinations': ['6'], 'payouts': [370]}, 'place': {'combinations': ['6', '1', '5'], 'payouts': [150, 190, 250]}, 'bracket_quinella': {'combinations': ['1 - 5'], 'payouts': [740]}, 'quinella': {'combinations': ['1 - 6'], 'payouts': [920]}, 'wide': {'combinations': ['1 - 6', '5 - 6', '1 - 5'], 'payouts': [420, 550, 740]}, 'exacta': {'combinations': ['6 → 1'], 'payouts': [1, 790]}, 'trio': {'combinations': ['1 - 5 - 6'], 'payouts': [2, 180]}, 'trifecta': {'combinations': ['6 → 1 → 5'], 'payouts': [11, 490]}}",4.0,7,9,コパノパサディナ,2020100829,牡4,57.0,岩田望来,84.2,クビ,0,,37.2,15.0,1,0,2024,1,6,5,1,winter,0,,,0.0,,0,,,,,0,0,0.0,,57.666666666666664,,0.6666666666666643,,1,0,0.0,0,0,0.0,0.0,,short,0.8460529164645124,-0.9131993734950288,0.0,-0.6083563798850814,0.0,0.0,0.0,0.0,0.0,0.0,0.0,-0.28347335475692037,0.0,-0.28347335475692037,-0.28347335475692037,2.0186741115840614,0.5212165394281514,0.0,-0.28347335475692037,-0.28347335475692037,-0.41803980857497053,-0.5359422007578724,-0.41803980857497053,-0.5359422007578724
202455010606,2024-01-06,佐賀,6,一般,"{'win': {'combinations': ['9'], 'payouts': [1, 830]}, 'place': {'combinations': ['9', '10', '2'], 'payouts': [330, 340, 210]}, 'bracket_quinella': {'combinations': ['7 - 8'], 'payouts': [1, 230]}, 'quinella': {'combinations': ['9 - 10'], 'payouts': [5, 230]}, 'wide': {'combinations': ['9 - 10', '2 - 9', '2 - 10'], 'payouts': [1, 610, 1, 270, 1, 60]}, 'exacta': {'combinations': ['9 → 10'], 'payouts': [11, 400]}, 'trio': {'combinations': ['2 - 9 - 10'], 'payouts': [9, 980]}, 'trifecta': {'combinations': ['9 → 10 → 2'], 'payouts': [83, 810]}}",1.0,7,9,ダンカークウルフ,2020100835,牡4,56.0,出水拓人,85.9,nan,0,,38.8,18.3,2,0,2024,1,6,5,1,winter,0,,,0.0,,1,,,,,0,1,1.0,,54.81818181818182,,-1.1818181818181799,,1,1,1.0,1,1,1.0,1.0,,short,0.23350301135033932,-0.8283216051231891,0.0,0.0257098120166772,0.0,0.0,0.0,0.0,0.0,0.0,0.0,3.527668414752787,0.0,3.527668414752787,3.527668414752787,-0.7892075516113933,-0.9239747744408155,0.0,3.527668414752787,3.527668414752787,2.39211668240122,1.8658728470829629,2.39211668240122,1.8658728470829629
202406010106,2024-01-06,中山,6,一般,"{'win': {'combinations': ['11'], 'payouts': [300]}, 'place': {'combinations': ['11', '6', '2'], 'payouts': [170, 340, 750]}, 'bracket_quinella': {'combinations': ['3 - 6'], 'payouts': [910]}, 'quinella': {'combinations': ['6 - 11'], 'payouts': [1, 500]}, 'wide': {'combinations': ['6 - 11', '2 - 11', '2 - 6'], 'payouts': [610, 1, 620, 5, 510]}, 'exacta': {'combinations': ['11 → 6'], 'payouts': [2, 230]}, 'trio': {'combinations': ['2 - 6 - 11'], 'payouts': [19, 100]}, 'trifecta': {'combinations': ['11 → 6 → 2'], 'payouts': [56, 210]}}",10.0,3,5,ポンサン,2020100838,牡4,57.0,横山和生,158.4,2,0,,40.1,14.6,0,0,2024,1,6,5,1,winter,0,,,0.0,,0,,,,,0,0,0.0,,56.75,,-0.25,,1,0,0.0,0,0,0.0,0.0,,short,0.8460529164645124,2.791465575440556,0.0,0.5408885929368595,0.0,0.0,0.0,0.0,0.0,0.0,0.0,-0.28347335475692037,0.0,-0.28347335475692037,-0.28347335475692037,1.1150738955025463,-0.19545620228555735,0.0,-0.28347335475692037,-0.28347335475692037,-0.41803980857497053,-0.5359422007578724,-0.41803980857497053,-0.5359422007578724
202408010107,2024-01-06,京都,7,一般,"{'win': {'combinations': ['7'], 'payouts': [250]}, 'place': {'combinations': ['7', '10', '11'], 'payouts': [130, 220, 270]}, 'bracket_quinella': {'combinations': ['6 - 8'], 'payouts': [540]}, 'quinella': {'combinations': ['7 - 10'], 'payouts': [1, 70]}, 'wide': {'combinations': ['7 - 10', '7 - 11', '10 - 11'], 'payouts': [460, 520, 1, 140]}, 'exacta': {'combinations': ['7 → 10'], 'payouts': [1, 580]}, 'trio': {'combinations': ['7 - 10 - 11'], 'payouts': [2, 980]}, 'trifecta': {'combinations': ['7 → 10 → 11'], 'payouts': [9, 670]}}",10.0,5,5,セレクティオ,2020100987,牡4,57.0,鮫島克駿,114.9,1,0,,39.3,34.4,1,0,2024,1,6,5,1,winter,0,,,0.0,,0,,,,,0,0,0.0,,57.0,,0.0,,1,0,0.0,0,0,0.0,0.0,,short,0.8460529164645124,0.6195932671023091,0.0,0.22385549698597745,0.0,0.0,0.0,0.0,0.0,0.0,0.0,-0.28347335475692037,0.0,-0.28347335475692037,-0.28347335475692037,1.3615103180702328,8.034379279775345e-17,0.0,-0.28347335475692037,-0.28347335475692037,-0.41803980857497053,-0.5359422007578724,-0.41803980857497053,-0.5359422007578724
202455010604,2024-01-06,佐賀,4,一般,"{'win': {'combinations': ['4'], 'payouts': [130]}, 'place': {'combinations': ['4', '1', '5'], 'payouts': [100, 140, 100]}, 'bracket_quinella': {'combinations': ['1 - 4'], 'payouts': [790]}, 'quinella': {'combinations': ['1 - 4'], 'payouts': [560]}, 'wide': {'combinations': ['1 - 4', '4 - 5', '1 - 5'], 'payouts': [230, 130, 300]}, 'exacta': {'combinations': ['4 → 1'], 'payouts': [640]}, 'trio': {'combinations': ['1 - 4 - 5'], 'payouts': [430]}, 'trifecta': {'combinations': ['4 → 1 → 5'], 'payouts': [1, 400]}}",9.0,7,8,キタノファルクス,2020101083,牝4,54.0,魚住謙心,96.4,2,0,,41.0,33.3,2,0,2024,1,6,5,1,winter,0,,,0.0,,0,,,,,0,0,0.0,,53.9,,-0.10000000000000142,,1,0,0.0,0,0,0.0,0.0,,short,-0.9915967988780069,-0.30407656517947423,0.0,0.8975508258815994,0.0,0.0,0.0,0.0,0.0,0.0,0.0,-0.28347335475692037,0.0,-0.28347335475692037,-0.28347335475692037,-1.6943013217690819,-0.07818248091422401,0.0,-0.28347335475692037,-0.28347335475692037,-0.41803980857497053,-0.5359422007578724,-0.41803980857497053,-0.5359422007578724
202455010602,2024-01-06,佐賀,2,一般,"{'win': {'combinations': ['11'], 'payouts': [150]}, 'place': {'combinations': ['11', '8', '5'], 'payouts': [180, 250, 2, 0]}, 'bracket_quinella': {'combinations': ['7 - 8'], 'payouts': [870]}, 'quinella': {'combinations': ['8 - 11'], 'payouts': [810]}, 'wide': {'combinations': ['8 - 11', '5 - 11', '5 - 8'], 'payouts': [430, 2, 380, 4, 670]}, 'exacta': {'combinations': ['11 → 8'], 'payouts': [980]}, 'trio': {'combinations': ['5 - 8 - 11'], 'payouts': [11, 860]}, 'trifecta': {'combinations': ['11 → 8 → 5'], 'payouts': [28, 710]}}",11.0,4,4,ショウナンカムイ,2020101108,牡4,56.0,川島拓,96.3,5,0,,42.0,21.8,2,0,2024,1,6,5,1,winter,0,,,0.0,,0,,,,,0,0,0.0,,55.0,,-1.0,,1,0,0.0,0,0,0.0,0.0,,short,0.23350301135033932,-0.3090693750837005,0.0,1.2938421958202,0.0,0.0,0.0,0.0,0.0,0.0,0.0,-0.28347335475692037,0.0,-0.28347335475692037,-0.28347335475692037,-0.6099810624712596,-0.7818248091422297,0.0,-0.28347335475692037,-0.28347335475692037,-0.41803980857497053,-0.5359422007578724,-0.41803980857497053,-0.5359422007578724
202406010108,2024-01-06,中山,8,一般,"{'win': {'combinations': ['8'], 'payouts': [560]}, 'place': {'combinations': ['8', '4', '10'], 'payouts': [230, 1, 50, 1, 730]}, 'bracket_quinella': {'combinations': ['2 - 4'], 'payouts': [4, 130]}, 'quinella': {'combinations': ['4 - 8'], 'payouts': [10, 500]}, 'wide': {'combinations': ['4 - 8', '8 - 10', '4 - 10'], 'payouts': [3, 450, 6, 410, 27, 650]}, 'exacta': {'combinations': ['8 → 4'], 'payouts': [17, 340]}, 'trio': {'combinations': ['4 - 8 - 10'], 'payouts': [176, 980]}, 'trifecta': {'combinations': ['8 → 4 → 10'], 'payouts': [759, 60]}}",2.0,2,4,イージーオンミー,2020101143,牝4,55.0,石橋脩,115.9,3/4,0,,38.9,45.7,0,0,2024,1,6,5,1,winter,0,,,0.0,,0,,,,,0,0,0.0,,54.375,,-0.625,,1,0,0.0,1,1,1.0,1.0,,short,-0.3790468937638338,0.6695213661445676,0.0,0.06533894901053781,0.0,0.0,0.0,0.0,0.0,0.0,0.0,-0.28347335475692037,0.0,-0.28347335475692037,-0.28347335475692037,-1.226072118890476,-0.4886405057138935,0.0,-0.28347335475692037,-0.28347335475692037,2.39211668240122,1.8658728470829629,2.39211668240122,1.8658728470829629
202455010607,2024-01-06,佐賀,7,一般,"{'win': {'combinations': ['7'], 'payouts': [880]}, 'place': {'combinations': ['7', '9', '1'], 'payouts': [200, 160, 670]}, 'bracket_quinella': {'combinations': ['6 - 7'], 'payouts': [760]}, 'quinella': {'combinations': ['7 - 9'], 'payouts': [910]}, 'wide': {'combinations': ['7 - 9', '1 - 7', '1 - 9'], 'payouts': [490, 1, 430, 1, 710]}, 'exacta': {'combinations': ['7 → 9'], 'payouts': [2, 430]}, 'trio': {'combinations': ['1 - 7 - 9'], 'payouts': [5, 860]}, 'trifecta': {'combinations': ['7 → 9 → 1'], 'payouts': [28, 800]}}",4.0,8,12,フクシマルーラー,2020101215,牝4,54.0,石川慎将,87.4,1/2,0,,39.2,12.8,2,0,2024,1,6,5,1,winter,0,,,0.0,,0,,,,,0,0,0.0,,54.333333333333336,,0.3333333333333357,,1,0,0.0,0,0,0.0,0.0,,short,-0.9915967988780069,-0.7534294565598012,0.0,0.18422635999211967,0.0,0.0,0.0,0.0,0.0,0.0,0.0,-0.28347335475692037,0.0,-0.28347335475692037,-0.28347335475692037,-1.2671448559850882,0.2606082697140785,0.0,-0.28347335475692037,-0.28347335475692037,-0.41803980857497053,-0.5359422007578724,-0.41803980857497053,-0.5359422007578724
202406010112,2024-01-06,中山,12,一般,"{'win': {'combinations': ['8'], 'payouts': [1, 790]}, 'place': {'combinations': ['8', '5', '14'], 'payouts': [340, 170, 450]}, 'bracket_quinella': {'combinations': ['3 - 4'], 'payouts': [3, 30]}, 'quinella': {'combinations': ['5 - 8'], 'payouts': [3, 510]}, 'wide': {'combinations': ['5 - 8', '8 - 14', '5 - 14'], 'payouts': [1, 0, 3, 10, 1, 530]}, 'exacta': {'combinations': ['8 → 5'], 'payouts': [9, 900]}, 'trio': {'combinations': ['5 - 8 - 14'], 'payouts': [19, 140]}, 'trifecta': {'combinations': ['8 → 5 → 14'], 'payouts': [121, 500]}}",13.0,5,10,シグナルファイアー,2020101228,牝4,55.0,武士沢友,115.2,3.1/2,0,,37.9,38.0,0,0,2024,1,6,5,1,winter,0,,,0.0,,0,,,,,0,0,0.0,,57.125,,2.125,,1,0,0.0,0,0,0.0,0.0,,short,-0.3790468937638338,0.6345716968149865,0.0,-0.3309524209280627,0.0,0.0,0.0,0.0,0.0,0.0,0.0,-0.28347335475692037,0.0,-0.28347335475692037,-0.28347335475692037,1.4847285293540762,1.6613777194272383,0.0,-0.28347335475692037,-0.28347335475692037,-0.41803980857497053,-0.5359422007578724,-0.41803980857497053,-0.5359422007578724
202406010108,2024-01-06,中山,8,一般,"{'win': {'combinations': ['8'], 'payouts': [560]}, 'place': {'combinations': ['8', '4', '10'], 'payouts': [230, 1, 50, 1, 730]}, 'bracket_quinella': {'combinations': ['2 - 4'], 'payouts': [4, 130]}, 'quinella': {'combinations': ['4 - 8'], 'payouts': [10, 500]}, 'wide': {'combinations': ['4 - 8', '8 - 10', '4 - 10'], 'payouts': [3, 450, 6, 410, 27, 650]}, 'exacta': {'combinations': ['8 → 4'], 'payouts': [17, 340]}, 'trio': {'combinations': ['4 - 8 - 10'], 'payouts': [176, 980]}, 'trifecta': {'combinations': ['8 → 4 → 10'], 'payouts': [759, 60]}}",11.0,4,7,ランスノーブル,2020101250,牝4,55.0,田辺裕信,116.9,1.1/2,0,,39.8,3.4,0,0,2024,1,6,5,1,winter,0,,,0.0,,0,,,,,0,0,0.0,,54.375,,-0.625,,1,0,0.0,0,0,0.0,0.0,,short,-0.3790468937638338,0.7194494651868262,0.0,0.4220011819552777,0.0,0.0,0.0,0.0,0.0,0.0,0.0,-0.28347335475692037,0.0,-0.28347335475692037,-0.28347335475692037,-1.226072118890476,-0.4886405057138935,0.0,-0.28347335475692037,-0.28347335475692037,-0.41803980857497053,-0.5359422007578724,-0.41803980857497053,-0.5359422007578724
202455010601,2024-01-06,佐賀,1,一般,"{'win': {'combinations': ['3'], 'payouts': [110]}, 'place': {'combinations': ['3', '9', '10'], 'payouts': [100, 160, 200]}, 'bracket_quinella': {'combinations': ['3 - 8'], 'payouts': [260]}, 'quinella': {'combinations': ['3 - 9'], 'payouts': [770]}, 'wide': {'combinations': ['3 - 9', '3 - 10', '9 - 10'], 'payouts': [340, 230, 840]}, 'exacta': {'combinations': ['3 → 9'], 'payouts': [900]}, 'trio': {'combinations': ['3 - 9 - 10'], 'payouts': [1, 280]}, 'trifecta': {'combinations': ['3 → 9 → 10'], 'payouts': [4, 660]}}",2.0,8,9,リネンデイジー,2020101339,牝4,54.0,田中純,93.6,5,0,,40.6,25.1,2,0,2024,1,6,5,1,winter,0,,,0.0,,0,,,,,0,0,0.0,,54.6,,0.6000000000000014,,1,0,0.0,1,1,1.0,1.0,,short,-0.9915967988780069,-0.44387524249779875,0.0,0.7390342779061598,0.0,0.0,0.0,0.0,0.0,0.0,0.0,-0.28347335475692037,0.0,-0.28347335475692037,-0.28347335475692037,-1.0042793385795568,0.46909488548533906,0.0,-0.28347335475692037,-0.28347335475692037,2.39211668240122,1.8658728470829629,2.39211668240122,1.8658728470829629
202455010612,2024-01-06,佐賀,12,一般,"{'win': {'combinations': ['3'], 'payouts': [110]}, 'place': {'combinations': ['3', '4', '11'], 'payouts': [110, 170, 300]}, 'bracket_quinella': {'combinations': ['3 - 4'], 'payouts': [320]}, 'quinella': {'combinations': ['3 - 4'], 'payouts': [260]}, 'wide': {'combinations': ['3 - 4', '3 - 11', '4 - 11'], 'payouts': [190, 470, 890]}, 'exacta': {'combinations': ['3 → 4'], 'payouts': [330]}, 'trio': {'combinations': ['3 - 4 - 11'], 'payouts': [1, 170]}, 'trifecta': {'combinations': ['3 → 4 → 11'], 'payouts': [2, 0]}}",6.0,8,10,コウユーアツイキミ,2020101369,牡4,56.0,石川慎将,94.0,2,0,,41.8,61.9,2,0,2024,1,6,5,1,winter,0,,,0.0,,0,,,,,0,0,0.0,,54.90909090909091,,-1.0909090909090935,,1,0,0.0,0,0,0.0,0.0,,short,0.23350301135033932,-0.423904002880895,0.0,1.2145839218324788,0.0,0.0,0.0,0.0,0.0,0.0,0.0,-0.28347335475692037,0.0,-0.28347335475692037,-0.28347335475692037,-0.69959430704133,-0.8528997917915254,0.0,-0.28347335475692037,-0.28347335475692037,-0.41803980857497053,-0.5359422007578724,-0.41803980857497053,-0.5359422007578724
202455010608,2024-01-06,佐賀,8,一般,"{'win': {'combinations': ['8'], 'payouts': [390]}, 'place': {'combinations': ['8', '5', '4'], 'payouts': [140, 140, 150]}, 'quinella': {'combinations': ['5 - 8'], 'payouts': [930]}, 'wide': {'combinations': ['5 - 8', '4 - 8', '4 - 5'], 'payouts': [350, 270, 440]}, 'exacta': {'combinations': ['8 → 5'], 'payouts': [2, 110]}, 'trio': {'combinations': ['4 - 5 - 8'], 'payouts': [1, 430]}, 'trifecta': {'combinations': ['8 → 5 → 4'], 'payouts': [7, 70]}}",3.0,4,4,イダテンターボ,2020101383,牡4,56.0,川島拓,84.4,1/2,0,,39.3,4.5,2,0,2024,1,6,5,1,winter,0,,,0.0,,0,,,,,0,0,0.0,,54.875,,-1.125,,1,0,0.0,0,1,0.0,1.0,,short,0.23350301135033932,-0.9032137536865769,0.0,0.22385549698597745,0.0,0.0,0.0,0.0,0.0,0.0,0.0,-0.28347335475692037,0.0,-0.28347335475692037,-0.28347335475692037,-0.7331992737551029,-0.8795529102850085,0.0,-0.28347335475692037,-0.28347335475692037,-0.41803980857497053,1.8658728470829629,-0.41803980857497053,1.8658728470829629
202455010601,2024-01-06,佐賀,1,一般,"{'win': {'combinations': ['3'], 'payouts': [110]}, 'place': {'combinations': ['3', '9', '10'], 'payouts': [100, 160, 200]}, 'bracket_quinella': {'combinations': ['3 - 8'], 'payouts': [260]}, 'quinella': {'combinations': ['3 - 9'], 'payouts': [770]}, 'wide': {'combinations': ['3 - 9', '3 - 10', '9 - 10'], 'payouts': [340, 230, 840]}, 'exacta': {'combinations': ['3 → 9'], 'payouts': [900]}, 'trio': {'combinations': ['3 - 9 - 10'], 'payouts': [1, 280]}, 'trifecta': {'combinations': ['3 → 9 → 10'], 'payouts': [4, 660]}}",4.0,7,7,マリノビューティー,2020101414,牝4,54.0,出水拓人,94.3,2.1/2,0,,39.7,27.3,2,0,2024,1,6,5,1,winter,0,,,0.0,,0,,,,,0,0,0.0,,54.6,,0.6000000000000014,,1,0,0.0,0,0,0.0,0.0,,short,-0.9915967988780069,-0.40892557316821765,0.0,0.3823720449614199,0.0,0.0,0.0,0.0,0.0,0.0,0.0,-0.28347335475692037,0.0,-0.28347335475692037,-0.28347335475692037,-1.0042793385795568,0.46909488548533906,0.0,-0.28347335475692037,-0.28347335475692037,-0.41803980857497053,-0.5359422007578724,-0.41803980857497053,-0.5359422007578724
202455010607,2024-01-06,佐賀,7,一般,"{'win': {'combinations': ['7'], 'payouts': [880]}, 'place': {'combinations': ['7', '9', '1'], 'payouts': [200, 160, 670]}, 'bracket_quinella': {'combinations': ['6 - 7'], 'payouts': [760]}, 'quinella': {'combinations': ['7 - 9'], 'payouts': [910]}, 'wide': {'combinations': ['7 - 9', '1 - 7', '1 - 9'], 'payouts': [490, 1, 430, 1, 710]}, 'exacta': {'combinations': ['7 → 9'], 'payouts': [2, 430]}, 'trio': {'combinations': ['1 - 7 - 9'], 'payouts': [5, 860]}, 'trifecta': {'combinations': ['7 → 9 → 1'], 'payouts': [28, 800]}}",3.0,1,1,マリノルルワ,2020101415,牝4,54.0,加茂飛翔,87.3,1.1/2,0,,39.4,40.6,2,0,2024,1,6,5,1,winter,0,,,0.0,,0,,,,,0,0,0.0,,54.333333333333336,,0.3333333333333357,,1,0,0.0,0,1,0.0,1.0,,short,-0.9915967988780069,-0.7584222664640276,0.0,0.26348463397983807,0.0,0.0,0.0,0.0,0.0,0.0,0.0,-0.28347335475692037,0.0,-0.28347335475692037,-0.28347335475692037,-1.2671448559850882,0.2606082697140785,0.0,-0.28347335475692037,-0.28347335475692037,-0.41803980857497053,1.8658728470829629,-0.41803980857497053,1.8658728470829629
202406010106,2024-01-06,中山,6,一般,"{'win': {'combinations': ['11'], 'payouts': [300]}, 'place': {'combinations': ['11', '6', '2'], 'payouts': [170, 340, 750]}, 'bracket_quinella': {'combinations': ['3 - 6'], 'payouts': [910]}, 'quinella': {'combinations': ['6 - 11'], 'payouts': [1, 500]}, 'wide': {'combinations': ['6 - 11', '2 - 11', '2 - 6'], 'payouts': [610, 1, 620, 5, 510]}, 'exacta': {'combinations': ['11 → 6'], 'payouts': [2, 230]}, 'trio': {'combinations': ['2 - 6 - 11'], 'payouts': [19, 100]}, 'trifecta': {'combinations': ['11 → 6 → 2'], 'payouts': [56, 210]}}",9.0,7,13,クラウンローゼン,2020101425,牡4,56.0,原優介,158.1,アタマ,0,,39.7,145.7,0,0,2024,1,6,5,1,winter,0,,,0.0,,0,,,,,0,0,0.0,,56.75,,0.75,,1,0,0.0,0,0,0.0,0.0,,short,0.23350301135033932,2.776487145727878,0.0,0.3823720449614199,0.0,0.0,0.0,0.0,0.0,0.0,0.0,-0.28347335475692037,0.0,-0.28347335475692037,-0.28347335475692037,1.1150738955025463,0.5863686068566725,0.0,-0.28347335475692037,-0.28347335475692037,-0.41803980857497053,-0.5359422007578724,-0.41803980857497053,-0.5359422007578724
202455010601,2024-01-06,佐賀,1,一般,"{'win': {'combinations': ['3'], 'payouts': [110]}, 'place': {'combinations': ['3', '9', '10'], 'payouts': [100, 160, 200]}, 'bracket_quinella': {'combinations': ['3 - 8'], 'payouts': [260]}, 'quinella': {'combinations': ['3 - 9'], 'payouts': [770]}, 'wide': {'combinations': ['3 - 9', '3 - 10', '9 - 10'], 'payouts': [340, 230, 840]}, 'exacta': {'combinations': ['3 → 9'], 'payouts': [900]}, 'trio': {'combinations': ['3 - 9 - 10'], 'payouts': [1, 280]}, 'trifecta': {'combinations': ['3 → 9 → 10'], 'payouts': [4, 660]}}",6.0,2,2,クラウンエンペラー,2020101427,牡4,56.0,加茂飛翔,94.7,1.1/2,0,,41.1,23.6,2,0,2024,1,6,5,1,winter,0,,,0.0,,0,,,,,0,0,0.0,,54.6,,-1.3999999999999986,,1,0,0.0,0,0,0.0,0.0,,short,0.23350301135033932,-0.3889543335513139,0.0,0.93717996287546,0.0,0.0,0.0,0.0,0.0,0.0,0.0,-0.28347335475692037,0.0,-0.28347335475692037,-0.28347335475692037,-1.0042793385795568,-1.0945547327991205,0.0,-0.28347335475692037,-0.28347335475692037,-0.41803980857497053,-0.5359422007578724,-0.41803980857497053,-0.5359422007578724
202455010602,2024-01-06,佐賀,2,一般,"{'win': {'combinations': ['11'], 'payouts': [150]}, 'place': {'combinations': ['11', '8', '5'], 'payouts': [180, 250, 2, 0]}, 'bracket_quinella': {'combinations': ['7 - 8'], 'payouts': [870]}, 'quinella': {'combinations': ['8 - 11'], 'payouts': [810]}, 'wide': {'combinations': ['8 - 11', '5 - 11', '5 - 8'], 'payouts': [430, 2, 380, 4, 670]}, 'exacta': {'combinations': ['11 → 8'], 'payouts': [980]}, 'trio': {'combinations': ['5 - 8 - 11'], 'payouts': [11, 860]}, 'trifecta': {'combinations': ['11 → 8 → 5'], 'payouts': [28, 710]}}",10.0,7,9,クラウンレイエス,2020101428,牡4,53.0,青海大樹,95.4,クビ,0,,41.1,109.5,2,0,2024,1,6,5,1,winter,0,,,0.0,,0,,,,,0,0,0.0,,55.0,,2.0,,1,0,0.0,0,0,0.0,0.0,,short,-1.60414670399218,-0.35400466422173277,0.0,0.93717996287546,0.0,0.0,0.0,0.0,0.0,0.0,0.0,-0.28347335475692037,0.0,-0.28347335475692037,-0.28347335475692037,-0.6099810624712596,1.5636496182844595,0.0,-0.28347335475692037,-0.28347335475692037,-0.41803980857497053,-0.5359422007578724,-0.41803980857497053,-0.5359422007578724
202406010106,2024-01-06,中山,6,一般,"{'win': {'combinations': ['11'], 'payouts': [300]}, 'place': {'combinations': ['11', '6', '2'], 'payouts': [170, 340, 750]}, 'bracket_quinella': {'combinations': ['3 - 6'], 'payouts': [910]}, 'quinella': {'combinations': ['6 - 11'], 'payouts': [1, 500]}, 'wide': {'combinations': ['6 - 11', '2 - 11', '2 - 6'], 'payouts': [610, 1, 620, 5, 510]}, 'exacta': {'combinations': ['11 → 6'], 'payouts': [2, 230]}, 'trio': {'combinations': ['2 - 6 - 11'], 'payouts': [19, 100]}, 'trifecta': {'combinations': ['11 → 6 → 2'], 'payouts': [56, 210]}}",11.0,2,4,リネンマンボ,2020101457,牡4,57.0,草野太郎,158.7,1.1/2,0,,40.7,429.6,0,0,2024,1,6,5,1,winter,0,,,0.0,,0,,,,,0,0,0.0,,56.75,,-0.25,,1,0,0.0,0,0,0.0,0.0,,short,0.8460529164645124,2.806444005153233,0.0,0.7786634149000204,0.0,0.0,0.0,0.0,0.0,0.0,0.0,-0.28347335475692037,0.0,-0.28347335475692037,-0.28347335475692037,1.1150738955025463,-0.19545620228555735,0.0,-0.28347335475692037,-0.28347335475692037,-0.41803980857497053,-0.5359422007578724,-0.41803980857497053,-0.5359422007578724
202408010111,2024-01-06,京都,11,一般,"{'win': {'combinations': ['2'], 'payouts': [1, 650]}, 'place': {'combinations': ['2', '11', '4'], 'payouts': [410, 220, 210]}, 'bracket_quinella': {'combinations': ['1 - 6'], 'payouts': [2, 310]}, 'quinella': {'combinations': ['2 - 11'], 'payouts': [4, 720]}, 'wide': {'combinations': ['2 - 11', '2 - 4', '4 - 11'], 'payouts': [1, 540, 1, 200, 720]}, 'exacta': {'combinations': ['2 → 11'], 'payouts': [9, 870]}, 'trio': {'combinations': ['2 - 4 - 11'], 'payouts': [7, 910]}, 'trifecta': {'combinations': ['2 → 11 → 4'], 'payouts': [54, 810]}}",18.0,8,16,ドルチェモア,2020101533,牡4,56.0,団野大成,95.7,1.1/4,0,,39.0,125.9,1,0,2024,1,6,5,1,winter,0,,,0.0,,0,,,,,0,0,0.0,,56.27777777777778,,0.27777777777777857,,1,0,0.0,0,0,0.0,0.0,,short,0.23350301135033932,-0.3390262345090554,0.0,0.10496808600439843,0.0,0.0,0.0,0.0,0.0,0.0,0.0,-0.28347335475692037,0.0,-0.28347335475692037,-0.28347335475692037,0.6495828750969169,0.21717355809506453,0.0,-0.28347335475692037,-0.28347335475692037,-0.41803980857497053,-0.5359422007578724,-0.41803980857497053,-0.5359422007578724
202408010108,2024-01-06,京都,8,一般,"{'win': {'combinations': ['4'], 'payouts': [650]}, 'place': {'combinations': ['4', '16', '9'], 'payouts': [210, 170, 210]}, 'bracket_quinella': {'combinations': ['2 - 8'], 'payouts': [1, 340]}, 'quinella': {'combinations': ['4 - 16'], 'payouts': [1, 810]}, 'wide': {'combinations': ['4 - 16', '4 - 9', '9 - 16'], 'payouts': [790, 680, 600]}, 'exacta': {'combinations': ['4 → 16'], 'payouts': [3, 680]}, 'trio': {'combinations': ['4 - 9 - 16'], 'payouts': [3, 210]}, 'trifecta': {'combinations': ['4 → 16 → 9'], 'payouts': [23, 500]}}",3.0,5,9,リュウ,2020101578,牡4,58.0,松山弘平,72.1,1/2,0,,36.9,6.0,1,0,2024,1,6,5,1,winter,0,,,0.0,,0,,,,,0,0,0.0,,55.9375,,-2.0625,,1,0,0.0,0,1,0.0,1.0,,short,1.4586028215786855,-1.5173293719063576,0.0,-0.7272437908666632,0.0,0.0,0.0,0.0,0.0,0.0,0.0,-0.28347335475692037,0.0,-0.28347335475692037,-0.28347335475692037,0.314155522157565,-1.612513668855849,0.0,-0.28347335475692037,-0.28347335475692037,-0.41803980857497053,1.8658728470829629,-0.41803980857497053,1.8658728470829629
202455010602,2024-01-06,佐賀,2,一般,"{'win': {'combinations': ['11'], 'payouts': [150]}, 'place': {'combinations': ['11', '8', '5'], 'payouts': [180, 250, 2, 0]}, 'bracket_quinella': {'combinations': ['7 - 8'], 'payouts': [870]}, 'quinella': {'combinations': ['8 - 11'], 'payouts': [810]}, 'wide': {'combinations': ['8 - 11', '5 - 11', '5 - 8'], 'payouts': [430, 2, 380, 4, 670]}, 'exacta': {'combinations': ['11 → 8'], 'payouts': [980]}, 'trio': {'combinations': ['5 - 8 - 11'], 'payouts': [11, 860]}, 'trifecta': {'combinations': ['11 → 8 → 5'], 'payouts': [28, 710]}}",6.0,2,2,ノートエリア,2020101647,牡4,56.0,竹吉徹,94.6,1,0,,41.7,2.9,2,0,2024,1,6,5,1,winter,0,,,0.0,,0,,,,,0,0,0.0,,55.0,,-1.0,,1,0,0.0,0,0,0.0,0.0,,short,0.23350301135033932,-0.3939471434555402,0.0,1.174954784838621,0.0,0.0,0.0,0.0,0.0,0.0,0.0,-0.28347335475692037,0.0,-0.28347335475692037,-0.28347335475692037,-0.6099810624712596,-0.7818248091422297,0.0,-0.28347335475692037,-0.28347335475692037,-0.41803980857497053,-0.5359422007578724,-0.41803980857497053,-0.5359422007578724
202408010112,2024-01-06,京都,12,一般,"{'win': {'combinations': ['1'], 'payouts': [2, 140]}, 'place': {'combinations': ['1', '2', '5'], 'payouts': [500, 280, 170]}, 'bracket_quinella': {'combinations': ['1 - 1'], 'payouts': [11, 260]}, 'quinella': {'combinations': ['1 - 2'], 'payouts': [11, 170]}, 'wide': {'combinations': ['1 - 2', '1 - 5', '2 - 5'], 'payouts': [2, 740, 1, 590, 600]}, 'exacta': {'combinations': ['1 → 2'], 'payouts': [21, 410]}, 'trio': {'combinations': ['1 - 2 - 5'], 'payouts': [13, 410]}, 'trifecta': {'combinations': ['1 → 2 → 5'], 'payouts': [114, 370]}}",4.0,8,15,ノーブルライジング,2020101697,牡4,57.0,国分恭介,107.9,2,0,,35.1,28.5,1,0,2024,1,6,5,1,winter,0,,,0.0,,0,,,,,0,0,0.0,,56.76470588235294,,-0.235294117647058,,1,0,0.0,0,0,0.0,0.0,,short,0.8460529164645124,0.27009657380649915,0.0,-1.440568256756143,0.0,0.0,0.0,0.0,0.0,0.0,0.0,-0.28347335475692037,0.0,-0.28347335475692037,-0.28347335475692037,1.1295701556535875,-0.18395877862170038,0.0,-0.28347335475692037,-0.28347335475692037,-0.41803980857497053,-0.5359422007578724,-0.41803980857497053,-0.5359422007578724
202406010108,2024-01-06,中山,8,一般,"{'win': {'combinations': ['8'], 'payouts': [560]}, 'place': {'combinations': ['8', '4', '10'], 'payouts': [230, 1, 50, 1, 730]}, 'bracket_quinella': {'combinations': ['2 - 4'], 'payouts': [4, 130]}, 'quinella': {'combinations': ['4 - 8'], 'payouts': [10, 500]}, 'wide': {'combinations': ['4 - 8', '8 - 10', '4 - 10'], 'payouts': [3, 450, 6, 410, 27, 650]}, 'exacta': {'combinations': ['8 → 4'], 'payouts': [17, 340]}, 'trio': {'combinations': ['4 - 8 - 10'], 'payouts': [176, 980]}, 'trifecta': {'combinations': ['8 → 4 → 10'], 'payouts': [759, 60]}}",12.0,3,5,アステロイドメア,2020101709,牝4,55.0,三浦皇成,116.9,クビ,0,,40.0,9.6,0,0,2024,1,6,5,1,winter,0,,,0.0,,0,,,,,0,0,0.0,,54.375,,-0.625,,1,0,0.0,0,0,0.0,0.0,,short,-0.3790468937638338,0.7194494651868262,0.0,0.5012594559429989,0.0,0.0,0.0,0.0,0.0,0.0,0.0,-0.28347335475692037,0.0,-0.28347335475692037,-0.28347335475692037,-1.226072118890476,-0.4886405057138935,0.0,-0.28347335475692037,-0.28347335475692037,-0.41803980857497053,-0.5359422007578724,-0.41803980857497053,-0.5359422007578724
202455010612,2024-01-06,佐賀,12,一般,"{'win': {'combinations': ['3'], 'payouts': [110]}, 'place': {'combinations': ['3', '4', '11'], 'payouts': [110, 170, 300]}, 'bracket_quinella': {'combinations': ['3 - 4'], 'payouts': [320]}, 'quinella': {'combinations': ['3 - 4'], 'payouts': [260]}, 'wide': {'combinations': ['3 - 4', '3 - 11', '4 - 11'], 'payouts': [190, 470, 890]}, 'exacta': {'combinations': ['3 → 4'], 'payouts': [330]}, 'trio': {'combinations': ['3 - 4 - 11'], 'payouts': [1, 170]}, 'trifecta': {'combinations': ['3 → 4 → 11'], 'payouts': [2, 0]}}",9.0,7,9,マリンノヤイバ,2020101734,牡4,56.0,田中直人,96.1,9,0,,43.9,91.7,2,0,2024,1,6,5,1,winter,0,,,0.0,,0,,,,,0,0,0.0,,54.90909090909091,,-1.0909090909090935,,1,0,0.0,0,0,0.0,0.0,,short,0.23350301135033932,-0.3190549948921524,0.0,2.0467957987035406,0.0,0.0,0.0,0.0,0.0,0.0,0.0,-0.28347335475692037,0.0,-0.28347335475692037,-0.28347335475692037,-0.69959430704133,-0.8528997917915254,0.0,-0.28347335475692037,-0.28347335475692037,-0.41803980857497053,-0.5359422007578724,-0.41803980857497053,-0.5359422007578724
202406010108,2024-01-06,中山,8,一般,"{'win': {'combinations': ['8'], 'payouts': [560]}, 'place': {'combinations': ['8', '4', '10'], 'payouts': [230, 1, 50, 1, 730]}, 'bracket_quinella': {'combinations': ['2 - 4'], 'payouts': [4, 130]}, 'quinella': {'combinations': ['4 - 8'], 'payouts': [10, 500]}, 'wide': {'combinations': ['4 - 8', '8 - 10', '4 - 10'], 'payouts': [3, 450, 6, 410, 27, 650]}, 'exacta': {'combinations': ['8 → 4'], 'payouts': [17, 340]}, 'trio': {'combinations': ['4 - 8 - 10'], 'payouts': [176, 980]}, 'trifecta': {'combinations': ['8 → 4 → 10'], 'payouts': [759, 60]}}",1.0,4,8,セイカティターニア,2020101856,牝4,54.0,横山琉人,115.8,nan,0,,39.1,5.6,0,0,2024,1,6,5,1,winter,0,,,0.0,,1,,,,,0,1,1.0,,54.375,,0.375,,1,1,1.0,1,1,1.0,1.0,,short,-0.9915967988780069,0.6645285562403414,0.0,0.14459722299825906,0.0,0.0,0.0,0.0,0.0,0.0,0.0,3.527668414752787,0.0,3.527668414752787,3.527668414752787,-1.226072118890476,0.29318430342833623,0.0,3.527668414752787,3.527668414752787,2.39211668240122,1.8658728470829629,2.39211668240122,1.8658728470829629
202408010108,2024-01-06,京都,8,一般,"{'win': {'combinations': ['4'], 'payouts': [650]}, 'place': {'combinations': ['4', '16', '9'], 'payouts': [210, 170, 210]}, 'bracket_quinella': {'combinations': ['2 - 8'], 'payouts': [1, 340]}, 'quinella': {'combinations': ['4 - 16'], 'payouts': [1, 810]}, 'wide': {'combinations': ['4 - 16', '4 - 9', '9 - 16'], 'payouts': [790, 680, 600]}, 'exacta': {'combinations': ['4 → 16'], 'payouts': [3, 680]}, 'trio': {'combinations': ['4 - 9 - 16'], 'payouts': [3, 210]}, 'trifecta': {'combinations': ['4 → 16 → 9'], 'payouts': [23, 500]}}",4.0,6,12,ベンダバリラビア,2020101968,牡4,55.0,今村聖奈,72.2,3/4,0,,35.9,7.3,1,0,2024,1,6,5,1,winter,0,,,0.0,,0,,,,,0,0,0.0,,55.9375,,0.9375,,1,0,0.0,0,0,0.0,0.0,,short,-0.3790468937638338,-1.5123365620021314,0.0,-1.1235351608052637,0.0,0.0,0.0,0.0,0.0,0.0,0.0,-0.28347335475692037,0.0,-0.28347335475692037,-0.28347335475692037,0.314155522157565,0.7329607585708405,0.0,-0.28347335475692037,-0.28347335475692037,-0.41803980857497053,-0.5359422007578724,-0.41803980857497053,-0.5359422007578724
202455010606,2024-01-06,佐賀,6,一般,"{'win': {'combinations': ['9'], 'payouts': [1, 830]}, 'place': {'combinations': ['9', '10', '2'], 'payouts': [330, 340, 210]}, 'bracket_quinella': {'combinations': ['7 - 8'], 'payouts': [1, 230]}, 'quinella': {'combinations': ['9 - 10'], 'payouts': [5, 230]}, 'wide': {'combinations': ['9 - 10', '2 - 9', '2 - 10'], 'payouts': [1, 610, 1, 270, 1, 60]}, 'exacta': {'combinations': ['9 → 10'], 'payouts': [11, 400]}, 'trio': {'combinations': ['2 - 9 - 10'], 'payouts': [9, 980]}, 'trifecta': {'combinations': ['9 → 10 → 2'], 'payouts': [83, 810]}}",7.0,8,11,レーガンテソーロ,2020102007,牡4,56.0,石川倭,87.0,クビ,0,,41.4,2.6,2,0,2024,1,6,5,1,winter,0,,,0.0,,0,,,,,0,0,0.0,,54.81818181818182,,-1.1818181818181799,,1,0,0.0,0,0,0.0,0.0,,short,0.23350301135033932,-0.7734006961767049,0.0,1.0560673738570392,0.0,0.0,0.0,0.0,0.0,0.0,0.0,-0.28347335475692037,0.0,-0.28347335475692037,-0.28347335475692037,-0.7892075516113933,-0.9239747744408155,0.0,-0.28347335475692037,-0.28347335475692037,-0.41803980857497053,-0.5359422007578724,-0.41803980857497053,-0.5359422007578724
202455010602,2024-01-06,佐賀,2,一般,"{'win': {'combinations': ['11'], 'payouts': [150]}, 'place': {'combinations': ['11', '8', '5'], 'payouts': [180, 250, 2, 0]}, 'bracket_quinella': {'combinations': ['7 - 8'], 'payouts': [870]}, 'quinella': {'combinations': ['8 - 11'], 'payouts': [810]}, 'wide': {'combinations': ['8 - 11', '5 - 11', '5 - 8'], 'payouts': [430, 2, 380, 4, 670]}, 'exacta': {'combinations': ['11 → 8'], 'payouts': [980]}, 'trio': {'combinations': ['5 - 8 - 11'], 'payouts': [11, 860]}, 'trifecta': {'combinations': ['11 → 8 → 5'], 'payouts': [28, 710]}}",9.0,1,1,ドリームダンス,2020102118,牝4,54.0,小林凌,95.3,1/2,0,,42.2,39.0,2,0,2024,1,6,5,1,winter,0,,,0.0,,0,,,,,0,0,0.0,,55.0,,1.0,,1,0,0.0,0,0,0.0,0.0,,short,-0.9915967988780069,-0.35899747412595906,0.0,1.3731004698079212,0.0,0.0,0.0,0.0,0.0,0.0,0.0,-0.28347335475692037,0.0,-0.28347335475692037,-0.28347335475692037,-0.6099810624712596,0.7818248091422297,0.0,-0.28347335475692037,-0.28347335475692037,-0.41803980857497053,-0.5359422007578724,-0.41803980857497053,-0.5359422007578724
202455010606,2024-01-06,佐賀,6,一般,"{'win': {'combinations': ['9'], 'payouts': [1, 830]}, 'place': {'combinations': ['9', '10', '2'], 'payouts': [330, 340, 210]}, 'bracket_quinella': {'combinations': ['7 - 8'], 'payouts': [1, 230]}, 'quinella': {'combinations': ['9 - 10'], 'payouts': [5, 230]}, 'wide': {'combinations': ['9 - 10', '2 - 9', '2 - 10'], 'payouts': [1, 610, 1, 270, 1, 60]}, 'exacta': {'combinations': ['9 → 10'], 'payouts': [11, 400]}, 'trio': {'combinations': ['2 - 9 - 10'], 'payouts': [9, 980]}, 'trifecta': {'combinations': ['9 → 10 → 2'], 'payouts': [83, 810]}}",9.0,3,3,マイクドロップ,2020102172,牡4,53.0,合林海斗,87.5,1,0,,39.4,53.5,2,0,2024,1,6,5,1,winter,0,,,0.0,,0,,,,,0,0,0.0,,54.81818181818182,,1.8181818181818201,,1,0,0.0,0,0,0.0,0.0,,short,-1.60414670399218,-0.7484366466555756,0.0,0.26348463397983807,0.0,0.0,0.0,0.0,0.0,0.0,0.0,-0.28347335475692037,0.0,-0.28347335475692037,-0.28347335475692037,-0.7892075516113933,1.4214996529858739,0.0,-0.28347335475692037,-0.28347335475692037,-0.41803980857497053,-0.5359422007578724,-0.41803980857497053,-0.5359422007578724
202408010107,2024-01-06,京都,7,一般,"{'win': {'combinations': ['7'], 'payouts': [250]}, 'place': {'combinations': ['7', '10', '11'], 'payouts': [130, 220, 270]}, 'bracket_quinella': {'combinations': ['6 - 8'], 'payouts': [540]}, 'quinella': {'combinations': ['7 - 10'], 'payouts': [1, 70]}, 'wide': {'combinations': ['7 - 10', '7 - 11', '10 - 11'], 'payouts': [460, 520, 1, 140]}, 'exacta': {'combinations': ['7 → 10'], 'payouts': [1, 580]}, 'trio': {'combinations': ['7 - 10 - 11'], 'payouts': [2, 980]}, 'trifecta': {'combinations': ['7 → 10 → 11'], 'payouts': [9, 670]}}",2.0,8,10,サンライズパスカル,2020102343,牡4,57.0,藤岡康太,112.7,3,0,,37.9,7.7,1,0,2024,1,6,5,1,winter,0,,,0.0,,0,,,,,0,0,0.0,,57.0,,0.0,,1,0,0.0,1,1,1.0,1.0,,short,0.8460529164645124,0.5097514492093401,0.0,-0.3309524209280627,0.0,0.0,0.0,0.0,0.0,0.0,0.0,-0.28347335475692037,0.0,-0.28347335475692037,-0.28347335475692037,1.3615103180702328,8.034379279775345e-17,0.0,-0.28347335475692037,-0.28347335475692037,2.39211668240122,1.8658728470829629,2.39211668240122,1.8658728470829629
202455010609,2024-01-06,佐賀,9,一般,"{'win': {'combinations': ['5'], 'payouts': [120]}, 'place': {'combinations': ['5', '10', '8'], 'payouts': [100, 110, 140]}, 'bracket_quinella': {'combinations': ['5 - 8'], 'payouts': [150]}, 'quinella': {'combinations': ['5 - 10'], 'payouts': [200]}, 'wide': {'combinations': ['5 - 10', '5 - 8', '8 - 10'], 'payouts': [120, 230, 230]}, 'exacta': {'combinations': ['5 → 10'], 'payouts': [260]}, 'trio': {'combinations': ['5 - 8 - 10'], 'payouts': [430]}, 'trifecta': {'combinations': ['5 → 10 → 8'], 'payouts': [770]}}",10.0,1,1,リコッチ,2020102676,牝4,54.0,倉富隆一,94.8,大,0,,42.1,99.5,2,0,2024,1,6,5,1,winter,0,,,0.0,,0,,,,,0,0,0.0,,54.5,,0.5,,1,0,0.0,0,0,0.0,0.0,,short,-0.9915967988780069,-0.38396152364708835,0.0,1.3334713328140606,0.0,0.0,0.0,0.0,0.0,0.0,0.0,-0.28347335475692037,0.0,-0.28347335475692037,-0.28347335475692037,-1.1028539076066328,0.390912404571115,0.0,-0.28347335475692037,-0.28347335475692037,-0.41803980857497053,-0.5359422007578724,-0.41803980857497053,-0.5359422007578724
202455010607,2024-01-06,佐賀,7,一般,"{'win': {'combinations': ['7'], 'payouts': [880]}, 'place': {'combinations': ['7', '9', '1'], 'payouts': [200, 160, 670]}, 'bracket_quinella': {'combinations': ['6 - 7'], 'payouts': [760]}, 'quinella': {'combinations': ['7 - 9'], 'payouts': [910]}, 'wide': {'combinations': ['7 - 9', '1 - 7', '1 - 9'], 'payouts': [490, 1, 430, 1, 710]}, 'exacta': {'combinations': ['7 → 9'], 'payouts': [2, 430]}, 'trio': {'combinations': ['1 - 7 - 9'], 'payouts': [5, 860]}, 'trifecta': {'combinations': ['7 → 9 → 1'], 'payouts': [28, 800]}}",6.0,6,8,ホウオウプラージュ,2020102708,牝4,54.0,倉富隆一,87.6,1/2,0,,39.0,12.5,2,0,2024,1,6,5,1,winter,0,,,0.0,,0,,,,,0,0,0.0,,54.333333333333336,,0.3333333333333357,,1,0,0.0,0,0,0.0,0.0,,short,-0.9915967988780069,-0.7434438367513501,0.0,0.10496808600439843,0.0,0.0,0.0,0.0,0.0,0.0,0.0,-0.28347335475692037,0.0,-0.28347335475692037,-0.28347335475692037,-1.2671448559850882,0.2606082697140785,0.0,-0.28347335475692037,-0.28347335475692037,-0.41803980857497053,-0.5359422007578724,-0.41803980857497053,-0.5359422007578724
202406010106,2024-01-06,中山,6,一般,"{'win': {'combinations': ['11'], 'payouts': [300]}, 'place': {'combinations': ['11', '6', '2'], 'payouts': [170, 340, 750]}, 'bracket_quinella': {'combinations': ['3 - 6'], 'payouts': [910]}, 'quinella': {'combinations': ['6 - 11'], 'payouts': [1, 500]}, 'wide': {'combinations': ['6 - 11', '2 - 11', '2 - 6'], 'payouts': [610, 1, 620, 5, 510]}, 'exacta': {'combinations': ['11 → 6'], 'payouts': [2, 230]}, 'trio': {'combinations': ['2 - 6 - 11'], 'payouts': [19, 100]}, 'trifecta': {'combinations': ['11 → 6 → 2'], 'payouts': [56, 210]}}",1.0,6,11,ルーラーリッチ,2020102793,セ4,57.0,菅原明良,156.5,nan,0,,38.5,3.0,0,0,2024,1,6,5,1,winter,0,,,0.0,,1,,,,,0,1,1.0,,56.75,,-0.25,,1,1,1.0,1,1,1.0,1.0,,short,0.8460529164645124,2.6966021872602646,0.0,-0.09317759896490183,0.0,0.0,0.0,0.0,0.0,0.0,0.0,3.527668414752787,0.0,3.527668414752787,3.527668414752787,1.1150738955025463,-0.19545620228555735,0.0,3.527668414752787,3.527668414752787,2.39211668240122,1.8658728470829629,2.39211668240122,1.8658728470829629
202455010602,2024-01-06,佐賀,2,一般,"{'win': {'combinations': ['11'], 'payouts': [150]}, 'place': {'combinations': ['11', '8', '5'], 'payouts': [180, 250, 2, 0]}, 'bracket_quinella': {'combinations': ['7 - 8'], 'payouts': [870]}, 'quinella': {'combinations': ['8 - 11'], 'payouts': [810]}, 'wide': {'combinations': ['8 - 11', '5 - 11', '5 - 8'], 'payouts': [430, 2, 380, 4, 670]}, 'exacta': {'combinations': ['11 → 8'], 'payouts': [980]}, 'trio': {'combinations': ['5 - 8 - 11'], 'payouts': [11, 860]}, 'trifecta': {'combinations': ['11 → 8 → 5'], 'payouts': [28, 710]}}",5.0,6,7,ベアコンコルド,2020102989,牡4,56.0,倉富隆一,94.4,3/4,0,,41.2,28.3,2,0,2024,1,6,5,1,winter,0,,,0.0,,0,,,,,0,0,0.0,,55.0,,-1.0,,1,0,0.0,0,0,0.0,0.0,,short,0.23350301135033932,-0.40393276326399136,0.0,0.9768090998693206,0.0,0.0,0.0,0.0,0.0,0.0,0.0,-0.28347335475692037,0.0,-0.28347335475692037,-0.28347335475692037,-0.6099810624712596,-0.7818248091422297,0.0,-0.28347335475692037,-0.28347335475692037,-0.41803980857497053,-0.5359422007578724,-0.41803980857497053,-0.5359422007578724
202408010111,2024-01-06,京都,11,一般,"{'win': {'combinations': ['2'], 'payouts': [1, 650]}, 'place': {'combinations': ['2', '11', '4'], 'payouts': [410, 220, 210]}, 'bracket_quinella': {'combinations': ['1 - 6'], 'payouts': [2, 310]}, 'quinella': {'combinations': ['2 - 11'], 'payouts': [4, 720]}, 'wide': {'combinations': ['2 - 11', '2 - 4', '4 - 11'], 'payouts': [1, 540, 1, 200, 720]}, 'exacta': {'combinations': ['2 → 11'], 'payouts': [9, 870]}, 'trio': {'combinations': ['2 - 4 - 11'], 'payouts': [7, 910]}, 'trifecta': {'combinations': ['2 → 11 → 4'], 'payouts': [54, 810]}}",1.0,1,2,コレペティトール,2020103043,牡4,54.0,岩田康誠,93.8,nan,0,,35.3,16.5,1,0,2024,1,6,5,1,winter,0,,,0.0,,1,,,,,0,1,1.0,,56.27777777777778,,2.2777777777777786,,1,1,1.0,1,1,1.0,1.0,,short,-0.9915967988780069,-0.4338896226893469,0.0,-1.3613099827684245,0.0,0.0,0.0,0.0,0.0,0.0,0.0,3.527668414752787,0.0,3.527668414752787,3.527668414752787,0.6495828750969169,1.780823176379524,0.0,3.527668414752787,3.527668414752787,2.39211668240122,1.8658728470829629,2.39211668240122,1.8658728470829629
202408010112,2024-01-06,京都,12,一般,"{'win': {'combinations': ['1'], 'payouts': [2, 140]}, 'place': {'combinations': ['1', '2', '5'], 'payouts': [500, 280, 170]}, 'bracket_quinella': {'combinations': ['1 - 1'], 'payouts': [11, 260]}, 'quinella': {'combinations': ['1 - 2'], 'payouts': [11, 170]}, 'wide': {'combinations': ['1 - 2', '1 - 5', '2 - 5'], 'payouts': [2, 740, 1, 590, 600]}, 'exacta': {'combinations': ['1 → 2'], 'payouts': [21, 410]}, 'trio': {'combinations': ['1 - 2 - 5'], 'payouts': [13, 410]}, 'trifecta': {'combinations': ['1 → 2 → 5'], 'payouts': [114, 370]}}",3.0,3,5,ティムール,2020103048,牡4,57.0,鮫島克駿,107.5,クビ,0,,35.2,4.0,1,0,2024,1,6,5,1,winter,0,,,0.0,,0,,,,,0,0,0.0,,56.76470588235294,,-0.235294117647058,,1,0,0.0,0,1,0.0,1.0,,short,0.8460529164645124,0.2501253341895955,0.0,-1.4009391197622825,0.0,0.0,0.0,0.0,0.0,0.0,0.0,-0.28347335475692037,0.0,-0.28347335475692037,-0.28347335475692037,1.1295701556535875,-0.18395877862170038,0.0,-0.28347335475692037,-0.28347335475692037,-0.41803980857497053,1.8658728470829629,-0.41803980857497053,1.8658728470829629
202408010108,2024-01-06,京都,8,一般,"{'win': {'combinations': ['4'], 'payouts': [650]}, 'place': {'combinations': ['4', '16', '9'], 'payouts': [210, 170, 210]}, 'bracket_quinella': {'combinations': ['2 - 8'], 'payouts': [1, 340]}, 'quinella': {'combinations': ['4 - 16'], 'payouts': [1, 810]}, 'wide': {'combinations': ['4 - 16', '4 - 9', '9 - 16'], 'payouts': [790, 680, 600]}, 'exacta': {'combinations': ['4 → 16'], 'payouts': [3, 680]}, 'trio': {'combinations': ['4 - 9 - 16'], 'payouts': [3, 210]}, 'trifecta': {'combinations': ['4 → 16 → 9'], 'payouts': [23, 500]}}",2.0,8,16,ディアサクセサー,2020103074,牡4,58.0,武豊,72.0,クビ,0,,36.7,3.7,1,0,2024,1,6,5,1,winter,0,,,0.0,,0,,,,,0,0,0.0,,55.9375,,-2.0625,,1,0,0.0,1,1,1.0,1.0,,short,1.4586028215786855,-1.5223221818105832,0.0,-0.8065020648543816,0.0,0.0,0.0,0.0,0.0,0.0,0.0,-0.28347335475692037,0.0,-0.28347335475692037,-0.28347335475692037,0.314155522157565,-1.612513668855849,0.0,-0.28347335475692037,-0.28347335475692037,2.39211668240122,1.8658728470829629,2.39211668240122,1.8658728470829629
202408010107,2024-01-06,京都,7,一般,"{'win': {'combinations': ['7'], 'payouts': [250]}, 'place': {'combinations': ['7', '10', '11'], 'payouts': [130, 220, 270]}, 'bracket_quinella': {'combinations': ['6 - 8'], 'payouts': [540]}, 'quinella': {'combinations': ['7 - 10'], 'payouts': [1, 70]}, 'wide': {'combinations': ['7 - 10', '7 - 11', '10 - 11'], 'payouts': [460, 520, 1, 140]}, 'exacta': {'combinations': ['7 → 10'], 'payouts': [1, 580]}, 'trio': {'combinations': ['7 - 10 - 11'], 'payouts': [2, 980]}, 'trifecta': {'combinations': ['7 → 10 → 11'], 'payouts': [9, 670]}}",9.0,7,9,マルカブリッツ,2020103123,牡4,55.0,田口貫太,114.7,3,0,,39.4,5.6,1,0,2024,1,6,5,1,winter,0,,,0.0,,0,,,,,0,0,0.0,,57.0,,2.0,,1,0,0.0,0,0,0.0,0.0,,short,-0.3790468937638338,0.6096076472938572,0.0,0.26348463397983807,0.0,0.0,0.0,0.0,0.0,0.0,0.0,-0.28347335475692037,0.0,-0.28347335475692037,-0.28347335475692037,1.3615103180702328,1.5636496182844595,0.0,-0.28347335475692037,-0.28347335475692037,-0.41803980857497053,-0.5359422007578724,-0.41803980857497053,-0.5359422007578724
202408010112,2024-01-06,京都,12,一般,"{'win': {'combinations': ['1'], 'payouts': [2, 140]}, 'place': {'combinations': ['1', '2', '5'], 'payouts': [500, 280, 170]}, 'bracket_quinella': {'combinations': ['1 - 1'], 'payouts': [11, 260]}, 'quinella': {'combinations': ['1 - 2'], 'payouts': [11, 170]}, 'wide': {'combinations': ['1 - 2', '1 - 5', '2 - 5'], 'payouts': [2, 740, 1, 590, 600]}, 'exacta': {'combinations': ['1 → 2'], 'payouts': [21, 410]}, 'trio': {'combinations': ['1 - 2 - 5'], 'payouts': [13, 410]}, 'trifecta': {'combinations': ['1 → 2 → 5'], 'payouts': [114, 370]}}",9.0,5,9,ワンダイレクト,2020103129,牡4,57.0,武豊,108.6,2.1/2,0,,35.9,4.1,1,0,2024,1,6,5,1,winter,0,,,0.0,,0,,,,,0,0,0.0,,56.76470588235294,,-0.235294117647058,,1,0,0.0,0,0,0.0,0.0,,short,0.8460529164645124,0.3050462431360796,0.0,-1.1235351608052637,0.0,0.0,0.0,0.0,0.0,0.0,0.0,-0.28347335475692037,0.0,-0.28347335475692037,-0.28347335475692037,1.1295701556535875,-0.18395877862170038,0.0,-0.28347335475692037,-0.28347335475692037,-0.41803980857497053,-0.5359422007578724,-0.41803980857497053,-0.5359422007578724
202408010107,2024-01-06,京都,7,一般,"{'win': {'combinations': ['7'], 'payouts': [250]}, 'place': {'combinations': ['7', '10', '11'], 'payouts': [130, 220, 270]}, 'bracket_quinella': {'combinations': ['6 - 8'], 'payouts': [540]}, 'quinella': {'combinations': ['7 - 10'], 'payouts': [1, 70]}, 'wide': {'combinations': ['7 - 10', '7 - 11', '10 - 11'], 'payouts': [460, 520, 1, 140]}, 'exacta': {'combinations': ['7 → 10'], 'payouts': [1, 580]}, 'trio': {'combinations': ['7 - 10 - 11'], 'payouts': [2, 980]}, 'trifecta': {'combinations': ['7 → 10 → 11'], 'payouts': [9, 670]}}",5.0,3,3,シャンデルナゴル,2020103193,牡4,57.0,ルメート,113.3,ハナ,0,,37.9,70.3,1,0,2024,1,6,5,1,winter,0,,,0.0,,0,,,,,0,0,0.0,,57.0,,0.0,,1,0,0.0,0,0,0.0,0.0,,short,0.8460529164645124,0.539708308634695,0.0,-0.3309524209280627,0.0,0.0,0.0,0.0,0.0,0.0,0.0,-0.28347335475692037,0.0,-0.28347335475692037,-0.28347335475692037,1.3615103180702328,8.034379279775345e-17,0.0,-0.28347335475692037,-0.28347335475692037,-0.41803980857497053,-0.5359422007578724,-0.41803980857497053,-0.5359422007578724
202408010111,2024-01-06,京都,11,一般,"{'win': {'combinations': ['2'], 'payouts': [1, 650]}, 'place': {'combinations': ['2', '11', '4'], 'payouts': [410, 220, 210]}, 'bracket_quinella': {'combinations': ['1 - 6'], 'payouts': [2, 310]}, 'quinella': {'combinations': ['2 - 11'], 'payouts': [4, 720]}, 'wide': {'combinations': ['2 - 11', '2 - 4', '4 - 11'], 'payouts': [1, 540, 1, 200, 720]}, 'exacta': {'combinations': ['2 → 11'], 'payouts': [9, 870]}, 'trio': {'combinations': ['2 - 4 - 11'], 'payouts': [7, 910]}, 'trifecta': {'combinations': ['2 → 11 → 4'], 'payouts': [54, 810]}}",8.0,3,5,ダノンタッチダウン,2020103277,牡4,56.0,北村友一,94.6,1/2,0,,36.4,18.5,1,0,2024,1,6,5,1,winter,0,,,0.0,,0,,,,,0,0,0.0,,56.27777777777778,,0.27777777777777857,,1,0,0.0,0,0,0.0,0.0,,short,0.23350301135033932,-0.3939471434555402,0.0,-0.9253894758359634,0.0,0.0,0.0,0.0,0.0,0.0,0.0,-0.28347335475692037,0.0,-0.28347335475692037,-0.28347335475692037,0.6495828750969169,0.21717355809506453,0.0,-0.28347335475692037,-0.28347335475692037,-0.41803980857497053,-0.5359422007578724,-0.41803980857497053,-0.5359422007578724
202408010111,2024-01-06,京都,11,一般,"{'win': {'combinations': ['2'], 'payouts': [1, 650]}, 'place': {'combinations': ['2', '11', '4'], 'payouts': [410, 220, 210]}, 'bracket_quinella': {'combinations': ['1 - 6'], 'payouts': [2, 310]}, 'quinella': {'combinations': ['2 - 11'], 'payouts': [4, 720]}, 'wide': {'combinations': ['2 - 11', '2 - 4', '4 - 11'], 'payouts': [1, 540, 1, 200, 720]}, 'exacta': {'combinations': ['2 → 11'], 'payouts': [9, 870]}, 'trio': {'combinations': ['2 - 4 - 11'], 'payouts': [7, 910]}, 'trifecta': {'combinations': ['2 → 11 → 4'], 'payouts': [54, 810]}}",2.0,6,11,セッション,2020103639,牡4,55.0,坂井瑠星,93.9,1/2,0,,36.4,6.2,1,0,2024,1,6,5,1,winter,0,,,0.0,,0,,,,,0,0,0.0,,56.27777777777778,,1.2777777777777786,,1,0,0.0,1,1,1.0,1.0,,short,-0.3790468937638338,-0.42889681278512065,0.0,-0.9253894758359634,0.0,0.0,0.0,0.0,0.0,0.0,0.0,-0.28347335475692037,0.0,-0.28347335475692037,-0.28347335475692037,0.6495828750969169,0.9989983672372942,0.0,-0.28347335475692037,-0.28347335475692037,2.39211668240122,1.8658728470829629,2.39211668240122,1.8658728470829629
202408010111,2024-01-06,京都,11,一般,"{'win': {'combinations': ['2'], 'payouts': [1, 650]}, 'place': {'combinations': ['2', '11', '4'], 'payouts': [410, 220, 210]}, 'bracket_quinella': {'combinations': ['1 - 6'], 'payouts': [2, 310]}, 'quinella': {'combinations': ['2 - 11'], 'payouts': [4, 720]}, 'wide': {'combinations': ['2 - 11', '2 - 4', '4 - 11'], 'payouts': [1, 540, 1, 200, 720]}, 'exacta': {'combinations': ['2 → 11'], 'payouts': [9, 870]}, 'trio': {'combinations': ['2 - 4 - 11'], 'payouts': [7, 910]}, 'trifecta': {'combinations': ['2 → 11 → 4'], 'payouts': [54, 810]}}",5.0,8,17,フリームファクシ,2020103661,牡4,56.0,川田将雅,94.2,3/4,0,,35.8,8.9,1,0,2024,1,6,5,1,winter,0,,,0.0,,0,,,,,0,0,0.0,,56.27777777777778,,0.27777777777777857,,1,0,0.0,0,0,0.0,0.0,,short,0.23350301135033932,-0.4139183830724432,0.0,-1.1631642977991243,0.0,0.0,0.0,0.0,0.0,0.0,0.0,-0.28347335475692037,0.0,-0.28347335475692037,-0.28347335475692037,0.6495828750969169,0.21717355809506453,0.0,-0.28347335475692037,-0.28347335475692037,-0.41803980857497053,-0.5359422007578724,-0.41803980857497053,-0.5359422007578724
202406010109,2024-01-06,中山,9,一般,"{'win': {'combinations': ['8'], 'payouts': [1, 270]}, 'place': {'combinations': ['8', '2', '7'], 'payouts': [560, 370, 380]}, 'quinella': {'combinations': ['2 - 8'], 'payouts': [2, 780]}, 'wide': {'combinations': ['2 - 8', '7 - 8', '2 - 7'], 'payouts': [590, 600, 530]}, 'exacta': {'combinations': ['8 → 2'], 'payouts': [6, 400]}, 'trio': {'combinations': ['2 - 7 - 8'], 'payouts': [3, 790]}, 'trifecta': {'combinations': ['8 → 2 → 7'], 'payouts': [34, 820]}}",6.0,6,6,ダニーデン,2020103679,牡4,57.0,戸崎圭太,132.2,クビ,0,,34.6,1.5,0,0,2024,1,6,5,1,winter,0,,,0.0,,0,,,,,0,0,0.0,,57.5,,0.5,,1,0,0.0,0,0,0.0,0.0,,short,0.8460529164645124,1.4833493805333813,0.0,-1.6387139417254433,0.0,0.0,0.0,0.0,0.0,0.0,0.0,-0.28347335475692037,0.0,-0.28347335475692037,-0.28347335475692037,1.854383163205606,0.390912404571115,0.0,-0.28347335475692037,-0.28347335475692037,-0.41803980857497053,-0.5359422007578724,-0.41803980857497053,-0.5359422007578724
202455010604,2024-01-06,佐賀,4,一般,"{'win': {'combinations': ['4'], 'payouts': [130]}, 'place': {'combinations': ['4', '1', '5'], 'payouts': [100, 140, 100]}, 'bracket_quinella': {'combinations': ['1 - 4'], 'payouts': [790]}, 'quinella': {'combinations': ['1 - 4'], 'payouts': [560]}, 'wide': {'combinations': ['1 - 4', '4 - 5', '1 - 5'], 'payouts': [230, 130, 300]}, 'exacta': {'combinations': ['4 → 1'], 'payouts': [640]}, 'trio': {'combinations': ['1 - 4 - 5'], 'payouts': [430]}, 'trifecta': {'combinations': ['4 → 1 → 5'], 'payouts': [1, 400]}}",3.0,5,5,カンタベリースワン,2020103761,牝4,54.0,山田義貴,93.9,4,0,,39.4,3.0,2,0,2024,1,6,5,1,winter,0,,,0.0,,0,,,,,0,0,0.0,,53.9,,-0.10000000000000142,,1,0,0.0,0,1,0.0,1.0,,short,-0.9915967988780069,-0.42889681278512065,0.0,0.26348463397983807,0.0,0.0,0.0,0.0,0.0,0.0,0.0,-0.28347335475692037,0.0,-0.28347335475692037,-0.28347335475692037,-1.6943013217690819,-0.07818248091422401,0.0,-0.28347335475692037,-0.28347335475692037,-0.41803980857497053,1.8658728470829629,-0.41803980857497053,1.8658728470829629
202455010604,2024-01-06,佐賀,4,一般,"{'win': {'combinations': ['4'], 'payouts': [130]}, 'place': {'combinations': ['4', '1', '5'], 'payouts': [100, 140, 100]}, 'bracket_quinella': {'combinations': ['1 - 4'], 'payouts': [790]}, 'quinella': {'combinations': ['1 - 4'], 'payouts': [560]}, 'wide': {'combinations': ['1 - 4', '4 - 5', '1 - 5'], 'payouts': [230, 130, 300]}, 'exacta': {'combinations': ['4 → 1'], 'payouts': [640]}, 'trio': {'combinations': ['1 - 4 - 5'], 'payouts': [430]}, 'trifecta': {'combinations': ['4 → 1 → 5'], 'payouts': [1, 400]}}",2.0,1,1,ロイヤルホープ,2020103861,牝4,53.0,中山蓮王,93.1,大,0,,40.6,17.4,2,0,2024,1,6,5,1,winter,0,,,0.0,,0,,,,,0,0,0.0,,53.9,,0.8999999999999986,,1,0,0.0,1,1,1.0,1.0,,short,-1.60414670399218,-0.46883929201892804,0.0,0.7390342779061598,0.0,0.0,0.0,0.0,0.0,0.0,0.0,-0.28347335475692037,0.0,-0.28347335475692037,-0.28347335475692037,-1.6943013217690819,0.7036423282280058,0.0,-0.28347335475692037,-0.28347335475692037,2.39211668240122,1.8658728470829629,2.39211668240122,1.8658728470829629
202406010106,2024-01-06,中山,6,一般,"{'win': {'combinations': ['11'], 'payouts': [300]}, 'place': {'combinations': ['11', '6', '2'], 'payouts': [170, 340, 750]}, 'bracket_quinella': {'combinations': ['3 - 6'], 'payouts': [910]}, 'quinella': {'combinations': ['6 - 11'], 'payouts': [1, 500]}, 'wide': {'combinations': ['6 - 11', '2 - 11', '2 - 6'], 'payouts': [610, 1, 620, 5, 510]}, 'exacta': {'combinations': ['11 → 6'], 'payouts': [2, 230]}, 'trio': {'combinations': ['2 - 6 - 11'], 'payouts': [19, 100]}, 'trifecta': {'combinations': ['11 → 6 → 2'], 'payouts': [56, 210]}}",7.0,4,8,ゴンドワナ,2020103921,牡4,56.0,横山琉人,158.0,3/4,0,,40.1,247.7,0,0,2024,1,6,5,1,winter,0,,,0.0,,0,,,,,0,0,0.0,,56.75,,0.75,,1,0,0.0,0,0,0.0,0.0,,short,0.23350301135033932,2.7714943358236526,0.0,0.5408885929368595,0.0,0.0,0.0,0.0,0.0,0.0,0.0,-0.28347335475692037,0.0,-0.28347335475692037,-0.28347335475692037,1.1150738955025463,0.5863686068566725,0.0,-0.28347335475692037,-0.28347335475692037,-0.41803980857497053,-0.5359422007578724,-0.41803980857497053,-0.5359422007578724
202406010106,2024-01-06,中山,6,一般,"{'win': {'combinations': ['11'], 'payouts': [300]}, 'place': {'combinations': ['11', '6', '2'], 'payouts': [170, 340, 750]}, 'bracket_quinella': {'combinations': ['3 - 6'], 'payouts': [910]}, 'quinella': {'combinations': ['6 - 11'], 'payouts': [1, 500]}, 'wide': {'combinations': ['6 - 11', '2 - 11', '2 - 6'], 'payouts': [610, 1, 620, 5, 510]}, 'exacta': {'combinations': ['11 → 6'], 'payouts': [2, 230]}, 'trio': {'combinations': ['2 - 6 - 11'], 'payouts': [19, 100]}, 'trifecta': {'combinations': ['11 → 6 → 2'], 'payouts': [56, 210]}}",13.0,8,15,クリスプブリーズ,2020103923,牡4,56.0,佐々木大,159.8,4,0,,42.4,106.3,0,0,2024,1,6,5,1,winter,0,,,0.0,,0,,,,,0,0,0.0,,56.75,,0.75,,1,0,0.0,0,0,0.0,0.0,,short,0.23350301135033932,2.8613649140997186,0.0,1.4523587437956396,0.0,0.0,0.0,0.0,0.0,0.0,0.0,-0.28347335475692037,0.0,-0.28347335475692037,-0.28347335475692037,1.1150738955025463,0.5863686068566725,0.0,-0.28347335475692037,-0.28347335475692037,-0.41803980857497053,-0.5359422007578724,-0.41803980857497053,-0.5359422007578724
202406010108,2024-01-06,中山,8,一般,"{'win': {'combinations': ['8'], 'payouts': [560]}, 'place': {'combinations': ['8', '4', '10'], 'payouts': [230, 1, 50, 1, 730]}, 'bracket_quinella': {'combinations': ['2 - 4'], 'payouts': [4, 130]}, 'quinella': {'combinations': ['4 - 8'], 'payouts': [10, 500]}, 'wide': {'combinations': ['4 - 8', '8 - 10', '4 - 10'], 'payouts': [3, 450, 6, 410, 27, 650]}, 'exacta': {'combinations': ['8 → 4'], 'payouts': [17, 340]}, 'trio': {'combinations': ['4 - 8 - 10'], 'payouts': [176, 980]}, 'trifecta': {'combinations': ['8 → 4 → 10'], 'payouts': [759, 60]}}",6.0,3,6,テンホワイトラブ,2020104052,牝4,53.0,小林凌大,116.2,アタマ,0,,38.4,33.0,0,0,2024,1,6,5,1,winter,0,,,0.0,,0,,,,,0,0,0.0,,54.375,,1.375,,1,0,0.0,0,0,0.0,0.0,,short,-1.60414670399218,0.6844997958572451,0.0,-0.13280673595876244,0.0,0.0,0.0,0.0,0.0,0.0,0.0,-0.28347335475692037,0.0,-0.28347335475692037,-0.28347335475692037,-1.226072118890476,1.0750091125705659,0.0,-0.28347335475692037,-0.28347335475692037,-0.41803980857497053,-0.5359422007578724,-0.41803980857497053,-0.5359422007578724
202406010108,2024-01-06,中山,8,一般,"{'win': {'combinations': ['8'], 'payouts': [560]}, 'place': {'combinations': ['8', '4', '10'], 'payouts': [230, 1, 50, 1, 730]}, 'bracket_quinella': {'combinations': ['2 - 4'], 'payouts': [4, 130]}, 'quinella': {'combinations': ['4 - 8'], 'payouts': [10, 500]}, 'wide': {'combinations': ['4 - 8', '8 - 10', '4 - 10'], 'payouts': [3, 450, 6, 410, 27, 650]}, 'exacta': {'combinations': ['8 → 4'], 'payouts': [17, 340]}, 'trio': {'combinations': ['4 - 8 - 10'], 'payouts': [176, 980]}, 'trifecta': {'combinations': ['8 → 4 → 10'], 'payouts': [759, 60]}}",15.0,2,3,ウェンダヴズクライ,2020104086,牝4,53.0,藤田菜七,118.7,9,0,,40.8,272.0,0,0,2024,1,6,5,1,winter,0,,,0.0,,0,,,,,0,0,0.0,,54.375,,1.375,,1,0,0.0,0,0,0.0,0.0,,short,-1.60414670399218,0.8093200434628914,0.0,0.8182925518938782,0.0,0.0,0.0,0.0,0.0,0.0,0.0,-0.28347335475692037,0.0,-0.28347335475692037,-0.28347335475692037,-1.226072118890476,1.0750091125705659,0.0,-0.28347335475692037,-0.28347335475692037,-0.41803980857497053,-0.5359422007578724,-0.41803980857497053,-0.5359422007578724
202455010604,2024-01-06,佐賀,4,一般,"{'win': {'combinations': ['4'], 'payouts': [130]}, 'place': {'combinations': ['4', '1', '5'], 'payouts': [100, 140, 100]}, 'bracket_quinella': {'combinations': ['1 - 4'], 'payouts': [790]}, 'quinella': {'combinations': ['1 - 4'], 'payouts': [560]}, 'wide': {'combinations': ['1 - 4', '4 - 5', '1 - 5'], 'payouts': [230, 130, 300]}, 'exacta': {'combinations': ['4 → 1'], 'payouts': [640]}, 'trio': {'combinations': ['1 - 4 - 5'], 'payouts': [430]}, 'trifecta': {'combinations': ['4 → 1 → 5'], 'payouts': [1, 400]}}",7.0,7,7,ライヴソルト,2020104113,牡4,53.0,合林海斗,96.0,アタマ,0,,41.2,39.6,2,0,2024,1,6,5,1,winter,0,,,0.0,,0,,,,,0,0,0.0,,53.9,,0.8999999999999986,,1,0,0.0,0,0,0.0,0.0,,short,-1.60414670399218,-0.32404780479637796,0.0,0.9768090998693206,0.0,0.0,0.0,0.0,0.0,0.0,0.0,-0.28347335475692037,0.0,-0.28347335475692037,-0.28347335475692037,-1.6943013217690819,0.7036423282280058,0.0,-0.28347335475692037,-0.28347335475692037,-0.41803980857497053,-0.5359422007578724,-0.41803980857497053,-0.5359422007578724
202455010607,2024-01-06,佐賀,7,一般,"{'win': {'combinations': ['7'], 'payouts': [880]}, 'place': {'combinations': ['7', '9', '1'], 'payouts': [200, 160, 670]}, 'bracket_quinella': {'combinations': ['6 - 7'], 'payouts': [760]}, 'quinella': {'combinations': ['7 - 9'], 'payouts': [910]}, 'wide': {'combinations': ['7 - 9', '1 - 7', '1 - 9'], 'payouts': [490, 1, 430, 1, 710]}, 'exacta': {'combinations': ['7 → 9'], 'payouts': [2, 430]}, 'trio': {'combinations': ['1 - 7 - 9'], 'payouts': [5, 860]}, 'trifecta': {'combinations': ['7 → 9 → 1'], 'payouts': [28, 800]}}",2.0,7,9,グラシアーノ,2020104115,牝4,54.0,山口勲,87.0,1.1/4,0,,39.7,2.3,2,0,2024,1,6,5,1,winter,0,,,0.0,,0,,,,,0,0,0.0,,54.333333333333336,,0.3333333333333357,,1,0,0.0,1,1,1.0,1.0,,short,-0.9915967988780069,-0.7734006961767049,0.0,0.3823720449614199,0.0,0.0,0.0,0.0,0.0,0.0,0.0,-0.28347335475692037,0.0,-0.28347335475692037,-0.28347335475692037,-1.2671448559850882,0.2606082697140785,0.0,-0.28347335475692037,-0.28347335475692037,2.39211668240122,1.8658728470829629,2.39211668240122,1.8658728470829629
202408010112,2024-01-06,京都,12,一般,"{'win': {'combinations': ['1'], 'payouts': [2, 140]}, 'place': {'combinations': ['1', '2', '5'], 'payouts': [500, 280, 170]}, 'bracket_quinella': {'combinations': ['1 - 1'], 'payouts': [11, 260]}, 'quinella': {'combinations': ['1 - 2'], 'payouts': [11, 170]}, 'wide': {'combinations': ['1 - 2', '1 - 5', '2 - 5'], 'payouts': [2, 740, 1, 590, 600]}, 'exacta': {'combinations': ['1 → 2'], 'payouts': [21, 410]}, 'trio': {'combinations': ['1 - 2 - 5'], 'payouts': [13, 410]}, 'trifecta': {'combinations': ['1 → 2 → 5'], 'payouts': [114, 370]}}",15.0,8,16,ニホンピロアリー,2020104224,牝4,53.0,田口貫太,109.8,1.1/2,0,,37.7,144.8,1,0,2024,1,6,5,1,winter,0,,,0.0,,0,,,,,0,0,0.0,,56.76470588235294,,3.764705882352942,,1,0,0.0,0,0,0.0,0.0,,short,-1.60414670399218,0.36495996198679,0.0,-0.4102106949157811,0.0,0.0,0.0,0.0,0.0,0.0,0.0,-0.28347335475692037,0.0,-0.28347335475692037,-0.28347335475692037,1.1295701556535875,2.9433404579472184,0.0,-0.28347335475692037,-0.28347335475692037,-0.41803980857497053,-0.5359422007578724,-0.41803980857497053,-0.5359422007578724
202455010607,2024-01-06,佐賀,7,一般,"{'win': {'combinations': ['7'], 'payouts': [880]}, 'place': {'combinations': ['7', '9', '1'], 'payouts': [200, 160, 670]}, 'bracket_quinella': {'combinations': ['6 - 7'], 'payouts': [760]}, 'quinella': {'combinations': ['7 - 9'], 'payouts': [910]}, 'wide': {'combinations': ['7 - 9', '1 - 7', '1 - 9'], 'payouts': [490, 1, 430, 1, 710]}, 'exacta': {'combinations': ['7 → 9'], 'payouts': [2, 430]}, 'trio': {'combinations': ['1 - 7 - 9'], 'payouts': [5, 860]}, 'trifecta': {'combinations': ['7 → 9 → 1'], 'payouts': [28, 800]}}",1.0,6,7,ベラストレーガ,2020104267,牝4,54.0,小林凌,86.8,nan,0,,39.6,8.8,2,0,2024,1,6,5,1,winter,0,,,0.0,,1,,,,,0,1,1.0,,54.333333333333336,,0.3333333333333357,,1,1,1.0,1,1,1.0,1.0,,short,-0.9915967988780069,-0.7833863159851568,0.0,0.3427429079675593,0.0,0.0,0.0,0.0,0.0,0.0,0.0,3.527668414752787,0.0,3.527668414752787,3.527668414752787,-1.2671448559850882,0.2606082697140785,0.0,3.527668414752787,3.527668414752787,2.39211668240122,1.8658728470829629,2.39211668240122,1.8658728470829629
202406010109,2024-01-06,中山,9,一般,"{'win': {'combinations': ['8'], 'payouts': [1, 270]}, 'place': {'combinations': ['8', '2', '7'], 'payouts': [560, 370, 380]}, 'quinella': {'combinations': ['2 - 8'], 'payouts': [2, 780]}, 'wide': {'combinations': ['2 - 8', '7 - 8', '2 - 7'], 'payouts': [590, 600, 530]}, 'exacta': {'combinations': ['8 → 2'], 'payouts': [6, 400]}, 'trio': {'combinations': ['2 - 7 - 8'], 'payouts': [3, 790]}, 'trifecta': {'combinations': ['8 → 2 → 7'], 'payouts': [34, 820]}}",7.0,4,4,ラーテル,2020104285,セ4,57.0,丸田恭介,133.4,7,0,,35.1,158.5,0,0,2024,1,6,5,1,winter,0,,,0.0,,0,,,,,0,0,0.0,,57.5,,0.5,,1,0,0.0,0,0,0.0,0.0,,short,0.8460529164645124,1.5432630993840923,0.0,-1.440568256756143,0.0,0.0,0.0,0.0,0.0,0.0,0.0,-0.28347335475692037,0.0,-0.28347335475692037,-0.28347335475692037,1.854383163205606,0.390912404571115,0.0,-0.28347335475692037,-0.28347335475692037,-0.41803980857497053,-0.5359422007578724,-0.41803980857497053,-0.5359422007578724
202408010112,2024-01-06,京都,12,一般,"{'win': {'combinations': ['1'], 'payouts': [2, 140]}, 'place': {'combinations': ['1', '2', '5'], 'payouts': [500, 280, 170]}, 'bracket_quinella': {'combinations': ['1 - 1'], 'payouts': [11, 260]}, 'quinella': {'combinations': ['1 - 2'], 'payouts': [11, 170]}, 'wide': {'combinations': ['1 - 2', '1 - 5', '2 - 5'], 'payouts': [2, 740, 1, 590, 600]}, 'exacta': {'combinations': ['1 → 2'], 'payouts': [21, 410]}, 'trio': {'combinations': ['1 - 2 - 5'], 'payouts': [13, 410]}, 'trifecta': {'combinations': ['1 → 2 → 5'], 'payouts': [114, 370]}}",2.0,1,2,ルクスビッグスター,2020104297,牡4,57.0,岩田望来,107.5,1.1/4,0,,35.5,11.5,1,0,2024,1,6,5,1,winter,0,,,0.0,,0,,,,,0,0,0.0,,56.76470588235294,,-0.235294117647058,,1,0,0.0,1,1,1.0,1.0,,short,0.8460529164645124,0.2501253341895955,0.0,-1.2820517087807033,0.0,0.0,0.0,0.0,0.0,0.0,0.0,-0.28347335475692037,0.0,-0.28347335475692037,-0.28347335475692037,1.1295701556535875,-0.18395877862170038,0.0,-0.28347335475692037,-0.28347335475692037,2.39211668240122,1.8658728470829629,2.39211668240122,1.8658728470829629
202455010607,2024-01-06,佐賀,7,一般,"{'win': {'combinations': ['7'], 'payouts': [880]}, 'place': {'combinations': ['7', '9', '1'], 'payouts': [200, 160, 670]}, 'bracket_quinella': {'combinations': ['6 - 7'], 'payouts': [760]}, 'quinella': {'combinations': ['7 - 9'], 'payouts': [910]}, 'wide': {'combinations': ['7 - 9', '1 - 7', '1 - 9'], 'payouts': [490, 1, 430, 1, 710]}, 'exacta': {'combinations': ['7 → 9'], 'payouts': [2, 430]}, 'trio': {'combinations': ['1 - 7 - 9'], 'payouts': [5, 860]}, 'trifecta': {'combinations': ['7 → 9 → 1'], 'payouts': [28, 800]}}",7.0,8,11,スマートアリア,2020104310,牝4,54.0,金山昇馬,87.6,ハナ,0,,40.5,30.9,2,0,2024,1,6,5,1,winter,0,,,0.0,,0,,,,,0,0,0.0,,54.333333333333336,,0.3333333333333357,,1,0,0.0,0,0,0.0,0.0,,short,-0.9915967988780069,-0.7434438367513501,0.0,0.6994051409122992,0.0,0.0,0.0,0.0,0.0,0.0,0.0,-0.28347335475692037,0.0,-0.28347335475692037,-0.28347335475692037,-1.2671448559850882,0.2606082697140785,0.0,-0.28347335475692037,-0.28347335475692037,-0.41803980857497053,-0.5359422007578724,-0.41803980857497053,-0.5359422007578724
202406010108,2024-01-06,中山,8,一般,"{'win': {'combinations': ['8'], 'payouts': [560]}, 'place': {'combinations': ['8', '4', '10'], 'payouts': [230, 1, 50, 1, 730]}, 'bracket_quinella': {'combinations': ['2 - 4'], 'payouts': [4, 130]}, 'quinella': {'combinations': ['4 - 8'], 'payouts': [10, 500]}, 'wide': {'combinations': ['4 - 8', '8 - 10', '4 - 10'], 'payouts': [3, 450, 6, 410, 27, 650]}, 'exacta': {'combinations': ['8 → 4'], 'payouts': [17, 340]}, 'trio': {'combinations': ['4 - 8 - 10'], 'payouts': [176, 980]}, 'trifecta': {'combinations': ['8 → 4 → 10'], 'payouts': [759, 60]}}",5.0,7,13,ルージュクレセント,2020104570,牝4,54.0,佐々木大,116.2,1/2,0,,38.9,8.6,0,0,2024,1,6,5,1,winter,0,,,0.0,,0,,,,,0,0,0.0,,54.375,,0.375,,1,0,0.0,0,0,0.0,0.0,,short,-0.9915967988780069,0.6844997958572451,0.0,0.06533894901053781,0.0,0.0,0.0,0.0,0.0,0.0,0.0,-0.28347335475692037,0.0,-0.28347335475692037,-0.28347335475692037,-1.226072118890476,0.29318430342833623,0.0,-0.28347335475692037,-0.28347335475692037,-0.41803980857497053,-0.5359422007578724,-0.41803980857497053,-0.5359422007578724
202406010108,2024-01-06,中山,8,一般,"{'win': {'combinations': ['8'], 'payouts': [560]}, 'place': {'combinations': ['8', '4', '10'], 'payouts': [230, 1, 50, 1, 730]}, 'bracket_quinella': {'combinations': ['2 - 4'], 'payouts': [4, 130]}, 'quinella': {'combinations': ['4 - 8'], 'payouts': [10, 500]}, 'wide': {'combinations': ['4 - 8', '8 - 10', '4 - 10'], 'payouts': [3, 450, 6, 410, 27, 650]}, 'exacta': {'combinations': ['8 → 4'], 'payouts': [17, 340]}, 'trio': {'combinations': ['4 - 8 - 10'], 'payouts': [176, 980]}, 'trifecta': {'combinations': ['8 → 4 → 10'], 'payouts': [759, 60]}}",13.0,7,14,スピリチュアル,2020104634,牝4,53.0,小林脩斗,117.0,3/4,0,,40.1,98.3,0,0,2024,1,6,5,1,winter,0,,,0.0,,0,,,,,0,0,0.0,,54.375,,1.375,,1,0,0.0,0,0,0.0,0.0,,short,-1.60414670399218,0.7244422750910517,0.0,0.5408885929368595,0.0,0.0,0.0,0.0,0.0,0.0,0.0,-0.28347335475692037,0.0,-0.28347335475692037,-0.28347335475692037,-1.226072118890476,1.0750091125705659,0.0,-0.28347335475692037,-0.28347335475692037,-0.41803980857497053,-0.5359422007578724,-0.41803980857497053,-0.5359422007578724
202408010107,2024-01-06,京都,7,一般,"{'win': {'combinations': ['7'], 'payouts': [250]}, 'place': {'combinations': ['7', '10', '11'], 'payouts': [130, 220, 270]}, 'bracket_quinella': {'combinations': ['6 - 8'], 'payouts': [540]}, 'quinella': {'combinations': ['7 - 10'], 'payouts': [1, 70]}, 'wide': {'combinations': ['7 - 10', '7 - 11', '10 - 11'], 'payouts': [460, 520, 1, 140]}, 'exacta': {'combinations': ['7 → 10'], 'payouts': [1, 580]}, 'trio': {'combinations': ['7 - 10 - 11'], 'payouts': [2, 980]}, 'trifecta': {'combinations': ['7 → 10 → 11'], 'payouts': [9, 670]}}",1.0,6,7,ダンテバローズ,2020104661,牡4,57.0,岩田望来,112.2,nan,0,,37.3,2.5,1,0,2024,1,6,5,1,winter,0,,,0.0,,1,,,,,0,1,1.0,,57.0,,0.0,,1,1,1.0,1,1,1.0,1.0,,short,0.8460529164645124,0.48478739968821083,0.0,-0.5687272428912236,0.0,0.0,0.0,0.0,0.0,0.0,0.0,3.527668414752787,0.0,3.527668414752787,3.527668414752787,1.3615103180702328,8.034379279775345e-17,0.0,3.527668414752787,3.527668414752787,2.39211668240122,1.8658728470829629,2.39211668240122,1.8658728470829629
202455010603,2024-01-06,佐賀,3,一般,"{'win': {'combinations': ['7'], 'payouts': [120]}, 'place': {'combinations': ['7', '10', '8'], 'payouts': [100, 100, 140]}, 'bracket_quinella': {'combinations': ['6 - 7'], 'payouts': [140]}, 'quinella': {'combinations': ['7 - 10'], 'payouts': [170]}, 'wide': {'combinations': ['7 - 10', '7 - 8', '8 - 10'], 'payouts': [150, 210, 340]}, 'exacta': {'combinations': ['7 → 10'], 'payouts': [260]}, 'trio': {'combinations': ['7 - 8 - 10'], 'payouts': [360]}, 'trifecta': {'combinations': ['7 → 10 → 8'], 'payouts': [700]}}",2.0,7,10,クンバカルナ,2020104762,牝4,54.0,田中純,92.9,1.1/2,0,,40.2,3.7,2,0,2024,1,6,5,1,winter,0,,,0.0,,0,,,,,0,0,0.0,,54.166666666666664,,0.1666666666666643,,1,0,0.0,1,1,1.0,1.0,,short,-0.9915967988780069,-0.4788249118273792,0.0,0.5805177299307201,0.0,0.0,0.0,0.0,0.0,0.0,0.0,-0.28347335475692037,0.0,-0.28347335475692037,-0.28347335475692037,-1.4314358043635504,0.13030413485703654,0.0,-0.28347335475692037,-0.28347335475692037,2.39211668240122,1.8658728470829629,2.39211668240122,1.8658728470829629
202455010603,2024-01-06,佐賀,3,一般,"{'win': {'combinations': ['7'], 'payouts': [120]}, 'place': {'combinations': ['7', '10', '8'], 'payouts': [100, 100, 140]}, 'bracket_quinella': {'combinations': ['6 - 7'], 'payouts': [140]}, 'quinella': {'combinations': ['7 - 10'], 'payouts': [170]}, 'wide': {'combinations': ['7 - 10', '7 - 8', '8 - 10'], 'payouts': [150, 210, 340]}, 'exacta': {'combinations': ['7 → 10'], 'payouts': [260]}, 'trio': {'combinations': ['7 - 8 - 10'], 'payouts': [360]}, 'trifecta': {'combinations': ['7 → 10 → 8'], 'payouts': [700]}}",8.0,4,4,コノハナサクヤヒメ,2020104789,牝4,54.0,倉富隆一,95.0,2.1/2,0,,42.2,76.9,2,0,2024,1,6,5,1,winter,0,,,0.0,,0,,,,,0,0,0.0,,54.166666666666664,,0.1666666666666643,,1,0,0.0,0,0,0.0,0.0,,short,-0.9915967988780069,-0.3739759038386365,0.0,1.3731004698079212,0.0,0.0,0.0,0.0,0.0,0.0,0.0,-0.28347335475692037,0.0,-0.28347335475692037,-0.28347335475692037,-1.4314358043635504,0.13030413485703654,0.0,-0.28347335475692037,-0.28347335475692037,-0.41803980857497053,-0.5359422007578724,-0.41803980857497053,-0.5359422007578724
202406010112,2024-01-06,中山,12,一般,"{'win': {'combinations': ['8'], 'payouts': [1, 790]}, 'place': {'combinations': ['8', '5', '14'], 'payouts': [340, 170, 450]}, 'bracket_quinella': {'combinations': ['3 - 4'], 'payouts': [3, 30]}, 'quinella': {'combinations': ['5 - 8'], 'payouts': [3, 510]}, 'wide': {'combinations': ['5 - 8', '8 - 14', '5 - 14'], 'payouts': [1, 0, 3, 10, 1, 530]}, 'exacta': {'combinations': ['8 → 5'], 'payouts': [9, 900]}, 'trio': {'combinations': ['5 - 8 - 14'], 'payouts': [19, 140]}, 'trifecta': {'combinations': ['8 → 5 → 14'], 'payouts': [121, 500]}}",4.0,6,12,タマモロック,2020104861,牡4,56.0,永野猛蔵,113.7,1.1/4,0,,38.7,5.6,0,0,2024,1,6,5,1,winter,0,,,0.0,,0,,,,,0,0,0.0,,57.125,,1.125,,1,0,0.0,0,0,0.0,0.0,,short,0.23350301135033932,0.5596795482515986,0.0,-0.013919324977180597,0.0,0.0,0.0,0.0,0.0,0.0,0.0,-0.28347335475692037,0.0,-0.28347335475692037,-0.28347335475692037,1.4847285293540762,0.8795529102850085,0.0,-0.28347335475692037,-0.28347335475692037,-0.41803980857497053,-0.5359422007578724,-0.41803980857497053,-0.5359422007578724
202455010601,2024-01-06,佐賀,1,一般,"{'win': {'combinations': ['3'], 'payouts': [110]}, 'place': {'combinations': ['3', '9', '10'], 'payouts': [100, 160, 200]}, 'bracket_quinella': {'combinations': ['3 - 8'], 'payouts': [260]}, 'quinella': {'combinations': ['3 - 9'], 'payouts': [770]}, 'wide': {'combinations': ['3 - 9', '3 - 10', '9 - 10'], 'payouts': [340, 230, 840]}, 'exacta': {'combinations': ['3 → 9'], 'payouts': [900]}, 'trio': {'combinations': ['3 - 9 - 10'], 'payouts': [1, 280]}, 'trifecta': {'combinations': ['3 → 9 → 10'], 'payouts': [4, 660]}}",7.0,7,8,ウインダンスタイム,2020105204,牝4,54.0,金山昇馬,95.1,2,0,,40.7,59.7,2,0,2024,1,6,5,1,winter,0,,,0.0,,0,,,,,0,0,0.0,,54.6,,0.6000000000000014,,1,0,0.0,0,0,0.0,0.0,,short,-0.9915967988780069,-0.3689830939344109,0.0,0.7786634149000204,0.0,0.0,0.0,0.0,0.0,0.0,0.0,-0.28347335475692037,0.0,-0.28347335475692037,-0.28347335475692037,-1.0042793385795568,0.46909488548533906,0.0,-0.28347335475692037,-0.28347335475692037,-0.41803980857497053,-0.5359422007578724,-0.41803980857497053,-0.5359422007578724
202408010110,2024-01-06,京都,10,一般,"{'win': {'combinations': ['4'], 'payouts': [620]}, 'place': {'combinations': ['4', '13', '2'], 'payouts': [210, 210, 520]}, 'bracket_quinella': {'combinations': ['4 - 8'], 'payouts': [1, 340]}, 'quinella': {'combinations': ['4 - 13'], 'payouts': [1, 580]}, 'wide': {'combinations': ['4 - 13', '2 - 4', '2 - 13'], 'payouts': [560, 1, 720, 2, 210]}, 'exacta': {'combinations': ['4 → 13'], 'payouts': [3, 200]}, 'trio': {'combinations': ['2 - 4 - 13'], 'payouts': [10, 850]}, 'trifecta': {'combinations': ['4 → 13 → 2'], 'payouts': [53, 740]}}",2.0,8,13,ウインルーティン,2020105206,牡4,52.0,角田大河,96.25,3/4,0,,36.6,5.5,1,0,2024,1,6,5,1,winter,0,,,0.0,,0,,,,,0,0,0.0,,54.38461538461539,,2.384615384615387,,1,0,0.0,1,1,1.0,1.0,,short,-2.216696609106353,-0.3115657800358133,0.0,-0.8461312018482422,0.0,0.0,0.0,0.0,0.0,0.0,0.0,-0.28347335475692037,0.0,-0.28347335475692037,-0.28347335475692037,-1.2165937949455627,1.8643514679545496,0.0,-0.28347335475692037,-0.28347335475692037,2.39211668240122,1.8658728470829629,2.39211668240122,1.8658728470829629
202455010604,2024-01-06,佐賀,4,一般,"{'win': {'combinations': ['4'], 'payouts': [130]}, 'place': {'combinations': ['4', '1', '5'], 'payouts': [100, 140, 100]}, 'bracket_quinella': {'combinations': ['1 - 4'], 'payouts': [790]}, 'quinella': {'combinations': ['1 - 4'], 'payouts': [560]}, 'wide': {'combinations': ['1 - 4', '4 - 5', '1 - 5'], 'payouts': [230, 130, 300]}, 'exacta': {'combinations': ['4 → 1'], 'payouts': [640]}, 'trio': {'combinations': ['1 - 4 - 5'], 'payouts': [430]}, 'trifecta': {'combinations': ['4 → 1 → 5'], 'payouts': [1, 400]}}",10.0,3,3,ソイヤソイヤソイヤ,2020105411,牝4,54.0,金山昇馬,96.6,1,0,,43.6,140.9,2,0,2024,1,6,5,1,winter,0,,,0.0,,0,,,,,0,0,0.0,,53.9,,-0.10000000000000142,,1,0,0.0,0,0,0.0,0.0,,short,-0.9915967988780069,-0.2940909453710231,0.0,1.9279083877219614,0.0,0.0,0.0,0.0,0.0,0.0,0.0,-0.28347335475692037,0.0,-0.28347335475692037,-0.28347335475692037,-1.6943013217690819,-0.07818248091422401,0.0,-0.28347335475692037,-0.28347335475692037,-0.41803980857497053,-0.5359422007578724,-0.41803980857497053,-0.5359422007578724
202455010604,2024-01-06,佐賀,4,一般,"{'win': {'combinations': ['4'], 'payouts': [130]}, 'place': {'combinations': ['4', '1', '5'], 'payouts': [100, 140, 100]}, 'bracket_quinella': {'combinations': ['1 - 4'], 'payouts': [790]}, 'quinella': {'combinations': ['1 - 4'], 'payouts': [560]}, 'wide': {'combinations': ['1 - 4', '4 - 5', '1 - 5'], 'payouts': [230, 130, 300]}, 'exacta': {'combinations': ['4 → 1'], 'payouts': [640]}, 'trio': {'combinations': ['1 - 4 - 5'], 'payouts': [430]}, 'trifecta': {'combinations': ['4 → 1 → 5'], 'payouts': [1, 400]}}",8.0,8,10,クリノシークレット,2020105416,牝4,54.0,田中直人,96.0,アタマ,0,,40.8,33.8,2,0,2024,1,6,5,1,winter,0,,,0.0,,0,,,,,0,0,0.0,,53.9,,-0.10000000000000142,,1,0,0.0,0,0,0.0,0.0,,short,-0.9915967988780069,-0.32404780479637796,0.0,0.8182925518938782,0.0,0.0,0.0,0.0,0.0,0.0,0.0,-0.28347335475692037,0.0,-0.28347335475692037,-0.28347335475692037,-1.6943013217690819,-0.07818248091422401,0.0,-0.28347335475692037,-0.28347335475692037,-0.41803980857497053,-0.5359422007578724,-0.41803980857497053,-0.5359422007578724
202406010111,2024-01-06,中山,11,一般,"{'win': {'combinations': ['3'], 'payouts': [780]}, 'place': {'combinations': ['3', '7', '15'], 'payouts': [270, 400, 340]}, 'bracket_quinella': {'combinations': ['2 - 4'], 'payouts': [570]}, 'quinella': {'combinations': ['3 - 7'], 'payouts': [4, 820]}, 'wide': {'combinations': ['3 - 7', '3 - 15', '7 - 15'], 'payouts': [1, 450, 1, 310, 1, 870]}, 'exacta': {'combinations': ['3 → 7'], 'payouts': [8, 30]}, 'trio': {'combinations': ['3 - 7 - 15'], 'payouts': [12, 230]}, 'trifecta': {'combinations': ['3 → 7 → 15'], 'payouts': [65, 470]}}",17.0,8,17,エミュー,2020105631,牝4,54.0,佐々木大,122.7,大,0,,37.6,61.2,0,0,2024,1,6,5,1,winter,0,,,0.0,,0,,,,,0,0,0.0,,55.970588235294116,,1.970588235294116,,1,0,0.0,0,0,0.0,0.0,,short,-0.9915967988780069,1.0090324396319257,0.0,-0.4498398319096417,0.0,0.0,0.0,0.0,0.0,0.0,0.0,-0.28347335475692037,0.0,-0.28347335475692037,-0.28347335475692037,0.3467721074974042,1.5406547709567455,0.0,-0.28347335475692037,-0.28347335475692037,-0.41803980857497053,-0.5359422007578724,-0.41803980857497053,-0.5359422007578724
202406010112,2024-01-06,中山,12,一般,"{'win': {'combinations': ['8'], 'payouts': [1, 790]}, 'place': {'combinations': ['8', '5', '14'], 'payouts': [340, 170, 450]}, 'bracket_quinella': {'combinations': ['3 - 4'], 'payouts': [3, 30]}, 'quinella': {'combinations': ['5 - 8'], 'payouts': [3, 510]}, 'wide': {'combinations': ['5 - 8', '8 - 14', '5 - 14'], 'payouts': [1, 0, 3, 10, 1, 530]}, 'exacta': {'combinations': ['8 → 5'], 'payouts': [9, 900]}, 'trio': {'combinations': ['5 - 8 - 14'], 'payouts': [19, 140]}, 'trifecta': {'combinations': ['8 → 5 → 14'], 'payouts': [121, 500]}}",2.0,3,5,リチャ,2020105650,牡4,57.0,戸崎圭太,113.5,3/4,0,,38.7,3.9,0,0,2024,1,6,5,1,winter,0,,,0.0,,0,,,,,0,0,0.0,,57.125,,0.125,,1,0,0.0,1,1,1.0,1.0,,short,0.8460529164645124,0.5496939284431468,0.0,-0.013919324977180597,0.0,0.0,0.0,0.0,0.0,0.0,0.0,-0.28347335475692037,0.0,-0.28347335475692037,-0.28347335475692037,1.4847285293540762,0.09772810114277881,0.0,-0.28347335475692037,-0.28347335475692037,2.39211668240122,1.8658728470829629,2.39211668240122,1.8658728470829629
202408010112,2024-01-06,京都,12,一般,"{'win': {'combinations': ['1'], 'payouts': [2, 140]}, 'place': {'combinations': ['1', '2', '5'], 'payouts': [500, 280, 170]}, 'bracket_quinella': {'combinations': ['1 - 1'], 'payouts': [11, 260]}, 'quinella': {'combinations': ['1 - 2'], 'payouts': [11, 170]}, 'wide': {'combinations': ['1 - 2', '1 - 5', '2 - 5'], 'payouts': [2, 740, 1, 590, 600]}, 'exacta': {'combinations': ['1 → 2'], 'payouts': [21, 410]}, 'trio': {'combinations': ['1 - 2 - 5'], 'payouts': [13, 410]}, 'trifecta': {'combinations': ['1 → 2 → 5'], 'payouts': [114, 370]}}",6.0,5,10,トリオンファルマン,2020105652,牝4,54.0,角田大和,107.9,クビ,0,,35.3,53.8,1,0,2024,1,6,5,1,winter,0,,,0.0,,0,,,,,0,0,0.0,,56.76470588235294,,2.764705882352942,,1,0,0.0,0,0,0.0,0.0,,short,-0.9915967988780069,0.27009657380649915,0.0,-1.3613099827684245,0.0,0.0,0.0,0.0,0.0,0.0,0.0,-0.28347335475692037,0.0,-0.28347335475692037,-0.28347335475692037,1.1295701556535875,2.161515648804989,0.0,-0.28347335475692037,-0.28347335475692037,-0.41803980857497053,-0.5359422007578724,-0.41803980857497053,-0.5359422007578724
202406010111,2024-01-06,中山,11,一般,"{'win': {'combinations': ['3'], 'payouts': [780]}, 'place': {'combinations': ['3', '7', '15'], 'payouts': [270, 400, 340]}, 'bracket_quinella': {'combinations': ['2 - 4'], 'payouts': [570]}, 'quinella': {'combinations': ['3 - 7'], 'payouts': [4, 820]}, 'wide': {'combinations': ['3 - 7', '3 - 15', '7 - 15'], 'payouts': [1, 450, 1, 310, 1, 870]}, 'exacta': {'combinations': ['3 → 7'], 'payouts': [8, 30]}, 'trio': {'combinations': ['3 - 7 - 15'], 'payouts': [12, 230]}, 'trifecta': {'combinations': ['3 → 7 → 15'], 'payouts': [65, 470]}}",9.0,6,11,ゴールデンハインド,2020105744,牝4,54.0,菅原明良,119.5,アタマ,0,,35.4,7.3,0,0,2024,1,6,5,1,winter,0,,,0.0,,0,,,,,0,0,0.0,,55.970588235294116,,1.970588235294116,,1,0,0.0,0,0,0.0,0.0,,short,-0.9915967988780069,0.8492625226966981,0.0,-1.321680845774564,0.0,0.0,0.0,0.0,0.0,0.0,0.0,-0.28347335475692037,0.0,-0.28347335475692037,-0.28347335475692037,0.3467721074974042,1.5406547709567455,0.0,-0.28347335475692037,-0.28347335475692037,-0.41803980857497053,-0.5359422007578724,-0.41803980857497053,-0.5359422007578724
202455010606,2024-01-06,佐賀,6,一般,"{'win': {'combinations': ['9'], 'payouts': [1, 830]}, 'place': {'combinations': ['9', '10', '2'], 'payouts': [330, 340, 210]}, 'bracket_quinella': {'combinations': ['7 - 8'], 'payouts': [1, 230]}, 'quinella': {'combinations': ['9 - 10'], 'payouts': [5, 230]}, 'wide': {'combinations': ['9 - 10', '2 - 9', '2 - 10'], 'payouts': [1, 610, 1, 270, 1, 60]}, 'exacta': {'combinations': ['9 → 10'], 'payouts': [11, 400]}, 'trio': {'combinations': ['2 - 9 - 10'], 'payouts': [9, 980]}, 'trifecta': {'combinations': ['9 → 10 → 2'], 'payouts': [83, 810]}}",2.0,8,10,アルファホール,2020105753,牡4,56.0,倉富隆一,85.9,アタマ,0,,41.0,10.7,2,0,2024,1,6,5,1,winter,0,,,0.0,,0,,,,,0,0,0.0,,54.81818181818182,,-1.1818181818181799,,1,0,0.0,1,1,1.0,1.0,,short,0.23350301135033932,-0.8283216051231891,0.0,0.8975508258815994,0.0,0.0,0.0,0.0,0.0,0.0,0.0,-0.28347335475692037,0.0,-0.28347335475692037,-0.28347335475692037,-0.7892075516113933,-0.9239747744408155,0.0,-0.28347335475692037,-0.28347335475692037,2.39211668240122,1.8658728470829629,2.39211668240122,1.8658728470829629
202408010107,2024-01-06,京都,7,一般,"{'win': {'combinations': ['7'], 'payouts': [250]}, 'place': {'combinations': ['7', '10', '11'], 'payouts': [130, 220, 270]}, 'bracket_quinella': {'combinations': ['6 - 8'], 'payouts': [540]}, 'quinella': {'combinations': ['7 - 10'], 'payouts': [1, 70]}, 'wide': {'combinations': ['7 - 10', '7 - 11', '10 - 11'], 'payouts': [460, 520, 1, 140]}, 'exacta': {'combinations': ['7 → 10'], 'payouts': [1, 580]}, 'trio': {'combinations': ['7 - 10 - 11'], 'payouts': [2, 980]}, 'trifecta': {'combinations': ['7 → 10 → 11'], 'payouts': [9, 670]}}",3.0,8,11,ネッケツシャチョウ,2020105954,牡4,57.0,荻野琢真,112.7,アタマ,0,,36.8,12.8,1,0,2024,1,6,5,1,winter,0,,,0.0,,0,,,,,0,0,0.0,,57.0,,0.0,,1,0,0.0,0,1,0.0,1.0,,short,0.8460529164645124,0.5097514492093401,0.0,-0.7668729278605239,0.0,0.0,0.0,0.0,0.0,0.0,0.0,-0.28347335475692037,0.0,-0.28347335475692037,-0.28347335475692037,1.3615103180702328,8.034379279775345e-17,0.0,-0.28347335475692037,-0.28347335475692037,-0.41803980857497053,1.8658728470829629,-0.41803980857497053,1.8658728470829629
202455010603,2024-01-06,佐賀,3,一般,"{'win': {'combinations': ['7'], 'payouts': [120]}, 'place': {'combinations': ['7', '10', '8'], 'payouts': [100, 100, 140]}, 'bracket_quinella': {'combinations': ['6 - 7'], 'payouts': [140]}, 'quinella': {'combinations': ['7 - 10'], 'payouts': [170]}, 'wide': {'combinations': ['7 - 10', '7 - 8', '8 - 10'], 'payouts': [150, 210, 340]}, 'exacta': {'combinations': ['7 → 10'], 'payouts': [260]}, 'trio': {'combinations': ['7 - 8 - 10'], 'payouts': [360]}, 'trifecta': {'combinations': ['7 → 10 → 8'], 'payouts': [700]}}",9.0,2,2,メーリッハベイ,2020105981,牡4,55.0,中山蓮王,95.1,3/4,0,,41.4,65.4,2,0,2024,1,6,5,1,winter,0,,,0.0,,0,,,,,0,0,0.0,,54.166666666666664,,-0.8333333333333357,,1,0,0.0,0,0,0.0,0.0,,short,-0.3790468937638338,-0.3689830939344109,0.0,1.0560673738570392,0.0,0.0,0.0,0.0,0.0,0.0,0.0,-0.28347335475692037,0.0,-0.28347335475692037,-0.28347335475692037,-1.4314358043635504,-0.6515206742851932,0.0,-0.28347335475692037,-0.28347335475692037,-0.41803980857497053,-0.5359422007578724,-0.41803980857497053,-0.5359422007578724
202408010108,2024-01-06,京都,8,一般,"{'win': {'combinations': ['4'], 'payouts': [650]}, 'place': {'combinations': ['4', '16', '9'], 'payouts': [210, 170, 210]}, 'bracket_quinella': {'combinations': ['2 - 8'], 'payouts': [1, 340]}, 'quinella': {'combinations': ['4 - 16'], 'payouts': [1, 810]}, 'wide': {'combinations': ['4 - 16', '4 - 9', '9 - 16'], 'payouts': [790, 680, 600]}, 'exacta': {'combinations': ['4 → 16'], 'payouts': [3, 680]}, 'trio': {'combinations': ['4 - 9 - 16'], 'payouts': [3, 210]}, 'trifecta': {'combinations': ['4 → 16 → 9'], 'payouts': [23, 500]}}",1.0,2,4,ジュンウィンダム,2020106062,牝4,56.0,西村淳也,71.9,nan,0,,36.3,6.5,1,0,2024,1,6,5,1,winter,0,,,0.0,,1,,,,,0,1,1.0,,55.9375,,-0.0625,,1,1,1.0,1,1,1.0,1.0,,short,0.23350301135033932,-1.5273149917148088,0.0,-0.965018612829824,0.0,0.0,0.0,0.0,0.0,0.0,0.0,3.527668414752787,0.0,3.527668414752787,3.527668414752787,0.314155522157565,-0.04886405057138928,0.0,3.527668414752787,3.527668414752787,2.39211668240122,1.8658728470829629,2.39211668240122,1.8658728470829629
202455010607,2024-01-06,佐賀,7,一般,"{'win': {'combinations': ['7'], 'payouts': [880]}, 'place': {'combinations': ['7', '9', '1'], 'payouts': [200, 160, 670]}, 'bracket_quinella': {'combinations': ['6 - 7'], 'payouts': [760]}, 'quinella': {'combinations': ['7 - 9'], 'payouts': [910]}, 'wide': {'combinations': ['7 - 9', '1 - 7', '1 - 9'], 'payouts': [490, 1, 430, 1, 710]}, 'exacta': {'combinations': ['7 → 9'], 'payouts': [2, 430]}, 'trio': {'combinations': ['1 - 7 - 9'], 'payouts': [5, 860]}, 'trifecta': {'combinations': ['7 → 9 → 1'], 'payouts': [28, 800]}}",10.0,7,10,ラズライトサナ,2020106332,牝4,53.0,中山蓮王,87.7,クビ,0,,40.0,52.5,2,0,2024,1,6,5,1,winter,0,,,0.0,,0,,,,,0,0,0.0,,54.333333333333336,,1.3333333333333357,,1,0,0.0,0,0,0.0,0.0,,short,-1.60414670399218,-0.7384510268471238,0.0,0.5012594559429989,0.0,0.0,0.0,0.0,0.0,0.0,0.0,-0.28347335475692037,0.0,-0.28347335475692037,-0.28347335475692037,-1.2671448559850882,1.0424330788563083,0.0,-0.28347335475692037,-0.28347335475692037,-0.41803980857497053,-0.5359422007578724,-0.41803980857497053,-0.5359422007578724
202455010602,2024-01-06,佐賀,2,一般,"{'win': {'combinations': ['11'], 'payouts': [150]}, 'place': {'combinations': ['11', '8', '5'], 'payouts': [180, 250, 2, 0]}, 'bracket_quinella': {'combinations': ['7 - 8'], 'payouts': [870]}, 'quinella': {'combinations': ['8 - 11'], 'payouts': [810]}, 'wide': {'combinations': ['8 - 11', '5 - 11', '5 - 8'], 'payouts': [430, 2, 380, 4, 670]}, 'exacta': {'combinations': ['11 → 8'], 'payouts': [980]}, 'trio': {'combinations': ['5 - 8 - 11'], 'payouts': [11, 860]}, 'trifecta': {'combinations': ['11 → 8 → 5'], 'payouts': [28, 710]}}",1.0,8,11,ビッグラミー,2020106493,牡4,56.0,加茂飛翔,92.8,nan,0,,40.3,1.5,2,0,2024,1,6,5,1,winter,0,,,0.0,,1,,,,,0,1,1.0,,55.0,,-1.0,,1,1,1.0,1,1,1.0,1.0,,short,0.23350301135033932,-0.4838177217316055,0.0,0.620146866924578,0.0,0.0,0.0,0.0,0.0,0.0,0.0,3.527668414752787,0.0,3.527668414752787,3.527668414752787,-0.6099810624712596,-0.7818248091422297,0.0,3.527668414752787,3.527668414752787,2.39211668240122,1.8658728470829629,2.39211668240122,1.8658728470829629
202408010112,2024-01-06,京都,12,一般,"{'win': {'combinations': ['1'], 'payouts': [2, 140]}, 'place': {'combinations': ['1', '2', '5'], 'payouts': [500, 280, 170]}, 'bracket_quinella': {'combinations': ['1 - 1'], 'payouts': [11, 260]}, 'quinella': {'combinations': ['1 - 2'], 'payouts': [11, 170]}, 'wide': {'combinations': ['1 - 2', '1 - 5', '2 - 5'], 'payouts': [2, 740, 1, 590, 600]}, 'exacta': {'combinations': ['1 → 2'], 'payouts': [21, 410]}, 'trio': {'combinations': ['1 - 2 - 5'], 'payouts': [13, 410]}, 'trifecta': {'combinations': ['1 → 2 → 5'], 'payouts': [114, 370]}}",14.0,4,7,フォーサイドナイン,2020106661,牡4,57.0,団野大成,109.6,1,0,,37.5,270.0,1,0,2024,1,6,5,1,winter,0,,,0.0,,0,,,,,0,0,0.0,,56.76470588235294,,-0.235294117647058,,1,0,0.0,0,0,0.0,0.0,,short,0.8460529164645124,0.3549743421783381,0.0,-0.48946896890350233,0.0,0.0,0.0,0.0,0.0,0.0,0.0,-0.28347335475692037,0.0,-0.28347335475692037,-0.28347335475692037,1.1295701556535875,-0.18395877862170038,0.0,-0.28347335475692037,-0.28347335475692037,-0.41803980857497053,-0.5359422007578724,-0.41803980857497053,-0.5359422007578724
202408010108,2024-01-06,京都,8,一般,"{'win': {'combinations': ['4'], 'payouts': [650]}, 'place': {'combinations': ['4', '16', '9'], 'payouts': [210, 170, 210]}, 'bracket_quinella': {'combinations': ['2 - 8'], 'payouts': [1, 340]}, 'quinella': {'combinations': ['4 - 16'], 'payouts': [1, 810]}, 'wide': {'combinations': ['4 - 16', '4 - 9', '9 - 16'], 'payouts': [790, 680, 600]}, 'exacta': {'combinations': ['4 → 16'], 'payouts': [3, 680]}, 'trio': {'combinations': ['4 - 9 - 16'], 'payouts': [3, 210]}, 'trifecta': {'combinations': ['4 → 16 → 9'], 'payouts': [23, 500]}}",11.0,1,2,ブラーヴ,2020106733,牡4,55.0,川端海翼,73.2,アタマ,0,,38.2,130.3,1,0,2024,1,6,5,1,winter,0,,,0.0,,0,,,,,0,0,0.0,,55.9375,,0.9375,,1,0,0.0,0,0,0.0,0.0,,short,-0.3790468937638338,-1.4624084629598728,0.0,-0.21206500994648086,0.0,0.0,0.0,0.0,0.0,0.0,0.0,-0.28347335475692037,0.0,-0.28347335475692037,-0.28347335475692037,0.314155522157565,0.7329607585708405,0.0,-0.28347335475692037,-0.28347335475692037,-0.41803980857497053,-0.5359422007578724,-0.41803980857497053,-0.5359422007578724
202408010108,2024-01-06,京都,8,一般,"{'win': {'combinations': ['4'], 'payouts': [650]}, 'place': {'combinations': ['4', '16', '9'], 'payouts': [210, 170, 210]}, 'bracket_quinella': {'combinations': ['2 - 8'], 'payouts': [1, 340]}, 'quinella': {'combinations': ['4 - 16'], 'payouts': [1, 810]}, 'wide': {'combinations': ['4 - 16', '4 - 9', '9 - 16'], 'payouts': [790, 680, 600]}, 'exacta': {'combinations': ['4 → 16'], 'payouts': [3, 680]}, 'trio': {'combinations': ['4 - 9 - 16'], 'payouts': [3, 210]}, 'trifecta': {'combinations': ['4 → 16 → 9'], 'payouts': [23, 500]}}",12.0,5,10,フクノワカバ,2020106795,牝4,53.0,鷲頭虎太,73.2,クビ,0,,38.3,61.1,1,0,2024,1,6,5,1,winter,0,,,0.0,,0,,,,,0,0,0.0,,55.9375,,2.9375,,1,0,0.0,0,0,0.0,0.0,,short,-1.60414670399218,-1.4624084629598728,0.0,-0.17243587295262305,0.0,0.0,0.0,0.0,0.0,0.0,0.0,-0.28347335475692037,0.0,-0.28347335475692037,-0.28347335475692037,0.314155522157565,2.2966103768553,0.0,-0.28347335475692037,-0.28347335475692037,-0.41803980857497053,-0.5359422007578724,-0.41803980857497053,-0.5359422007578724
202455010601,2024-01-06,佐賀,1,一般,"{'win': {'combinations': ['3'], 'payouts': [110]}, 'place': {'combinations': ['3', '9', '10'], 'payouts': [100, 160, 200]}, 'bracket_quinella': {'combinations': ['3 - 8'], 'payouts': [260]}, 'quinella': {'combinations': ['3 - 9'], 'payouts': [770]}, 'wide': {'combinations': ['3 - 9', '3 - 10', '9 - 10'], 'payouts': [340, 230, 840]}, 'exacta': {'combinations': ['3 → 9'], 'payouts': [900]}, 'trio': {'combinations': ['3 - 9 - 10'], 'payouts': [1, 280]}, 'trifecta': {'combinations': ['3 → 9 → 10'], 'payouts': [4, 660]}}",8.0,6,6,メイショウオオゾラ,2020106801,牡4,56.0,川島拓,95.7,3,0,,40.8,105.8,2,0,2024,1,6,5,1,winter,0,,,0.0,,0,,,,,0,0,0.0,,54.6,,-1.3999999999999986,,1,0,0.0,0,0,0.0,0.0,,short,0.23350301135033932,-0.3390262345090554,0.0,0.8182925518938782,0.0,0.0,0.0,0.0,0.0,0.0,0.0,-0.28347335475692037,0.0,-0.28347335475692037,-0.28347335475692037,-1.0042793385795568,-1.0945547327991205,0.0,-0.28347335475692037,-0.28347335475692037,-0.41803980857497053,-0.5359422007578724,-0.41803980857497053,-0.5359422007578724
202455010609,2024-01-06,佐賀,9,一般,"{'win': {'combinations': ['5'], 'payouts': [120]}, 'place': {'combinations': ['5', '10', '8'], 'payouts': [100, 110, 140]}, 'bracket_quinella': {'combinations': ['5 - 8'], 'payouts': [150]}, 'quinella': {'combinations': ['5 - 10'], 'payouts': [200]}, 'wide': {'combinations': ['5 - 10', '5 - 8', '8 - 10'], 'payouts': [120, 230, 230]}, 'exacta': {'combinations': ['5 → 10'], 'payouts': [260]}, 'trio': {'combinations': ['5 - 8 - 10'], 'payouts': [430]}, 'trifecta': {'combinations': ['5 → 10 → 8'], 'payouts': [770]}}",3.0,7,8,ディーディーデイ,2020106826,牝4,54.0,山口勲,91.4,4,0,,39.8,15.4,2,0,2024,1,6,5,1,winter,0,,,0.0,,0,,,,,0,0,0.0,,54.5,,0.5,,1,0,0.0,0,1,0.0,1.0,,short,-0.9915967988780069,-0.5537170603907671,0.0,0.4220011819552777,0.0,0.0,0.0,0.0,0.0,0.0,0.0,-0.28347335475692037,0.0,-0.28347335475692037,-0.28347335475692037,-1.1028539076066328,0.390912404571115,0.0,-0.28347335475692037,-0.28347335475692037,-0.41803980857497053,1.8658728470829629,-0.41803980857497053,1.8658728470829629
202455010608,2024-01-06,佐賀,8,一般,"{'win': {'combinations': ['8'], 'payouts': [390]}, 'place': {'combinations': ['8', '5', '4'], 'payouts': [140, 140, 150]}, 'quinella': {'combinations': ['5 - 8'], 'payouts': [930]}, 'wide': {'combinations': ['5 - 8', '4 - 8', '4 - 5'], 'payouts': [350, 270, 440]}, 'exacta': {'combinations': ['8 → 5'], 'payouts': [2, 110]}, 'trio': {'combinations': ['4 - 5 - 8'], 'payouts': [1, 430]}, 'trifecta': {'combinations': ['8 → 5 → 4'], 'payouts': [7, 70]}}",4.0,1,1,リリーバローズ,2020106885,牝4,54.0,山口勲,84.7,1.1/2,0,,39.3,5.0,2,0,2024,1,6,5,1,winter,0,,,0.0,,0,,,,,0,0,0.0,,54.875,,0.875,,1,0,0.0,0,0,0.0,0.0,,short,-0.9915967988780069,-0.8882353239738995,0.0,0.22385549698597745,0.0,0.0,0.0,0.0,0.0,0.0,0.0,-0.28347335475692037,0.0,-0.28347335475692037,-0.28347335475692037,-0.7331992737551029,0.6840967079994511,0.0,-0.28347335475692037,-0.28347335475692037,-0.41803980857497053,-0.5359422007578724,-0.41803980857497053,-0.5359422007578724
202406010106,2024-01-06,中山,6,一般,"{'win': {'combinations': ['11'], 'payouts': [300]}, 'place': {'combinations': ['11', '6', '2'], 'payouts': [170, 340, 750]}, 'bracket_quinella': {'combinations': ['3 - 6'], 'payouts': [910]}, 'quinella': {'combinations': ['6 - 11'], 'payouts': [1, 500]}, 'wide': {'combinations': ['6 - 11', '2 - 11', '2 - 6'], 'payouts': [610, 1, 620, 5, 510]}, 'exacta': {'combinations': ['11 → 6'], 'payouts': [2, 230]}, 'trio': {'combinations': ['2 - 6 - 11'], 'payouts': [19, 100]}, 'trifecta': {'combinations': ['11 → 6 → 2'], 'payouts': [56, 210]}}",2.0,3,6,ダスク,2020106953,牡4,57.0,武藤雅,157.1,3.1/2,0,,39.6,11.2,0,0,2024,1,6,5,1,winter,0,,,0.0,,0,,,,,0,0,0.0,,56.75,,-0.25,,1,0,0.0,1,1,1.0,1.0,,short,0.8460529164645124,2.7265590466856198,0.0,0.3427429079675593,0.0,0.0,0.0,0.0,0.0,0.0,0.0,-0.28347335475692037,0.0,-0.28347335475692037,-0.28347335475692037,1.1150738955025463,-0.19545620228555735,0.0,-0.28347335475692037,-0.28347335475692037,2.39211668240122,1.8658728470829629,2.39211668240122,1.8658728470829629
202406010111,2024-01-06,中山,11,一般,"{'win': {'combinations': ['3'], 'payouts': [780]}, 'place': {'combinations': ['3', '7', '15'], 'payouts': [270, 400, 340]}, 'bracket_quinella': {'combinations': ['2 - 4'], 'payouts': [570]}, 'quinella': {'combinations': ['3 - 7'], 'payouts': [4, 820]}, 'wide': {'combinations': ['3 - 7', '3 - 15', '7 - 15'], 'payouts': [1, 450, 1, 310, 1, 870]}, 'exacta': {'combinations': ['3 → 7'], 'payouts': [8, 30]}, 'trio': {'combinations': ['3 - 7 - 15'], 'payouts': [12, 230]}, 'trifecta': {'combinations': ['3 → 7 → 15'], 'payouts': [65, 470]}}",14.0,1,1,キタウイング,2020106967,牝4,53.0,杉原誠人,119.7,1/2,0,,34.6,69.0,0,0,2024,1,6,5,1,winter,0,,,0.0,,0,,,,,0,0,0.0,,55.970588235294116,,2.970588235294116,,1,0,0.0,0,0,0.0,0.0,,short,-1.60414670399218,0.85924814250515,0.0,-1.6387139417254433,0.0,0.0,0.0,0.0,0.0,0.0,0.0,-0.28347335475692037,0.0,-0.28347335475692037,-0.28347335475692037,0.3467721074974042,2.3224795800989755,0.0,-0.28347335475692037,-0.28347335475692037,-0.41803980857497053,-0.5359422007578724,-0.41803980857497053,-0.5359422007578724
202455010601,2024-01-06,佐賀,1,一般,"{'win': {'combinations': ['3'], 'payouts': [110]}, 'place': {'combinations': ['3', '9', '10'], 'payouts': [100, 160, 200]}, 'bracket_quinella': {'combinations': ['3 - 8'], 'payouts': [260]}, 'quinella': {'combinations': ['3 - 9'], 'payouts': [770]}, 'wide': {'combinations': ['3 - 9', '3 - 10', '9 - 10'], 'payouts': [340, 230, 840]}, 'exacta': {'combinations': ['3 → 9'], 'payouts': [900]}, 'trio': {'combinations': ['3 - 9 - 10'], 'payouts': [1, 280]}, 'trifecta': {'combinations': ['3 → 9 → 10'], 'payouts': [4, 660]}}",10.0,4,4,ナブラチロワ,2020107184,牝4,54.0,魚住謙心,96.1,1.1/2,0,,41.8,26.4,2,0,2024,1,6,5,1,winter,0,,,0.0,,0,,,,,0,0,0.0,,54.6,,0.6000000000000014,,1,0,0.0,0,0,0.0,0.0,,short,-0.9915967988780069,-0.3190549948921524,0.0,1.2145839218324788,0.0,0.0,0.0,0.0,0.0,0.0,0.0,-0.28347335475692037,0.0,-0.28347335475692037,-0.28347335475692037,-1.0042793385795568,0.46909488548533906,0.0,-0.28347335475692037,-0.28347335475692037,-0.41803980857497053,-0.5359422007578724,-0.41803980857497053,-0.5359422007578724
202408010107,2024-01-06,京都,7,一般,"{'win': {'combinations': ['7'], 'payouts': [250]}, 'place': {'combinations': ['7', '10', '11'], 'payouts': [130, 220, 270]}, 'bracket_quinella': {'combinations': ['6 - 8'], 'payouts': [540]}, 'quinella': {'combinations': ['7 - 10'], 'payouts': [1, 70]}, 'wide': {'combinations': ['7 - 10', '7 - 11', '10 - 11'], 'payouts': [460, 520, 1, 140]}, 'exacta': {'combinations': ['7 → 10'], 'payouts': [1, 580]}, 'trio': {'combinations': ['7 - 10 - 11'], 'payouts': [2, 980]}, 'trifecta': {'combinations': ['7 → 10 → 11'], 'payouts': [9, 670]}}",7.0,4,4,ダークモード,2020110052,牡4,57.0,藤岡佑介,114.1,2.1/2,0,,38.5,14.7,1,0,2024,1,6,5,1,winter,0,,,0.0,,0,,,,,0,0,0.0,,57.0,,0.0,,1,0,0.0,0,0,0.0,0.0,,short,0.8460529164645124,0.5796507878685017,0.0,-0.09317759896490183,0.0,0.0,0.0,0.0,0.0,0.0,0.0,-0.28347335475692037,0.0,-0.28347335475692037,-0.28347335475692037,1.3615103180702328,8.034379279775345e-17,0.0,-0.28347335475692037,-0.28347335475692037,-0.41803980857497053,-0.5359422007578724,-0.41803980857497053,-0.5359422007578724
202408010109,2024-01-06,京都,9,一般,"{'win': {'combinations': ['6'], 'payouts': [370]}, 'place': {'combinations': ['6', '1', '5'], 'payouts': [150, 190, 250]}, 'bracket_quinella': {'combinations': ['1 - 5'], 'payouts': [740]}, 'quinella': {'combinations': ['1 - 6'], 'payouts': [920]}, 'wide': {'combinations': ['1 - 6', '5 - 6', '1 - 5'], 'payouts': [420, 550, 740]}, 'exacta': {'combinations': ['6 → 1'], 'payouts': [1, 790]}, 'trio': {'combinations': ['1 - 5 - 6'], 'payouts': [2, 180]}, 'trifecta': {'combinations': ['6 → 1 → 5'], 'payouts': [11, 490]}}",11.0,8,11,インヒズアイズ,2020110147,牝4,55.0,坂井瑠星,86.1,5,0,,39.3,2.9,1,0,2024,1,6,5,1,winter,0,,,0.0,,0,,,,,0,0,0.0,,57.666666666666664,,2.6666666666666643,,1,0,0.0,0,0,0.0,0.0,,short,-0.3790468937638338,-0.818335985314738,0.0,0.22385549698597745,0.0,0.0,0.0,0.0,0.0,0.0,0.0,-0.28347335475692037,0.0,-0.28347335475692037,-0.28347335475692037,2.0186741115840614,2.084866157712611,0.0,-0.28347335475692037,-0.28347335475692037,-0.41803980857497053,-0.5359422007578724,-0.41803980857497053,-0.5359422007578724
202406010104,2024-01-06,中山,4,一般,"{'win': {'combinations': ['4'], 'payouts': [5, 860]}, 'place': {'combinations': ['4', '5', '2'], 'payouts': [1, 270, 2, 630, 400]}, 'bracket_quinella': {'combinations': ['2 - 3'], 'payouts': [4, 720]}, 'quinella': {'combinations': ['4 - 5'], 'payouts': [153, 810]}, 'wide': {'combinations': ['4 - 5', '2 - 4', '2 - 5'], 'payouts': [32, 360, 5, 480, 8, 690]}, 'exacta': {'combinations': ['4 → 5'], 'payouts': [264, 220]}, 'trio': {'combinations': ['2 - 4 - 5'], 'payouts': [385, 890]}, 'trifecta': {'combinations': ['4 → 5 → 2'], 'payouts': [2, 412, 370]}}",4.0,7,14,プラチナバンド,2021100045,牡3,57.0,大野拓弥,118.2,クビ,0,,39.1,13.5,0,0,2024,1,6,5,1,winter,0,,,0.0,,0,,,,,0,0,0.0,,56.125,,-0.875,,1,0,0.0,0,0,0.0,0.0,,short,0.8460529164645124,0.7843559939417621,0.0,0.14459722299825906,0.0,0.0,0.0,0.0,0.0,0.0,0.0,-0.28347335475692037,0.0,-0.28347335475692037,-0.28347335475692037,0.4989828390833299,-0.684096707999451,0.0,-0.28347335475692037,-0.28347335475692037,-0.41803980857497053,-0.5359422007578724,-0.41803980857497053,-0.5359422007578724
202406010101,2024-01-06,中山,1,一般,"{'win': {'combinations': ['14'], 'payouts': [420]}, 'place': {'combinations': ['14', '7', '16'], 'payouts': [230, 270, 340]}, 'bracket_quinella': {'combinations': ['4 - 7'], 'payouts': [1, 950]}, 'quinella': {'combinations': ['7 - 14'], 'payouts': [2, 30]}, 'wide': {'combinations': ['7 - 14', '14 - 16', '7 - 16'], 'payouts': [750, 1, 110, 1, 910]}, 'exacta': {'combinations': ['14 → 7'], 'payouts': [3, 50]}, 'trio': {'combinations': ['7 - 14 - 16'], 'payouts': [8, 700]}, 'trifecta': {'combinations': ['14 → 7 → 16'], 'payouts': [32, 80]}}",15.0,3,6,ツクバアプローズ,2021100211,牝3,55.0,柴田大知,76.2,クビ,0,,40.9,235.8,0,0,2024,1,6,5,1,winter,0,,,0.0,,0,,,,,0,0,0.0,,55.8125,,0.8125,,1,0,0.0,0,0,0.0,0.0,,short,-0.3790468937638338,-1.3126241658330973,0.0,0.8579216888877388,0.0,0.0,0.0,0.0,0.0,0.0,0.0,-0.28347335475692037,0.0,-0.28347335475692037,-0.28347335475692037,0.1909373108737217,0.6352326574280618,0.0,-0.28347335475692037,-0.28347335475692037,-0.41803980857497053,-0.5359422007578724,-0.41803980857497053,-0.5359422007578724
202408010104,2024-01-06,京都,4,一般,"{'win': {'combinations': ['6'], 'payouts': [360]}, 'place': {'combinations': ['6', '12', '4'], 'payouts': [160, 260, 140]}, 'bracket_quinella': {'combinations': ['3 - 6'], 'payouts': [1, 810]}, 'quinella': {'combinations': ['6 - 12'], 'payouts': [2, 150]}, 'wide': {'combinations': ['6 - 12', '4 - 6', '4 - 12'], 'payouts': [740, 320, 800]}, 'exacta': {'combinations': ['6 → 12'], 'payouts': [3, 340]}, 'trio': {'combinations': ['4 - 6 - 12'], 'payouts': [2, 310]}, 'trifecta': {'combinations': ['6 → 12 → 4'], 'payouts': [13, 440]}}",13.0,7,13,タイセイクエスト,2021100262,牡3,57.0,鮫島克駿,119.4,3/4,0,,39.3,43.6,1,0,2024,1,6,5,1,winter,0,,,0.0,,0,,,,,0,0,0.0,,56.3125,,-0.6875,,1,0,0.0,0,0,0.0,0.0,,short,0.8460529164645124,0.8442697127924725,0.0,0.22385549698597745,0.0,0.0,0.0,0.0,0.0,0.0,0.0,-0.28347335475692037,0.0,-0.28347335475692037,-0.28347335475692037,0.6838101560090948,-0.5375045562852829,0.0,-0.28347335475692037,-0.28347335475692037,-0.41803980857497053,-0.5359422007578724,-0.41803980857497053,-0.5359422007578724
202408010101,2024-01-06,京都,1,一般,"{'win': {'combinations': ['15'], 'payouts': [260]}, 'place': {'combinations': ['15', '3', '6'], 'payouts': [180, 340, 650]}, 'bracket_quinella': {'combinations': ['2 - 8'], 'payouts': [1, 730]}, 'quinella': {'combinations': ['3 - 15'], 'payouts': [2, 830]}, 'wide': {'combinations': ['3 - 15', '6 - 15', '3 - 6'], 'payouts': [1, 50, 1, 110, 3, 350]}, 'exacta': {'combinations': ['15 → 3'], 'payouts': [3, 990]}, 'trio': {'combinations': ['3 - 6 - 15'], 'payouts': [17, 740]}, 'trifecta': {'combinations': ['15 → 3 → 6'], 'payouts': [51, 620]}}",4.0,8,16,ヤマニンアラクリア,2021100284,牡3,57.0,田中健,116.2,1.3/4,0,,39.9,19.3,1,0,2024,1,6,5,1,winter,0,,,0.0,,0,,,,,0,0,0.0,,56.3125,,-0.6875,,1,0,0.0,0,0,0.0,0.0,,short,0.8460529164645124,0.6844997958572451,0.0,0.4616303189491383,0.0,0.0,0.0,0.0,0.0,0.0,0.0,-0.28347335475692037,0.0,-0.28347335475692037,-0.28347335475692037,0.6838101560090948,-0.5375045562852829,0.0,-0.28347335475692037,-0.28347335475692037,-0.41803980857497053,-0.5359422007578724,-0.41803980857497053,-0.5359422007578724
202455010611,2024-01-06,佐賀,11,一般,"{'win': {'combinations': ['9'], 'payouts': [190]}, 'place': {'combinations': ['9', '6', '5'], 'payouts': [100, 100, 130]}, 'bracket_quinella': {'combinations': ['6 - 8'], 'payouts': [170]}, 'quinella': {'combinations': ['6 - 9'], 'payouts': [250]}, 'wide': {'combinations': ['6 - 9', '5 - 9', '5 - 6'], 'payouts': [140, 290, 310]}, 'exacta': {'combinations': ['9 → 6'], 'payouts': [440]}, 'trio': {'combinations': ['5 - 6 - 9'], 'payouts': [600]}, 'trifecta': {'combinations': ['9 → 6 → 5'], 'payouts': [1, 850]}}",7.0,7,7,ビエントマルコ,2021100318,牝3,54.0,魚住謙心,94.8,1/2,0,,43.0,94.1,2,0,2024,1,6,5,1,winter,0,,,0.0,,0,,,,,0,0,0.0,,54.7,,0.7000000000000028,,1,0,0.0,0,0,0.0,0.0,,short,-0.9915967988780069,-0.38396152364708835,0.0,1.6901335657588004,0.0,0.0,0.0,0.0,0.0,0.0,0.0,-0.28347335475692037,0.0,-0.28347335475692037,-0.28347335475692037,-0.9057047695524807,0.5472773663995631,0.0,-0.28347335475692037,-0.28347335475692037,-0.41803980857497053,-0.5359422007578724,-0.41803980857497053,-0.5359422007578724
202455010611,2024-01-06,佐賀,11,一般,"{'win': {'combinations': ['9'], 'payouts': [190]}, 'place': {'combinations': ['9', '6', '5'], 'payouts': [100, 100, 130]}, 'bracket_quinella': {'combinations': ['6 - 8'], 'payouts': [170]}, 'quinella': {'combinations': ['6 - 9'], 'payouts': [250]}, 'wide': {'combinations': ['6 - 9', '5 - 9', '5 - 6'], 'payouts': [140, 290, 310]}, 'exacta': {'combinations': ['9 → 6'], 'payouts': [440]}, 'trio': {'combinations': ['5 - 6 - 9'], 'payouts': [600]}, 'trifecta': {'combinations': ['9 → 6 → 5'], 'payouts': [1, 850]}}",4.0,8,10,ニシケンキング,2021100320,牡3,53.0,青海大樹,93.6,8,0,,42.8,6.6,2,0,2024,1,6,5,1,winter,0,,,0.0,,0,,,,,0,0,0.0,,54.7,,1.7000000000000028,,1,0,0.0,0,0,0.0,0.0,,short,-1.60414670399218,-0.44387524249779875,0.0,1.6108752917710791,0.0,0.0,0.0,0.0,0.0,0.0,0.0,-0.28347335475692037,0.0,-0.28347335475692037,-0.28347335475692037,-0.9057047695524807,1.3291021755417929,0.0,-0.28347335475692037,-0.28347335475692037,-0.41803980857497053,-0.5359422007578724,-0.41803980857497053,-0.5359422007578724
202406010101,2024-01-06,中山,1,一般,"{'win': {'combinations': ['14'], 'payouts': [420]}, 'place': {'combinations': ['14', '7', '16'], 'payouts': [230, 270, 340]}, 'bracket_quinella': {'combinations': ['4 - 7'], 'payouts': [1, 950]}, 'quinella': {'combinations': ['7 - 14'], 'payouts': [2, 30]}, 'wide': {'combinations': ['7 - 14', '14 - 16', '7 - 16'], 'payouts': [750, 1, 110, 1, 910]}, 'exacta': {'combinations': ['14 → 7'], 'payouts': [3, 50]}, 'trio': {'combinations': ['7 - 14 - 16'], 'payouts': [8, 700]}, 'trifecta': {'combinations': ['14 → 7 → 16'], 'payouts': [32, 80]}}",4.0,2,4,グリントリッター,2021100328,セ3,57.0,石川裕紀,73.2,クビ,0,,38.7,3.9,0,0,2024,1,6,5,1,winter,0,,,0.0,,0,,,,,0,0,0.0,,55.8125,,-1.1875,,1,0,0.0,0,0,0.0,0.0,,short,0.8460529164645124,-1.4624084629598728,0.0,-0.013919324977180597,0.0,0.0,0.0,0.0,0.0,0.0,0.0,-0.28347335475692037,0.0,-0.28347335475692037,-0.28347335475692037,0.1909373108737217,-0.9284169608563979,0.0,-0.28347335475692037,-0.28347335475692037,-0.41803980857497053,-0.5359422007578724,-0.41803980857497053,-0.5359422007578724
202406010110,2024-01-06,中山,10,一般,"{'win': {'combinations': ['1'], 'payouts': [380]}, 'place': {'combinations': ['1', '4', '3'], 'payouts': [150, 250, 130]}, 'bracket_quinella': {'combinations': ['1 - 4'], 'payouts': [2, 580]}, 'quinella': {'combinations': ['1 - 4'], 'payouts': [2, 520]}, 'wide': {'combinations': ['1 - 4', '1 - 3', '3 - 4'], 'payouts': [880, 280, 670]}, 'exacta': {'combinations': ['1 → 4'], 'payouts': [4, 20]}, 'trio': {'combinations': ['1 - 3 - 4'], 'payouts': [2, 340]}, 'trifecta': {'combinations': ['1 → 4 → 3'], 'payouts': [13, 920]}}",4.0,2,2,アレンジャー,2021100350,牡3,57.0,横山典弘,93.1,クビ,0,,34.6,15.1,0,0,2024,1,6,5,1,winter,0,,,0.0,,0,,,,,0,0,0.0,,57.0,,0.0,,1,0,0.0,0,0,0.0,0.0,,short,0.8460529164645124,-0.46883929201892804,0.0,-1.6387139417254433,0.0,0.0,0.0,0.0,0.0,0.0,0.0,-0.28347335475692037,0.0,-0.28347335475692037,-0.28347335475692037,1.3615103180702328,8.034379279775345e-17,0.0,-0.28347335475692037,-0.28347335475692037,-0.41803980857497053,-0.5359422007578724,-0.41803980857497053,-0.5359422007578724
202406010107,2024-01-06,中山,7,一般,"{'win': {'combinations': ['5'], 'payouts': [480]}, 'place': {'combinations': ['5', '3', '8'], 'payouts': [170, 120, 470]}, 'bracket_quinella': {'combinations': ['3 - 4'], 'payouts': [500]}, 'quinella': {'combinations': ['3 - 5'], 'payouts': [590]}, 'wide': {'combinations': ['3 - 5', '5 - 8', '3 - 8'], 'payouts': [260, 1, 450, 870]}, 'exacta': {'combinations': ['5 → 3'], 'payouts': [1, 440]}, 'trio': {'combinations': ['3 - 5 - 8'], 'payouts': [3, 400]}, 'trifecta': {'combinations': ['5 → 3 → 8'], 'payouts': [16, 960]}}",7.0,6,9,クールベイビー,2021100356,牝3,54.0,原優介,68.2,1/2,0,,35.0,11.8,0,0,2024,1,6,5,1,winter,0,,,0.0,,0,,,,,0,0,0.0,,55.53846153846154,,1.53846153846154,,1,0,0.0,0,0,0.0,0.0,,short,-0.9915967988780069,-1.7120489581711658,0.0,-1.4801973937500037,0.0,0.0,0.0,0.0,0.0,0.0,0.0,-0.28347335475692037,0.0,-0.28347335475692037,-0.28347335475692037,-0.07919492155624078,1.2028073986803547,0.0,-0.28347335475692037,-0.28347335475692037,-0.41803980857497053,-0.5359422007578724,-0.41803980857497053,-0.5359422007578724
202455010605,2024-01-06,佐賀,5,一般,"{'win': {'combinations': ['10'], 'payouts': [120]}, 'place': {'combinations': ['10', '11', '3'], 'payouts': [100, 520, 130]}, 'bracket_quinella': {'combinations': ['7 - 8'], 'payouts': [350]}, 'quinella': {'combinations': ['10 - 11'], 'payouts': [2, 730]}, 'wide': {'combinations': ['10 - 11', '3 - 10', '3 - 11'], 'payouts': [900, 170, 2, 460]}, 'exacta': {'combinations': ['10 → 11'], 'payouts': [3, 470]}, 'trio': {'combinations': ['3 - 10 - 11'], 'payouts': [3, 340]}, 'trifecta': {'combinations': ['10 → 11 → 3'], 'payouts': [11, 720]}}",2.0,8,11,フークファンタジー,2021100367,牝3,54.0,小林凌,119.1,2.1/2,0,,39.2,80.5,2,0,2024,1,6,5,1,winter,0,,,0.0,,0,,,,,0,0,0.0,,55.166666666666664,,1.1666666666666643,,1,0,0.0,1,1,1.0,1.0,,short,-0.9915967988780069,0.8292912830797944,0.0,0.18422635999211967,0.0,0.0,0.0,0.0,0.0,0.0,0.0,-0.28347335475692037,0.0,-0.28347335475692037,-0.28347335475692037,-0.44569011409280423,0.9121289439992663,0.0,-0.28347335475692037,-0.28347335475692037,2.39211668240122,1.8658728470829629,2.39211668240122,1.8658728470829629
202406010101,2024-01-06,中山,1,一般,"{'win': {'combinations': ['14'], 'payouts': [420]}, 'place': {'combinations': ['14', '7', '16'], 'payouts': [230, 270, 340]}, 'bracket_quinella': {'combinations': ['4 - 7'], 'payouts': [1, 950]}, 'quinella': {'combinations': ['7 - 14'], 'payouts': [2, 30]}, 'wide': {'combinations': ['7 - 14', '14 - 16', '7 - 16'], 'payouts': [750, 1, 110, 1, 910]}, 'exacta': {'combinations': ['14 → 7'], 'payouts': [3, 50]}, 'trio': {'combinations': ['7 - 14 - 16'], 'payouts': [8, 700]}, 'trifecta': {'combinations': ['14 → 7 → 16'], 'payouts': [32, 80]}}",6.0,8,15,ニシノリピート,2021100402,牝3,55.0,田辺裕信,73.7,2.1/2,0,,38.5,42.5,0,0,2024,1,6,5,1,winter,0,,,0.0,,0,,,,,0,0,0.0,,55.8125,,0.8125,,1,0,0.0,0,0,0.0,0.0,,short,-0.3790468937638338,-1.4374444134387436,0.0,-0.09317759896490183,0.0,0.0,0.0,0.0,0.0,0.0,0.0,-0.28347335475692037,0.0,-0.28347335475692037,-0.28347335475692037,0.1909373108737217,0.6352326574280618,0.0,-0.28347335475692037,-0.28347335475692037,-0.41803980857497053,-0.5359422007578724,-0.41803980857497053,-0.5359422007578724
202406010102,2024-01-06,中山,2,一般,"{'win': {'combinations': ['12'], 'payouts': [730]}, 'place': {'combinations': ['12', '7', '11'], 'payouts': [270, 890, 350]}, 'bracket_quinella': {'combinations': ['4 - 6'], 'payouts': [5, 130]}, 'quinella': {'combinations': ['7 - 12'], 'payouts': [11, 190]}, 'wide': {'combinations': ['7 - 12', '11 - 12', '7 - 11'], 'payouts': [1, 890, 1, 130, 4, 380]}, 'exacta': {'combinations': ['12 → 7'], 'payouts': [15, 690]}, 'trio': {'combinations': ['7 - 11 - 12'], 'payouts': [24, 780]}, 'trifecta': {'combinations': ['12 → 7 → 11'], 'payouts': [130, 760]}}",3.0,6,11,カフェアローロ,2021100469,牝3,54.0,永野猛蔵,116.4,アタマ,0,,39.3,14.7,0,0,2024,1,6,5,1,winter,0,,,0.0,,0,,,,,0,0,0.0,,54.0625,,0.0625,,1,0,0.0,0,1,0.0,1.0,,short,-0.9915967988780069,0.6944854156656969,0.0,0.22385549698597745,0.0,0.0,0.0,0.0,0.0,0.0,0.0,-0.28347335475692037,0.0,-0.28347335475692037,-0.28347335475692037,-1.5341176471000841,0.048864050571389435,0.0,-0.28347335475692037,-0.28347335475692037,-0.41803980857497053,1.8658728470829629,-0.41803980857497053,1.8658728470829629
202406010103,2024-01-06,中山,3,一般,"{'win': {'combinations': ['15'], 'payouts': [1, 120]}, 'place': {'combinations': ['15', '12', '5'], 'payouts': [360, 250, 2, 480]}, 'bracket_quinella': {'combinations': ['6 - 8'], 'payouts': [1, 860]}, 'quinella': {'combinations': ['12 - 15'], 'payouts': [3, 660]}, 'wide': {'combinations': ['12 - 15', '5 - 15', '5 - 12'], 'payouts': [1, 190, 12, 110, 7, 380]}, 'exacta': {'combinations': ['15 → 12'], 'payouts': [7, 320]}, 'trio': {'combinations': ['5 - 12 - 15'], 'payouts': [103, 610]}, 'trifecta': {'combinations': ['15 → 12 → 5'], 'payouts': [523, 620]}}",10.0,5,9,ビアメントブラスト,2021100608,牝3,55.0,木幡巧也,74.7,ハナ,0,,39.1,37.8,0,0,2024,1,6,5,1,winter,0,,,0.0,,0,,,,,0,0,0.0,,55.3125,,0.3125,,1,0,0.0,0,0,0.0,0.0,,short,-0.3790468937638338,-1.387516314396485,0.0,0.14459722299825906,0.0,0.0,0.0,0.0,0.0,0.0,0.0,-0.28347335475692037,0.0,-0.28347335475692037,-0.28347335475692037,-0.3019355342616514,0.2443202528569469,0.0,-0.28347335475692037,-0.28347335475692037,-0.41803980857497053,-0.5359422007578724,-0.41803980857497053,-0.5359422007578724
202406010102,2024-01-06,中山,2,一般,"{'win': {'combinations': ['12'], 'payouts': [730]}, 'place': {'combinations': ['12', '7', '11'], 'payouts': [270, 890, 350]}, 'bracket_quinella': {'combinations': ['4 - 6'], 'payouts': [5, 130]}, 'quinella': {'combinations': ['7 - 12'], 'payouts': [11, 190]}, 'wide': {'combinations': ['7 - 12', '11 - 12', '7 - 11'], 'payouts': [1, 890, 1, 130, 4, 380]}, 'exacta': {'combinations': ['12 → 7'], 'payouts': [15, 690]}, 'trio': {'combinations': ['7 - 11 - 12'], 'payouts': [24, 780]}, 'trifecta': {'combinations': ['12 → 7 → 11'], 'payouts': [130, 760]}}",14.0,2,3,ミルフルール,2021100614,牝3,55.0,伊藤工真,120.8,ハナ,0,,41.1,361.9,0,0,2024,1,6,5,1,winter,0,,,0.0,,0,,,,,0,0,0.0,,54.0625,,-0.9375,,1,0,0.0,0,0,0.0,0.0,,short,-0.3790468937638338,0.9141690514516341,0.0,0.93717996287546,0.0,0.0,0.0,0.0,0.0,0.0,0.0,-0.28347335475692037,0.0,-0.28347335475692037,-0.28347335475692037,-1.5341176471000841,-0.7329607585708403,0.0,-0.28347335475692037,-0.28347335475692037,-0.41803980857497053,-0.5359422007578724,-0.41803980857497053,-0.5359422007578724
202406010102,2024-01-06,中山,2,一般,"{'win': {'combinations': ['12'], 'payouts': [730]}, 'place': {'combinations': ['12', '7', '11'], 'payouts': [270, 890, 350]}, 'bracket_quinella': {'combinations': ['4 - 6'], 'payouts': [5, 130]}, 'quinella': {'combinations': ['7 - 12'], 'payouts': [11, 190]}, 'wide': {'combinations': ['7 - 12', '11 - 12', '7 - 11'], 'payouts': [1, 890, 1, 130, 4, 380]}, 'exacta': {'combinations': ['12 → 7'], 'payouts': [15, 690]}, 'trio': {'combinations': ['7 - 11 - 12'], 'payouts': [24, 780]}, 'trifecta': {'combinations': ['12 → 7 → 11'], 'payouts': [130, 760]}}",7.0,5,9,ラブショック,2021100627,牝3,52.0,水沼元輝,117.1,1,0,,39.0,216.8,0,0,2024,1,6,5,1,winter,0,,,0.0,,0,,,,,0,0,0.0,,54.0625,,2.0625,,1,0,0.0,0,0,0.0,0.0,,short,-2.216696609106353,0.7294350849952773,0.0,0.10496808600439843,0.0,0.0,0.0,0.0,0.0,0.0,0.0,-0.28347335475692037,0.0,-0.28347335475692037,-0.28347335475692037,-1.5341176471000841,1.612513668855849,0.0,-0.28347335475692037,-0.28347335475692037,-0.41803980857497053,-0.5359422007578724,-0.41803980857497053,-0.5359422007578724
202406010103,2024-01-06,中山,3,一般,"{'win': {'combinations': ['15'], 'payouts': [1, 120]}, 'place': {'combinations': ['15', '12', '5'], 'payouts': [360, 250, 2, 480]}, 'bracket_quinella': {'combinations': ['6 - 8'], 'payouts': [1, 860]}, 'quinella': {'combinations': ['12 - 15'], 'payouts': [3, 660]}, 'wide': {'combinations': ['12 - 15', '5 - 15', '5 - 12'], 'payouts': [1, 190, 12, 110, 7, 380]}, 'exacta': {'combinations': ['15 → 12'], 'payouts': [7, 320]}, 'trio': {'combinations': ['5 - 12 - 15'], 'payouts': [103, 610]}, 'trifecta': {'combinations': ['15 → 12 → 5'], 'payouts': [523, 620]}}",4.0,2,4,ジェットブレイク,2021100637,牡3,57.0,内田博幸,73.9,クビ,0,,38.9,16.3,0,0,2024,1,6,5,1,winter,0,,,0.0,,0,,,,,0,0,0.0,,55.3125,,-1.6875,,1,0,0.0,0,0,0.0,0.0,,short,0.8460529164645124,-1.4274587936302918,0.0,0.06533894901053781,0.0,0.0,0.0,0.0,0.0,0.0,0.0,-0.28347335475692037,0.0,-0.28347335475692037,-0.28347335475692037,-0.3019355342616514,-1.3193293654275127,0.0,-0.28347335475692037,-0.28347335475692037,-0.41803980857497053,-0.5359422007578724,-0.41803980857497053,-0.5359422007578724
202408010106,2024-01-06,京都,6,一般,"{'win': {'combinations': ['2'], 'payouts': [130]}, 'place': {'combinations': ['2', '3', '7'], 'payouts': [100, 130, 120]}, 'bracket_quinella': {'combinations': ['2 - 3'], 'payouts': [410]}, 'quinella': {'combinations': ['2 - 3'], 'payouts': [370]}, 'wide': {'combinations': ['2 - 3', '2 - 7', '3 - 7'], 'payouts': [160, 150, 240]}, 'exacta': {'combinations': ['2 → 3'], 'payouts': [430]}, 'trio': {'combinations': ['2 - 3 - 7'], 'payouts': [300]}, 'trifecta': {'combinations': ['2 → 3 → 7'], 'payouts': [1, 90]}}",7.0,5,5,アガシ,2021100653,牡3,57.0,武豊,70.5,1.1/4,0,,35.6,22.2,1,0,2024,1,6,5,1,winter,0,,,0.0,,0,,,,,0,0,0.0,,55.6,,-1.3999999999999986,,1,0,0.0,0,0,0.0,0.0,,short,0.8460529164645124,-1.5972143303739712,0.0,-1.2424225717868427,0.0,0.0,0.0,0.0,0.0,0.0,0.0,-0.28347335475692037,0.0,-0.28347335475692037,-0.28347335475692037,-0.018533648308810456,-1.0945547327991205,0.0,-0.28347335475692037,-0.28347335475692037,-0.41803980857497053,-0.5359422007578724,-0.41803980857497053,-0.5359422007578724
202406010105,2024-01-06,中山,5,一般,"{'win': {'combinations': ['15'], 'payouts': [280]}, 'place': {'combinations': ['15', '2', '7'], 'payouts': [130, 160, 140]}, 'bracket_quinella': {'combinations': ['1 - 8'], 'payouts': [890]}, 'quinella': {'combinations': ['2 - 15'], 'payouts': [1, 230]}, 'wide': {'combinations': ['2 - 15', '7 - 15', '2 - 7'], 'payouts': [440, 330, 340]}, 'exacta': {'combinations': ['15 → 2'], 'payouts': [1, 750]}, 'trio': {'combinations': ['2 - 7 - 15'], 'payouts': [1, 240]}, 'trifecta': {'combinations': ['15 → 2 → 7'], 'payouts': [6, 220]}}",9.0,7,13,イモータルバード,2021100674,牡3,57.0,津村明秀,121.0,2,0,,35.5,19.8,0,0,2024,1,6,5,1,winter,0,,,0.0,,0,,,,,0,0,0.0,,55.8235294117647,,-1.176470588235297,,1,0,0.0,0,0,0.0,0.0,,short,0.8460529164645124,0.924154671260086,0.0,-1.2820517087807033,0.0,0.0,0.0,0.0,0.0,0.0,0.0,-0.28347335475692037,0.0,-0.28347335475692037,-0.28347335475692037,0.20180950598699912,-0.9197938931085079,0.0,-0.28347335475692037,-0.28347335475692037,-0.41803980857497053,-0.5359422007578724,-0.41803980857497053,-0.5359422007578724
202455010605,2024-01-06,佐賀,5,一般,"{'win': {'combinations': ['10'], 'payouts': [120]}, 'place': {'combinations': ['10', '11', '3'], 'payouts': [100, 520, 130]}, 'bracket_quinella': {'combinations': ['7 - 8'], 'payouts': [350]}, 'quinella': {'combinations': ['10 - 11'], 'payouts': [2, 730]}, 'wide': {'combinations': ['10 - 11', '3 - 10', '3 - 11'], 'payouts': [900, 170, 2, 460]}, 'exacta': {'combinations': ['10 → 11'], 'payouts': [3, 470]}, 'trio': {'combinations': ['3 - 10 - 11'], 'payouts': [3, 340]}, 'trifecta': {'combinations': ['10 → 11 → 3'], 'payouts': [11, 720]}}",6.0,1,1,サガノオウマサン,2021100701,牡3,56.0,川島拓,120.7,1,0,,39.2,66.3,2,0,2024,1,6,5,1,winter,0,,,0.0,,0,,,,,0,0,0.0,,55.166666666666664,,-0.8333333333333357,,1,0,0.0,0,0,0.0,0.0,,short,0.23350301135033932,0.9091762415474085,0.0,0.18422635999211967,0.0,0.0,0.0,0.0,0.0,0.0,0.0,-0.28347335475692037,0.0,-0.28347335475692037,-0.28347335475692037,-0.44569011409280423,-0.6515206742851932,0.0,-0.28347335475692037,-0.28347335475692037,-0.41803980857497053,-0.5359422007578724,-0.41803980857497053,-0.5359422007578724
202408010101,2024-01-06,京都,1,一般,"{'win': {'combinations': ['15'], 'payouts': [260]}, 'place': {'combinations': ['15', '3', '6'], 'payouts': [180, 340, 650]}, 'bracket_quinella': {'combinations': ['2 - 8'], 'payouts': [1, 730]}, 'quinella': {'combinations': ['3 - 15'], 'payouts': [2, 830]}, 'wide': {'combinations': ['3 - 15', '6 - 15', '3 - 6'], 'payouts': [1, 50, 1, 110, 3, 350]}, 'exacta': {'combinations': ['15 → 3'], 'payouts': [3, 990]}, 'trio': {'combinations': ['3 - 6 - 15'], 'payouts': [17, 740]}, 'trifecta': {'combinations': ['15 → 3 → 6'], 'payouts': [51, 620]}}",7.0,5,10,メイショウムカバキ,2021100741,牡3,56.0,角田大河,116.4,1/2,0,,40.0,7.9,1,0,2024,1,6,5,1,winter,0,,,0.0,,0,,,,,0,0,0.0,,56.3125,,0.3125,,1,0,0.0,0,0,0.0,0.0,,short,0.23350301135033932,0.6944854156656969,0.0,0.5012594559429989,0.0,0.0,0.0,0.0,0.0,0.0,0.0,-0.28347335475692037,0.0,-0.28347335475692037,-0.28347335475692037,0.6838101560090948,0.2443202528569469,0.0,-0.28347335475692037,-0.28347335475692037,-0.41803980857497053,-0.5359422007578724,-0.41803980857497053,-0.5359422007578724
202406010104,2024-01-06,中山,4,一般,"{'win': {'combinations': ['4'], 'payouts': [5, 860]}, 'place': {'combinations': ['4', '5', '2'], 'payouts': [1, 270, 2, 630, 400]}, 'bracket_quinella': {'combinations': ['2 - 3'], 'payouts': [4, 720]}, 'quinella': {'combinations': ['4 - 5'], 'payouts': [153, 810]}, 'wide': {'combinations': ['4 - 5', '2 - 4', '2 - 5'], 'payouts': [32, 360, 5, 480, 8, 690]}, 'exacta': {'combinations': ['4 → 5'], 'payouts': [264, 220]}, 'trio': {'combinations': ['2 - 4 - 5'], 'payouts': [385, 890]}, 'trifecta': {'combinations': ['4 → 5 → 2'], 'payouts': [2, 412, 370]}}",14.0,6,11,サザンクーガー,2021100843,牡3,53.0,小林美駒,119.9,1/2,0,,40.8,34.2,0,0,2024,1,6,5,1,winter,0,,,0.0,,0,,,,,0,0,0.0,,56.125,,3.125,,1,0,0.0,0,0,0.0,0.0,,short,-1.60414670399218,0.8692337623136018,0.0,0.8182925518938782,0.0,0.0,0.0,0.0,0.0,0.0,0.0,-0.28347335475692037,0.0,-0.28347335475692037,-0.28347335475692037,0.4989828390833299,2.443202528569468,0.0,-0.28347335475692037,-0.28347335475692037,-0.41803980857497053,-0.5359422007578724,-0.41803980857497053,-0.5359422007578724
202455010605,2024-01-06,佐賀,5,一般,"{'win': {'combinations': ['10'], 'payouts': [120]}, 'place': {'combinations': ['10', '11', '3'], 'payouts': [100, 520, 130]}, 'bracket_quinella': {'combinations': ['7 - 8'], 'payouts': [350]}, 'quinella': {'combinations': ['10 - 11'], 'payouts': [2, 730]}, 'wide': {'combinations': ['10 - 11', '3 - 10', '3 - 11'], 'payouts': [900, 170, 2, 460]}, 'exacta': {'combinations': ['10 → 11'], 'payouts': [3, 470]}, 'trio': {'combinations': ['3 - 10 - 11'], 'payouts': [3, 340]}, 'trifecta': {'combinations': ['10 → 11 → 3'], 'payouts': [11, 720]}}",9.0,5,5,トワイライトサーガ,2021100991,牝3,54.0,山田義貴,121.5,2.1/2,0,,40.9,22.1,2,0,2024,1,6,5,1,winter,0,,,0.0,,0,,,,,0,0,0.0,,55.166666666666664,,1.1666666666666643,,1,0,0.0,0,0,0.0,0.0,,short,-0.9915967988780069,0.9491187207812153,0.0,0.8579216888877388,0.0,0.0,0.0,0.0,0.0,0.0,0.0,-0.28347335475692037,0.0,-0.28347335475692037,-0.28347335475692037,-0.44569011409280423,0.9121289439992663,0.0,-0.28347335475692037,-0.28347335475692037,-0.41803980857497053,-0.5359422007578724,-0.41803980857497053,-0.5359422007578724
202408010105,2024-01-06,京都,5,一般,"{'win': {'combinations': ['2'], 'payouts': [640]}, 'place': {'combinations': ['2', '3', '1'], 'payouts': [220, 240, 350]}, 'bracket_quinella': {'combinations': ['1 - 2'], 'payouts': [1, 160]}, 'quinella': {'combinations': ['2 - 3'], 'payouts': [1, 960]}, 'wide': {'combinations': ['2 - 3', '1 - 2', '1 - 3'], 'payouts': [790, 990, 1, 50]}, 'exacta': {'combinations': ['2 → 3'], 'payouts': [3, 880]}, 'trio': {'combinations': ['1 - 2 - 3'], 'payouts': [6, 790]}, 'trifecta': {'combinations': ['2 → 3 → 1'], 'payouts': [31, 860]}}",8.0,6,12,アクイローネ,2021101059,牡3,57.0,和田竜二,109.3,3/4,0,,35.7,264.9,1,0,2024,1,6,5,1,winter,0,,,0.0,,0,,,,,0,0,0.0,,55.888888888888886,,-1.1111111111111143,,1,0,0.0,0,0,0.0,0.0,,short,0.8460529164645124,0.33999591246566074,0.0,-1.202793434792982,0.0,0.0,0.0,0.0,0.0,0.0,0.0,-0.28347335475692037,0.0,-0.28347335475692037,-0.28347335475692037,0.2662373288805117,-0.8686942323802578,0.0,-0.28347335475692037,-0.28347335475692037,-0.41803980857497053,-0.5359422007578724,-0.41803980857497053,-0.5359422007578724
202455010611,2024-01-06,佐賀,11,一般,"{'win': {'combinations': ['9'], 'payouts': [190]}, 'place': {'combinations': ['9', '6', '5'], 'payouts': [100, 100, 130]}, 'bracket_quinella': {'combinations': ['6 - 8'], 'payouts': [170]}, 'quinella': {'combinations': ['6 - 9'], 'payouts': [250]}, 'wide': {'combinations': ['6 - 9', '5 - 9', '5 - 6'], 'payouts': [140, 290, 310]}, 'exacta': {'combinations': ['9 → 6'], 'payouts': [440]}, 'trio': {'combinations': ['5 - 6 - 9'], 'payouts': [600]}, 'trifecta': {'combinations': ['9 → 6 → 5'], 'payouts': [1, 850]}}",9.0,4,4,ユウトザフェイス,2021101115,牡3,56.0,山田義貴,96.2,2.1/2,0,,43.0,41.3,2,0,2024,1,6,5,1,winter,0,,,0.0,,0,,,,,0,0,0.0,,54.7,,-1.2999999999999972,,1,0,0.0,0,0,0.0,0.0,,short,0.23350301135033932,-0.3140621849879261,0.0,1.6901335657588004,0.0,0.0,0.0,0.0,0.0,0.0,0.0,-0.28347335475692037,0.0,-0.28347335475692037,-0.28347335475692037,-0.9057047695524807,-1.0163722518848965,0.0,-0.28347335475692037,-0.28347335475692037,-0.41803980857497053,-0.5359422007578724,-0.41803980857497053,-0.5359422007578724
202455010611,2024-01-06,佐賀,11,一般,"{'win': {'combinations': ['9'], 'payouts': [190]}, 'place': {'combinations': ['9', '6', '5'], 'payouts': [100, 100, 130]}, 'bracket_quinella': {'combinations': ['6 - 8'], 'payouts': [170]}, 'quinella': {'combinations': ['6 - 9'], 'payouts': [250]}, 'wide': {'combinations': ['6 - 9', '5 - 9', '5 - 6'], 'payouts': [140, 290, 310]}, 'exacta': {'combinations': ['9 → 6'], 'payouts': [440]}, 'trio': {'combinations': ['5 - 6 - 9'], 'payouts': [600]}, 'trifecta': {'combinations': ['9 → 6 → 5'], 'payouts': [1, 850]}}",3.0,5,5,ケンタッキーグレイ,2021101156,牝3,54.0,山口勲,92.0,2.1/2,0,,40.8,11.2,2,0,2024,1,6,5,1,winter,0,,,0.0,,0,,,,,0,0,0.0,,54.7,,0.7000000000000028,,1,0,0.0,0,1,0.0,1.0,,short,-0.9915967988780069,-0.5237602009654122,0.0,0.8182925518938782,0.0,0.0,0.0,0.0,0.0,0.0,0.0,-0.28347335475692037,0.0,-0.28347335475692037,-0.28347335475692037,-0.9057047695524807,0.5472773663995631,0.0,-0.28347335475692037,-0.28347335475692037,-0.41803980857497053,1.8658728470829629,-0.41803980857497053,1.8658728470829629
202406010101,2024-01-06,中山,1,一般,"{'win': {'combinations': ['14'], 'payouts': [420]}, 'place': {'combinations': ['14', '7', '16'], 'payouts': [230, 270, 340]}, 'bracket_quinella': {'combinations': ['4 - 7'], 'payouts': [1, 950]}, 'quinella': {'combinations': ['7 - 14'], 'payouts': [2, 30]}, 'wide': {'combinations': ['7 - 14', '14 - 16', '7 - 16'], 'payouts': [750, 1, 110, 1, 910]}, 'exacta': {'combinations': ['14 → 7'], 'payouts': [3, 50]}, 'trio': {'combinations': ['7 - 14 - 16'], 'payouts': [8, 700]}, 'trifecta': {'combinations': ['14 → 7 → 16'], 'payouts': [32, 80]}}",9.0,5,9,サナダ,2021101169,牡3,56.0,佐々木大,74.1,1.1/2,0,,39.4,15.8,0,0,2024,1,6,5,1,winter,0,,,0.0,,0,,,,,0,0,0.0,,55.8125,,-0.1875,,1,0,0.0,0,0,0.0,0.0,,short,0.23350301135033932,-1.4174731738218407,0.0,0.26348463397983807,0.0,0.0,0.0,0.0,0.0,0.0,0.0,-0.28347335475692037,0.0,-0.28347335475692037,-0.28347335475692037,0.1909373108737217,-0.146592151714168,0.0,-0.28347335475692037,-0.28347335475692037,-0.41803980857497053,-0.5359422007578724,-0.41803980857497053,-0.5359422007578724
202408010102,2024-01-06,京都,2,一般,"{'win': {'combinations': ['1'], 'payouts': [900]}, 'place': {'combinations': ['1', '3', '15'], 'payouts': [320, 200, 380]}, 'bracket_quinella': {'combinations': ['1 - 2'], 'payouts': [1, 180]}, 'quinella': {'combinations': ['1 - 3'], 'payouts': [2, 860]}, 'wide': {'combinations': ['1 - 3', '1 - 15', '3 - 15'], 'payouts': [1, 130, 2, 800, 1, 30]}, 'exacta': {'combinations': ['1 → 3'], 'payouts': [6, 480]}, 'trio': {'combinations': ['1 - 3 - 15'], 'payouts': [15, 360]}, 'trifecta': {'combinations': ['1 → 3 → 15'], 'payouts': [60, 960]}}",3.0,8,15,カズタンジャー,2021101259,牡3,57.0,モリス,122.9,クビ,0,,38.7,13.5,1,0,2024,1,6,5,1,winter,0,,,0.0,,0,,,,,0,0,0.0,,56.625,,-0.375,,1,0,0.0,0,1,0.0,1.0,,short,0.8460529164645124,1.0190180594403775,0.0,-0.013919324977180597,0.0,0.0,0.0,0.0,0.0,0.0,0.0,-0.28347335475692037,0.0,-0.28347335475692037,-0.28347335475692037,0.9918556842187031,-0.29318430342833607,0.0,-0.28347335475692037,-0.28347335475692037,-0.41803980857497053,1.8658728470829629,-0.41803980857497053,1.8658728470829629
202408010103,2024-01-06,京都,3,一般,"{'win': {'combinations': ['8'], 'payouts': [360]}, 'place': {'combinations': ['8', '12', '2'], 'payouts': [130, 150, 180]}, 'bracket_quinella': {'combinations': ['4 - 6'], 'payouts': [300]}, 'quinella': {'combinations': ['8 - 12'], 'payouts': [800]}, 'wide': {'combinations': ['8 - 12', '2 - 8', '2 - 12'], 'payouts': [330, 490, 660]}, 'exacta': {'combinations': ['8 → 12'], 'payouts': [1, 490]}, 'trio': {'combinations': ['2 - 8 - 12'], 'payouts': [2, 140]}, 'trifecta': {'combinations': ['8 → 12 → 2'], 'payouts': [7, 480]}}",9.0,8,15,サンネリネ,2021101298,牝3,55.0,古川吉洋,87.8,1.1/2,0,,38.9,108.1,1,0,2024,1,6,5,1,winter,0,,,0.0,,0,,,,,0,0,0.0,,54.1875,,-0.8125,,1,0,0.0,0,0,0.0,0.0,,short,-0.3790468937638338,-0.7334582169428983,0.0,0.06533894901053781,0.0,0.0,0.0,0.0,0.0,0.0,0.0,-0.28347335475692037,0.0,-0.28347335475692037,-0.28347335475692037,-1.410899435816241,-0.6352326574280616,0.0,-0.28347335475692037,-0.28347335475692037,-0.41803980857497053,-0.5359422007578724,-0.41803980857497053,-0.5359422007578724
202406010104,2024-01-06,中山,4,一般,"{'win': {'combinations': ['4'], 'payouts': [5, 860]}, 'place': {'combinations': ['4', '5', '2'], 'payouts': [1, 270, 2, 630, 400]}, 'bracket_quinella': {'combinations': ['2 - 3'], 'payouts': [4, 720]}, 'quinella': {'combinations': ['4 - 5'], 'payouts': [153, 810]}, 'wide': {'combinations': ['4 - 5', '2 - 4', '2 - 5'], 'payouts': [32, 360, 5, 480, 8, 690]}, 'exacta': {'combinations': ['4 → 5'], 'payouts': [264, 220]}, 'trio': {'combinations': ['2 - 4 - 5'], 'payouts': [385, 890]}, 'trifecta': {'combinations': ['4 → 5 → 2'], 'payouts': [2, 412, 370]}}",1.0,2,4,マコタイガ,2021101356,牡3,57.0,吉田豊,117.8,nan,0,,39.8,58.6,0,0,2024,1,6,5,1,winter,0,,,0.0,,1,,,,,0,1,1.0,,56.125,,-0.875,,1,1,1.0,1,1,1.0,1.0,,short,0.8460529164645124,0.7643847543248584,0.0,0.4220011819552777,0.0,0.0,0.0,0.0,0.0,0.0,0.0,3.527668414752787,0.0,3.527668414752787,3.527668414752787,0.4989828390833299,-0.684096707999451,0.0,3.527668414752787,3.527668414752787,2.39211668240122,1.8658728470829629,2.39211668240122,1.8658728470829629
202406010107,2024-01-06,中山,7,一般,"{'win': {'combinations': ['5'], 'payouts': [480]}, 'place': {'combinations': ['5', '3', '8'], 'payouts': [170, 120, 470]}, 'bracket_quinella': {'combinations': ['3 - 4'], 'payouts': [500]}, 'quinella': {'combinations': ['3 - 5'], 'payouts': [590]}, 'wide': {'combinations': ['3 - 5', '5 - 8', '3 - 8'], 'payouts': [260, 1, 450, 870]}, 'exacta': {'combinations': ['5 → 3'], 'payouts': [1, 440]}, 'trio': {'combinations': ['3 - 5 - 8'], 'payouts': [3, 400]}, 'trifecta': {'combinations': ['5 → 3 → 8'], 'payouts': [16, 960]}}",10.0,7,10,モンレーヴ,2021101394,牝3,54.0,佐々木大,68.5,3/4,0,,34.9,24.5,0,0,2024,1,6,5,1,winter,0,,,0.0,,0,,,,,0,0,0.0,,55.53846153846154,,1.53846153846154,,1,0,0.0,0,0,0.0,0.0,,short,-0.9915967988780069,-1.6970705284584882,0.0,-1.5198265307438643,0.0,0.0,0.0,0.0,0.0,0.0,0.0,-0.28347335475692037,0.0,-0.28347335475692037,-0.28347335475692037,-0.07919492155624078,1.2028073986803547,0.0,-0.28347335475692037,-0.28347335475692037,-0.41803980857497053,-0.5359422007578724,-0.41803980857497053,-0.5359422007578724
202408010104,2024-01-06,京都,4,一般,"{'win': {'combinations': ['6'], 'payouts': [360]}, 'place': {'combinations': ['6', '12', '4'], 'payouts': [160, 260, 140]}, 'bracket_quinella': {'combinations': ['3 - 6'], 'payouts': [1, 810]}, 'quinella': {'combinations': ['6 - 12'], 'payouts': [2, 150]}, 'wide': {'combinations': ['6 - 12', '4 - 6', '4 - 12'], 'payouts': [740, 320, 800]}, 'exacta': {'combinations': ['6 → 12'], 'payouts': [3, 340]}, 'trio': {'combinations': ['4 - 6 - 12'], 'payouts': [2, 310]}, 'trifecta': {'combinations': ['6 → 12 → 4'], 'payouts': [13, 440]}}",3.0,2,4,マテンロウブラボー,2021101422,牡3,57.0,岩田望来,117.5,クビ,0,,37.6,3.3,1,0,2024,1,6,5,1,winter,0,,,0.0,,0,,,,,0,0,0.0,,56.3125,,-0.6875,,1,0,0.0,0,1,0.0,1.0,,short,0.8460529164645124,0.749406324612181,0.0,-0.4498398319096417,0.0,0.0,0.0,0.0,0.0,0.0,0.0,-0.28347335475692037,0.0,-0.28347335475692037,-0.28347335475692037,0.6838101560090948,-0.5375045562852829,0.0,-0.28347335475692037,-0.28347335475692037,-0.41803980857497053,1.8658728470829629,-0.41803980857497053,1.8658728470829629
202408010105,2024-01-06,京都,5,一般,"{'win': {'combinations': ['2'], 'payouts': [640]}, 'place': {'combinations': ['2', '3', '1'], 'payouts': [220, 240, 350]}, 'bracket_quinella': {'combinations': ['1 - 2'], 'payouts': [1, 160]}, 'quinella': {'combinations': ['2 - 3'], 'payouts': [1, 960]}, 'wide': {'combinations': ['2 - 3', '1 - 2', '1 - 3'], 'payouts': [790, 990, 1, 50]}, 'exacta': {'combinations': ['2 → 3'], 'payouts': [3, 880]}, 'trio': {'combinations': ['1 - 2 - 3'], 'payouts': [6, 790]}, 'trifecta': {'combinations': ['2 → 3 → 1'], 'payouts': [31, 860]}}",10.0,2,4,コーラルハート,2021101426,牝3,53.0,田口貫太,109.7,クビ,0,,36.5,142.5,1,0,2024,1,6,5,1,winter,0,,,0.0,,0,,,,,0,0,0.0,,55.888888888888886,,2.8888888888888857,,1,0,0.0,0,0,0.0,0.0,,short,-1.60414670399218,0.3599671520825644,0.0,-0.8857603388421028,0.0,0.0,0.0,0.0,0.0,0.0,0.0,-0.28347335475692037,0.0,-0.28347335475692037,-0.28347335475692037,0.2662373288805117,2.258605004188661,0.0,-0.28347335475692037,-0.28347335475692037,-0.41803980857497053,-0.5359422007578724,-0.41803980857497053,-0.5359422007578724
202408010103,2024-01-06,京都,3,一般,"{'win': {'combinations': ['8'], 'payouts': [360]}, 'place': {'combinations': ['8', '12', '2'], 'payouts': [130, 150, 180]}, 'bracket_quinella': {'combinations': ['4 - 6'], 'payouts': [300]}, 'quinella': {'combinations': ['8 - 12'], 'payouts': [800]}, 'wide': {'combinations': ['8 - 12', '2 - 8', '2 - 12'], 'payouts': [330, 490, 660]}, 'exacta': {'combinations': ['8 → 12'], 'payouts': [1, 490]}, 'trio': {'combinations': ['2 - 8 - 12'], 'payouts': [2, 140]}, 'trifecta': {'combinations': ['8 → 12 → 2'], 'payouts': [7, 480]}}",6.0,4,7,テイケイモハラ,2021101584,牝3,53.0,田口貫太,87.3,1/2,0,,38.1,8.4,1,0,2024,1,6,5,1,winter,0,,,0.0,,0,,,,,0,0,0.0,,54.1875,,1.1875,,1,0,0.0,0,0,0.0,0.0,,short,-1.60414670399218,-0.7584222664640276,0.0,-0.2516941469403415,0.0,0.0,0.0,0.0,0.0,0.0,0.0,-0.28347335475692037,0.0,-0.28347335475692037,-0.28347335475692037,-1.410899435816241,0.9284169608563979,0.0,-0.28347335475692037,-0.28347335475692037,-0.41803980857497053,-0.5359422007578724,-0.41803980857497053,-0.5359422007578724
202406010101,2024-01-06,中山,1,一般,"{'win': {'combinations': ['14'], 'payouts': [420]}, 'place': {'combinations': ['14', '7', '16'], 'payouts': [230, 270, 340]}, 'bracket_quinella': {'combinations': ['4 - 7'], 'payouts': [1, 950]}, 'quinella': {'combinations': ['7 - 14'], 'payouts': [2, 30]}, 'wide': {'combinations': ['7 - 14', '14 - 16', '7 - 16'], 'payouts': [750, 1, 110, 1, 910]}, 'exacta': {'combinations': ['14 → 7'], 'payouts': [3, 50]}, 'trio': {'combinations': ['7 - 14 - 16'], 'payouts': [8, 700]}, 'trifecta': {'combinations': ['14 → 7 → 16'], 'payouts': [32, 80]}}",13.0,3,5,ラスジャン,2021101587,牡3,57.0,内田博幸,75.3,2.1/2,0,,38.7,107.1,0,0,2024,1,6,5,1,winter,0,,,0.0,,0,,,,,0,0,0.0,,55.8125,,-1.1875,,1,0,0.0,0,0,0.0,0.0,,short,0.8460529164645124,-1.3575594549711303,0.0,-0.013919324977180597,0.0,0.0,0.0,0.0,0.0,0.0,0.0,-0.28347335475692037,0.0,-0.28347335475692037,-0.28347335475692037,0.1909373108737217,-0.9284169608563979,0.0,-0.28347335475692037,-0.28347335475692037,-0.41803980857497053,-0.5359422007578724,-0.41803980857497053,-0.5359422007578724
202406010102,2024-01-06,中山,2,一般,"{'win': {'combinations': ['12'], 'payouts': [730]}, 'place': {'combinations': ['12', '7', '11'], 'payouts': [270, 890, 350]}, 'bracket_quinella': {'combinations': ['4 - 6'], 'payouts': [5, 130]}, 'quinella': {'combinations': ['7 - 12'], 'payouts': [11, 190]}, 'wide': {'combinations': ['7 - 12', '11 - 12', '7 - 11'], 'payouts': [1, 890, 1, 130, 4, 380]}, 'exacta': {'combinations': ['12 → 7'], 'payouts': [15, 690]}, 'trio': {'combinations': ['7 - 11 - 12'], 'payouts': [24, 780]}, 'trifecta': {'combinations': ['12 → 7 → 11'], 'payouts': [130, 760]}}",8.0,4,8,ファーマシャイン,2021101591,牝3,52.0,小林勝太,118.9,大,0,,40.9,505.5,0,0,2024,1,6,5,1,winter,0,,,0.0,,0,,,,,0,0,0.0,,54.0625,,2.0625,,1,0,0.0,0,0,0.0,0.0,,short,-2.216696609106353,0.8193056632713432,0.0,0.8579216888877388,0.0,0.0,0.0,0.0,0.0,0.0,0.0,-0.28347335475692037,0.0,-0.28347335475692037,-0.28347335475692037,-1.5341176471000841,1.612513668855849,0.0,-0.28347335475692037,-0.28347335475692037,-0.41803980857497053,-0.5359422007578724,-0.41803980857497053,-0.5359422007578724
202408010106,2024-01-06,京都,6,一般,"{'win': {'combinations': ['2'], 'payouts': [130]}, 'place': {'combinations': ['2', '3', '7'], 'payouts': [100, 130, 120]}, 'bracket_quinella': {'combinations': ['2 - 3'], 'payouts': [410]}, 'quinella': {'combinations': ['2 - 3'], 'payouts': [370]}, 'wide': {'combinations': ['2 - 3', '2 - 7', '3 - 7'], 'payouts': [160, 150, 240]}, 'exacta': {'combinations': ['2 → 3'], 'payouts': [430]}, 'trio': {'combinations': ['2 - 3 - 7'], 'payouts': [300]}, 'trifecta': {'combinations': ['2 → 3 → 7'], 'payouts': [1, 90]}}",2.0,3,3,アンクルクロス,2021101598,牡3,57.0,長岡禎仁,69.1,2,0,,34.1,7.7,1,0,2024,1,6,5,1,winter,0,,,0.0,,0,,,,,0,0,0.0,,55.6,,-1.3999999999999986,,1,0,0.0,1,1,1.0,1.0,,short,0.8460529164645124,-1.6671136690331334,0.0,-1.8368596266947435,0.0,0.0,0.0,0.0,0.0,0.0,0.0,-0.28347335475692037,0.0,-0.28347335475692037,-0.28347335475692037,-0.018533648308810456,-1.0945547327991205,0.0,-0.28347335475692037,-0.28347335475692037,2.39211668240122,1.8658728470829629,2.39211668240122,1.8658728470829629
202408010102,2024-01-06,京都,2,一般,"{'win': {'combinations': ['1'], 'payouts': [900]}, 'place': {'combinations': ['1', '3', '15'], 'payouts': [320, 200, 380]}, 'bracket_quinella': {'combinations': ['1 - 2'], 'payouts': [1, 180]}, 'quinella': {'combinations': ['1 - 3'], 'payouts': [2, 860]}, 'wide': {'combinations': ['1 - 3', '1 - 15', '3 - 15'], 'payouts': [1, 130, 2, 800, 1, 30]}, 'exacta': {'combinations': ['1 → 3'], 'payouts': [6, 480]}, 'trio': {'combinations': ['1 - 3 - 15'], 'payouts': [15, 360]}, 'trifecta': {'combinations': ['1 → 3 → 15'], 'payouts': [60, 960]}}",11.0,3,6,ピースウォリアー,2021101618,牡3,57.0,幸英明,125.4,1/2,0,,40.7,111.1,1,0,2024,1,6,5,1,winter,0,,,0.0,,0,,,,,0,0,0.0,,56.625,,-0.375,,1,0,0.0,0,0,0.0,0.0,,short,0.8460529164645124,1.1438383070460238,0.0,0.7786634149000204,0.0,0.0,0.0,0.0,0.0,0.0,0.0,-0.28347335475692037,0.0,-0.28347335475692037,-0.28347335475692037,0.9918556842187031,-0.29318430342833607,0.0,-0.28347335475692037,-0.28347335475692037,-0.41803980857497053,-0.5359422007578724,-0.41803980857497053,-0.5359422007578724
202455010611,2024-01-06,佐賀,11,一般,"{'win': {'combinations': ['9'], 'payouts': [190]}, 'place': {'combinations': ['9', '6', '5'], 'payouts': [100, 100, 130]}, 'bracket_quinella': {'combinations': ['6 - 8'], 'payouts': [170]}, 'quinella': {'combinations': ['6 - 9'], 'payouts': [250]}, 'wide': {'combinations': ['6 - 9', '5 - 9', '5 - 6'], 'payouts': [140, 290, 310]}, 'exacta': {'combinations': ['9 → 6'], 'payouts': [440]}, 'trio': {'combinations': ['5 - 6 - 9'], 'payouts': [600]}, 'trifecta': {'combinations': ['9 → 6 → 5'], 'payouts': [1, 850]}}",2.0,6,6,フェザークイル,2021101638,牡3,56.0,石川慎将,91.5,2.1/2,0,,40.8,2.9,2,0,2024,1,6,5,1,winter,0,,,0.0,,0,,,,,0,0,0.0,,54.7,,-1.2999999999999972,,1,0,0.0,1,1,1.0,1.0,,short,0.23350301135033932,-0.5487242504865415,0.0,0.8182925518938782,0.0,0.0,0.0,0.0,0.0,0.0,0.0,-0.28347335475692037,0.0,-0.28347335475692037,-0.28347335475692037,-0.9057047695524807,-1.0163722518848965,0.0,-0.28347335475692037,-0.28347335475692037,2.39211668240122,1.8658728470829629,2.39211668240122,1.8658728470829629
202408010101,2024-01-06,京都,1,一般,"{'win': {'combinations': ['15'], 'payouts': [260]}, 'place': {'combinations': ['15', '3', '6'], 'payouts': [180, 340, 650]}, 'bracket_quinella': {'combinations': ['2 - 8'], 'payouts': [1, 730]}, 'quinella': {'combinations': ['3 - 15'], 'payouts': [2, 830]}, 'wide': {'combinations': ['3 - 15', '6 - 15', '3 - 6'], 'payouts': [1, 50, 1, 110, 3, 350]}, 'exacta': {'combinations': ['15 → 3'], 'payouts': [3, 990]}, 'trio': {'combinations': ['3 - 6 - 15'], 'payouts': [17, 740]}, 'trifecta': {'combinations': ['15 → 3 → 6'], 'payouts': [51, 620]}}",15.0,1,1,オスピタリテ,2021101723,牝3,54.0,小沢大仁,119.2,5,0,,41.1,553.9,1,0,2024,1,6,5,1,winter,0,,,0.0,,0,,,,,0,0,0.0,,56.3125,,2.3125,,1,0,0.0,0,0,0.0,0.0,,short,-0.9915967988780069,0.8342840929840207,0.0,0.93717996287546,0.0,0.0,0.0,0.0,0.0,0.0,0.0,-0.28347335475692037,0.0,-0.28347335475692037,-0.28347335475692037,0.6838101560090948,1.8079698711414063,0.0,-0.28347335475692037,-0.28347335475692037,-0.41803980857497053,-0.5359422007578724,-0.41803980857497053,-0.5359422007578724
202408010103,2024-01-06,京都,3,一般,"{'win': {'combinations': ['8'], 'payouts': [360]}, 'place': {'combinations': ['8', '12', '2'], 'payouts': [130, 150, 180]}, 'bracket_quinella': {'combinations': ['4 - 6'], 'payouts': [300]}, 'quinella': {'combinations': ['8 - 12'], 'payouts': [800]}, 'wide': {'combinations': ['8 - 12', '2 - 8', '2 - 12'], 'payouts': [330, 490, 660]}, 'exacta': {'combinations': ['8 → 12'], 'payouts': [1, 490]}, 'trio': {'combinations': ['2 - 8 - 12'], 'payouts': [2, 140]}, 'trifecta': {'combinations': ['8 → 12 → 2'], 'payouts': [7, 480]}}",4.0,6,11,リリーズブルーム,2021101725,牝3,55.0,ルメート,86.6,ハナ,0,,38.5,7.1,1,0,2024,1,6,5,1,winter,0,,,0.0,,0,,,,,0,0,0.0,,54.1875,,-0.8125,,1,0,0.0,0,0,0.0,0.0,,short,-0.3790468937638338,-0.7933719357936087,0.0,-0.09317759896490183,0.0,0.0,0.0,0.0,0.0,0.0,0.0,-0.28347335475692037,0.0,-0.28347335475692037,-0.28347335475692037,-1.410899435816241,-0.6352326574280616,0.0,-0.28347335475692037,-0.28347335475692037,-0.41803980857497053,-0.5359422007578724,-0.41803980857497053,-0.5359422007578724
202408010103,2024-01-06,京都,3,一般,"{'win': {'combinations': ['8'], 'payouts': [360]}, 'place': {'combinations': ['8', '12', '2'], 'payouts': [130, 150, 180]}, 'bracket_quinella': {'combinations': ['4 - 6'], 'payouts': [300]}, 'quinella': {'combinations': ['8 - 12'], 'payouts': [800]}, 'wide': {'combinations': ['8 - 12', '2 - 8', '2 - 12'], 'payouts': [330, 490, 660]}, 'exacta': {'combinations': ['8 → 12'], 'payouts': [1, 490]}, 'trio': {'combinations': ['2 - 8 - 12'], 'payouts': [2, 140]}, 'trifecta': {'combinations': ['8 → 12 → 2'], 'payouts': [7, 480]}}",11.0,3,5,グラス,2021101760,牝3,52.0,永島まな,87.9,クビ,0,,39.3,27.8,1,0,2024,1,6,5,1,winter,0,,,0.0,,0,,,,,0,0,0.0,,54.1875,,2.1875,,1,0,0.0,0,0,0.0,0.0,,short,-2.216696609106353,-0.7284654070386719,0.0,0.22385549698597745,0.0,0.0,0.0,0.0,0.0,0.0,0.0,-0.28347335475692037,0.0,-0.28347335475692037,-0.28347335475692037,-1.410899435816241,1.7102417699986276,0.0,-0.28347335475692037,-0.28347335475692037,-0.41803980857497053,-0.5359422007578724,-0.41803980857497053,-0.5359422007578724
202455010611,2024-01-06,佐賀,11,一般,"{'win': {'combinations': ['9'], 'payouts': [190]}, 'place': {'combinations': ['9', '6', '5'], 'payouts': [100, 100, 130]}, 'bracket_quinella': {'combinations': ['6 - 8'], 'payouts': [170]}, 'quinella': {'combinations': ['6 - 9'], 'payouts': [250]}, 'wide': {'combinations': ['6 - 9', '5 - 9', '5 - 6'], 'payouts': [140, 290, 310]}, 'exacta': {'combinations': ['9 → 6'], 'payouts': [440]}, 'trio': {'combinations': ['5 - 6 - 9'], 'payouts': [600]}, 'trifecta': {'combinations': ['9 → 6 → 5'], 'payouts': [1, 850]}}",8.0,3,3,ユウノワンワン,2021101846,牝3,54.0,竹吉徹,95.7,5,0,,42.9,15.0,2,0,2024,1,6,5,1,winter,0,,,0.0,,0,,,,,0,0,0.0,,54.7,,0.7000000000000028,,1,0,0.0,0,0,0.0,0.0,,short,-0.9915967988780069,-0.3390262345090554,0.0,1.6505044287649397,0.0,0.0,0.0,0.0,0.0,0.0,0.0,-0.28347335475692037,0.0,-0.28347335475692037,-0.28347335475692037,-0.9057047695524807,0.5472773663995631,0.0,-0.28347335475692037,-0.28347335475692037,-0.41803980857497053,-0.5359422007578724,-0.41803980857497053,-0.5359422007578724
202406010103,2024-01-06,中山,3,一般,"{'win': {'combinations': ['15'], 'payouts': [1, 120]}, 'place': {'combinations': ['15', '12', '5'], 'payouts': [360, 250, 2, 480]}, 'bracket_quinella': {'combinations': ['6 - 8'], 'payouts': [1, 860]}, 'quinella': {'combinations': ['12 - 15'], 'payouts': [3, 660]}, 'wide': {'combinations': ['12 - 15', '5 - 15', '5 - 12'], 'payouts': [1, 190, 12, 110, 7, 380]}, 'exacta': {'combinations': ['15 → 12'], 'payouts': [7, 320]}, 'trio': {'combinations': ['5 - 12 - 15'], 'payouts': [103, 610]}, 'trifecta': {'combinations': ['15 → 12 → 5'], 'payouts': [523, 620]}}",14.0,1,2,エルキーオ,2021101881,牡3,57.0,大野拓弥,75.7,1.3/4,0,,37.1,62.0,0,0,2024,1,6,5,1,winter,0,,,0.0,,0,,,,,0,0,0.0,,55.3125,,-1.6875,,1,0,0.0,0,0,0.0,0.0,,short,0.8460529164645124,-1.3375882153542265,0.0,-0.647985516878942,0.0,0.0,0.0,0.0,0.0,0.0,0.0,-0.28347335475692037,0.0,-0.28347335475692037,-0.28347335475692037,-0.3019355342616514,-1.3193293654275127,0.0,-0.28347335475692037,-0.28347335475692037,-0.41803980857497053,-0.5359422007578724,-0.41803980857497053,-0.5359422007578724
202455010605,2024-01-06,佐賀,5,一般,"{'win': {'combinations': ['10'], 'payouts': [120]}, 'place': {'combinations': ['10', '11', '3'], 'payouts': [100, 520, 130]}, 'bracket_quinella': {'combinations': ['7 - 8'], 'payouts': [350]}, 'quinella': {'combinations': ['10 - 11'], 'payouts': [2, 730]}, 'wide': {'combinations': ['10 - 11', '3 - 10', '3 - 11'], 'payouts': [900, 170, 2, 460]}, 'exacta': {'combinations': ['10 → 11'], 'payouts': [3, 470]}, 'trio': {'combinations': ['3 - 10 - 11'], 'payouts': [3, 340]}, 'trifecta': {'combinations': ['10 → 11 → 3'], 'payouts': [11, 720]}}",12.0,6,7,スターオブウーノ,2021101890,牡3,56.0,石川倭,124.0,7,0,,42.6,162.2,2,0,2024,1,6,5,1,winter,0,,,0.0,,0,,,,,0,0,0.0,,55.166666666666664,,-0.8333333333333357,,1,0,0.0,0,0,0.0,0.0,,short,0.23350301135033932,1.0739389683868616,0.0,1.5316170177833608,0.0,0.0,0.0,0.0,0.0,0.0,0.0,-0.28347335475692037,0.0,-0.28347335475692037,-0.28347335475692037,-0.44569011409280423,-0.6515206742851932,0.0,-0.28347335475692037,-0.28347335475692037,-0.41803980857497053,-0.5359422007578724,-0.41803980857497053,-0.5359422007578724
202408010104,2024-01-06,京都,4,一般,"{'win': {'combinations': ['6'], 'payouts': [360]}, 'place': {'combinations': ['6', '12', '4'], 'payouts': [160, 260, 140]}, 'bracket_quinella': {'combinations': ['3 - 6'], 'payouts': [1, 810]}, 'quinella': {'combinations': ['6 - 12'], 'payouts': [2, 150]}, 'wide': {'combinations': ['6 - 12', '4 - 6', '4 - 12'], 'payouts': [740, 320, 800]}, 'exacta': {'combinations': ['6 → 12'], 'payouts': [3, 340]}, 'trio': {'combinations': ['4 - 6 - 12'], 'payouts': [2, 310]}, 'trifecta': {'combinations': ['6 → 12 → 4'], 'payouts': [13, 440]}}",16.0,4,8,セルリアンジャガー,2021101892,牡3,56.0,角田大河,120.8,2.1/2,0,,40.6,154.4,1,0,2024,1,6,5,1,winter,0,,,0.0,,0,,,,,0,0,0.0,,56.3125,,0.3125,,1,0,0.0,0,0,0.0,0.0,,short,0.23350301135033932,0.9141690514516341,0.0,0.7390342779061598,0.0,0.0,0.0,0.0,0.0,0.0,0.0,-0.28347335475692037,0.0,-0.28347335475692037,-0.28347335475692037,0.6838101560090948,0.2443202528569469,0.0,-0.28347335475692037,-0.28347335475692037,-0.41803980857497053,-0.5359422007578724,-0.41803980857497053,-0.5359422007578724
202406010107,2024-01-06,中山,7,一般,"{'win': {'combinations': ['5'], 'payouts': [480]}, 'place': {'combinations': ['5', '3', '8'], 'payouts': [170, 120, 470]}, 'bracket_quinella': {'combinations': ['3 - 4'], 'payouts': [500]}, 'quinella': {'combinations': ['3 - 5'], 'payouts': [590]}, 'wide': {'combinations': ['3 - 5', '5 - 8', '3 - 8'], 'payouts': [260, 1, 450, 870]}, 'exacta': {'combinations': ['5 → 3'], 'payouts': [1, 440]}, 'trio': {'combinations': ['3 - 5 - 8'], 'payouts': [3, 400]}, 'trifecta': {'combinations': ['5 → 3 → 8'], 'payouts': [16, 960]}}",8.0,8,13,キョウエイカンセ,2021101905,牡3,56.0,永野猛蔵,68.3,1/2,0,,34.8,70.7,0,0,2024,1,6,5,1,winter,0,,,0.0,,0,,,,,0,0,0.0,,55.53846153846154,,-0.4615384615384599,,1,0,0.0,0,0,0.0,0.0,,short,0.23350301135033932,-1.7070561482669402,0.0,-1.559455667737725,0.0,0.0,0.0,0.0,0.0,0.0,0.0,-0.28347335475692037,0.0,-0.28347335475692037,-0.28347335475692037,-0.07919492155624078,-0.3608422196041047,0.0,-0.28347335475692037,-0.28347335475692037,-0.41803980857497053,-0.5359422007578724,-0.41803980857497053,-0.5359422007578724
202406010110,2024-01-06,中山,10,一般,"{'win': {'combinations': ['1'], 'payouts': [380]}, 'place': {'combinations': ['1', '4', '3'], 'payouts': [150, 250, 130]}, 'bracket_quinella': {'combinations': ['1 - 4'], 'payouts': [2, 580]}, 'quinella': {'combinations': ['1 - 4'], 'payouts': [2, 520]}, 'wide': {'combinations': ['1 - 4', '1 - 3', '3 - 4'], 'payouts': [880, 280, 670]}, 'exacta': {'combinations': ['1 → 4'], 'payouts': [4, 20]}, 'trio': {'combinations': ['1 - 3 - 4'], 'payouts': [2, 340]}, 'trifecta': {'combinations': ['1 → 4 → 3'], 'payouts': [13, 920]}}",8.0,5,5,チザルピーノ,2021101928,牡3,57.0,佐々木大,93.9,アタマ,0,,35.4,21.1,0,0,2024,1,6,5,1,winter,0,,,0.0,,0,,,,,0,0,0.0,,57.0,,0.0,,1,0,0.0,0,0,0.0,0.0,,short,0.8460529164645124,-0.42889681278512065,0.0,-1.321680845774564,0.0,0.0,0.0,0.0,0.0,0.0,0.0,-0.28347335475692037,0.0,-0.28347335475692037,-0.28347335475692037,1.3615103180702328,8.034379279775345e-17,0.0,-0.28347335475692037,-0.28347335475692037,-0.41803980857497053,-0.5359422007578724,-0.41803980857497053,-0.5359422007578724
202455010605,2024-01-06,佐賀,5,一般,"{'win': {'combinations': ['10'], 'payouts': [120]}, 'place': {'combinations': ['10', '11', '3'], 'payouts': [100, 520, 130]}, 'bracket_quinella': {'combinations': ['7 - 8'], 'payouts': [350]}, 'quinella': {'combinations': ['10 - 11'], 'payouts': [2, 730]}, 'wide': {'combinations': ['10 - 11', '3 - 10', '3 - 11'], 'payouts': [900, 170, 2, 460]}, 'exacta': {'combinations': ['10 → 11'], 'payouts': [3, 470]}, 'trio': {'combinations': ['3 - 10 - 11'], 'payouts': [3, 340]}, 'trifecta': {'combinations': ['10 → 11 → 3'], 'payouts': [11, 720]}}",5.0,8,12,ロトプレシャス,2021101961,牝3,54.0,田中直人,120.5,2,0,,39.1,6.2,2,0,2024,1,6,5,1,winter,0,,,0.0,,0,,,,,0,0,0.0,,55.166666666666664,,1.1666666666666643,,1,0,0.0,0,0,0.0,0.0,,short,-0.9915967988780069,0.8991906217389567,0.0,0.14459722299825906,0.0,0.0,0.0,0.0,0.0,0.0,0.0,-0.28347335475692037,0.0,-0.28347335475692037,-0.28347335475692037,-0.44569011409280423,0.9121289439992663,0.0,-0.28347335475692037,-0.28347335475692037,-0.41803980857497053,-0.5359422007578724,-0.41803980857497053,-0.5359422007578724
202455010611,2024-01-06,佐賀,11,一般,"{'win': {'combinations': ['9'], 'payouts': [190]}, 'place': {'combinations': ['9', '6', '5'], 'payouts': [100, 100, 130]}, 'bracket_quinella': {'combinations': ['6 - 8'], 'payouts': [170]}, 'quinella': {'combinations': ['6 - 9'], 'payouts': [250]}, 'wide': {'combinations': ['6 - 9', '5 - 9', '5 - 6'], 'payouts': [140, 290, 310]}, 'exacta': {'combinations': ['9 → 6'], 'payouts': [440]}, 'trio': {'combinations': ['5 - 6 - 9'], 'payouts': [600]}, 'trifecta': {'combinations': ['9 → 6 → 5'], 'payouts': [1, 850]}}",5.0,2,2,シーブレ,2021101974,牝3,54.0,出水拓人,93.9,1.1/2,0,,42.7,30.1,2,0,2024,1,6,5,1,winter,0,,,0.0,,0,,,,,0,0,0.0,,54.7,,0.7000000000000028,,1,0,0.0,0,0,0.0,0.0,,short,-0.9915967988780069,-0.42889681278512065,0.0,1.5712461547772214,0.0,0.0,0.0,0.0,0.0,0.0,0.0,-0.28347335475692037,0.0,-0.28347335475692037,-0.28347335475692037,-0.9057047695524807,0.5472773663995631,0.0,-0.28347335475692037,-0.28347335475692037,-0.41803980857497053,-0.5359422007578724,-0.41803980857497053,-0.5359422007578724
202408010102,2024-01-06,京都,2,一般,"{'win': {'combinations': ['1'], 'payouts': [900]}, 'place': {'combinations': ['1', '3', '15'], 'payouts': [320, 200, 380]}, 'bracket_quinella': {'combinations': ['1 - 2'], 'payouts': [1, 180]}, 'quinella': {'combinations': ['1 - 3'], 'payouts': [2, 860]}, 'wide': {'combinations': ['1 - 3', '1 - 15', '3 - 15'], 'payouts': [1, 130, 2, 800, 1, 30]}, 'exacta': {'combinations': ['1 → 3'], 'payouts': [6, 480]}, 'trio': {'combinations': ['1 - 3 - 15'], 'payouts': [15, 360]}, 'trifecta': {'combinations': ['1 → 3 → 15'], 'payouts': [60, 960]}}",12.0,6,12,ハチャトリアン,2021102020,牡3,56.0,小沢大仁,125.5,1/2,0,,40.6,484.2,1,0,2024,1,6,5,1,winter,0,,,0.0,,0,,,,,0,0,0.0,,56.625,,0.625,,1,0,0.0,0,0,0.0,0.0,,short,0.23350301135033932,1.1488311169502494,0.0,0.7390342779061598,0.0,0.0,0.0,0.0,0.0,0.0,0.0,-0.28347335475692037,0.0,-0.28347335475692037,-0.28347335475692037,0.9918556842187031,0.4886405057138937,0.0,-0.28347335475692037,-0.28347335475692037,-0.41803980857497053,-0.5359422007578724,-0.41803980857497053,-0.5359422007578724
202406010103,2024-01-06,中山,3,一般,"{'win': {'combinations': ['15'], 'payouts': [1, 120]}, 'place': {'combinations': ['15', '12', '5'], 'payouts': [360, 250, 2, 480]}, 'bracket_quinella': {'combinations': ['6 - 8'], 'payouts': [1, 860]}, 'quinella': {'combinations': ['12 - 15'], 'payouts': [3, 660]}, 'wide': {'combinations': ['12 - 15', '5 - 15', '5 - 12'], 'payouts': [1, 190, 12, 110, 7, 380]}, 'exacta': {'combinations': ['15 → 12'], 'payouts': [7, 320]}, 'trio': {'combinations': ['5 - 12 - 15'], 'payouts': [103, 610]}, 'trifecta': {'combinations': ['15 → 12 → 5'], 'payouts': [523, 620]}}",7.0,1,1,ガラスノイチゴ,2021102025,牝3,55.0,武士沢友,96.25,nan,0,,39.1,---,0,0,2024,1,6,5,1,winter,0,,,0.0,,0,,,,,0,0,0.0,,55.3125,,0.3125,,1,0,0.0,0,0,0.0,0.0,,short,-0.3790468937638338,-0.3115657800358133,0.0,0.14459722299825906,0.0,0.0,0.0,0.0,0.0,0.0,0.0,-0.28347335475692037,0.0,-0.28347335475692037,-0.28347335475692037,-0.3019355342616514,0.2443202528569469,0.0,-0.28347335475692037,-0.28347335475692037,-0.41803980857497053,-0.5359422007578724,-0.41803980857497053,-0.5359422007578724
202408010103,2024-01-06,京都,3,一般,"{'win': {'combinations': ['8'], 'payouts': [360]}, 'place': {'combinations': ['8', '12', '2'], 'payouts': [130, 150, 180]}, 'bracket_quinella': {'combinations': ['4 - 6'], 'payouts': [300]}, 'quinella': {'combinations': ['8 - 12'], 'payouts': [800]}, 'wide': {'combinations': ['8 - 12', '2 - 8', '2 - 12'], 'payouts': [330, 490, 660]}, 'exacta': {'combinations': ['8 → 12'], 'payouts': [1, 490]}, 'trio': {'combinations': ['2 - 8 - 12'], 'payouts': [2, 140]}, 'trifecta': {'combinations': ['8 → 12 → 2'], 'payouts': [7, 480]}}",13.0,5,9,メイショウニコニコ,2021102031,牝3,51.0,河原田菜,88.4,アタマ,0,,40.3,62.3,1,0,2024,1,6,5,1,winter,0,,,0.0,,0,,,,,0,0,0.0,,54.1875,,3.1875,,1,0,0.0,0,0,0.0,0.0,,short,-2.829246514220526,-0.7035013575175427,0.0,0.620146866924578,0.0,0.0,0.0,0.0,0.0,0.0,0.0,-0.28347335475692037,0.0,-0.28347335475692037,-0.28347335475692037,-1.410899435816241,2.4920665791408574,0.0,-0.28347335475692037,-0.28347335475692037,-0.41803980857497053,-0.5359422007578724,-0.41803980857497053,-0.5359422007578724
202408010104,2024-01-06,京都,4,一般,"{'win': {'combinations': ['6'], 'payouts': [360]}, 'place': {'combinations': ['6', '12', '4'], 'payouts': [160, 260, 140]}, 'bracket_quinella': {'combinations': ['3 - 6'], 'payouts': [1, 810]}, 'quinella': {'combinations': ['6 - 12'], 'payouts': [2, 150]}, 'wide': {'combinations': ['6 - 12', '4 - 6', '4 - 12'], 'payouts': [740, 320, 800]}, 'exacta': {'combinations': ['6 → 12'], 'payouts': [3, 340]}, 'trio': {'combinations': ['4 - 6 - 12'], 'payouts': [2, 310]}, 'trifecta': {'combinations': ['6 → 12 → 4'], 'payouts': [13, 440]}}",2.0,6,12,スマートリアファル,2021102083,牡3,57.0,幸英明,117.5,2,0,,37.8,11.0,1,0,2024,1,6,5,1,winter,0,,,0.0,,0,,,,,0,0,0.0,,56.3125,,-0.6875,,1,0,0.0,1,1,1.0,1.0,,short,0.8460529164645124,0.749406324612181,0.0,-0.3705815579219233,0.0,0.0,0.0,0.0,0.0,0.0,0.0,-0.28347335475692037,0.0,-0.28347335475692037,-0.28347335475692037,0.6838101560090948,-0.5375045562852829,0.0,-0.28347335475692037,-0.28347335475692037,2.39211668240122,1.8658728470829629,2.39211668240122,1.8658728470829629
202408010101,2024-01-06,京都,1,一般,"{'win': {'combinations': ['15'], 'payouts': [260]}, 'place': {'combinations': ['15', '3', '6'], 'payouts': [180, 340, 650]}, 'bracket_quinella': {'combinations': ['2 - 8'], 'payouts': [1, 730]}, 'quinella': {'combinations': ['3 - 15'], 'payouts': [2, 830]}, 'wide': {'combinations': ['3 - 15', '6 - 15', '3 - 6'], 'payouts': [1, 50, 1, 110, 3, 350]}, 'exacta': {'combinations': ['15 → 3'], 'payouts': [3, 990]}, 'trio': {'combinations': ['3 - 6 - 15'], 'payouts': [17, 740]}, 'trifecta': {'combinations': ['15 → 3 → 6'], 'payouts': [51, 620]}}",2.0,2,3,カフジテルビウム,2021102150,牡3,57.0,長岡禎仁,115.9,3,0,,39.8,14.7,1,0,2024,1,6,5,1,winter,0,,,0.0,,0,,,,,0,0,0.0,,56.3125,,-0.6875,,1,0,0.0,1,1,1.0,1.0,,short,0.8460529164645124,0.6695213661445676,0.0,0.4220011819552777,0.0,0.0,0.0,0.0,0.0,0.0,0.0,-0.28347335475692037,0.0,-0.28347335475692037,-0.28347335475692037,0.6838101560090948,-0.5375045562852829,0.0,-0.28347335475692037,-0.28347335475692037,2.39211668240122,1.8658728470829629,2.39211668240122,1.8658728470829629
202408010103,2024-01-06,京都,3,一般,"{'win': {'combinations': ['8'], 'payouts': [360]}, 'place': {'combinations': ['8', '12', '2'], 'payouts': [130, 150, 180]}, 'bracket_quinella': {'combinations': ['4 - 6'], 'payouts': [300]}, 'quinella': {'combinations': ['8 - 12'], 'payouts': [800]}, 'wide': {'combinations': ['8 - 12', '2 - 8', '2 - 12'], 'payouts': [330, 490, 660]}, 'exacta': {'combinations': ['8 → 12'], 'payouts': [1, 490]}, 'trio': {'combinations': ['2 - 8 - 12'], 'payouts': [2, 140]}, 'trifecta': {'combinations': ['8 → 12 → 2'], 'payouts': [7, 480]}}",15.0,7,14,ワキノルーチェ,2021102156,牝3,55.0,幸英明,88.5,クビ,0,,39.5,128.2,1,0,2024,1,6,5,1,winter,0,,,0.0,,0,,,,,0,0,0.0,,54.1875,,-0.8125,,1,0,0.0,0,0,0.0,0.0,,short,-0.3790468937638338,-0.6985085476133172,0.0,0.3031137709736987,0.0,0.0,0.0,0.0,0.0,0.0,0.0,-0.28347335475692037,0.0,-0.28347335475692037,-0.28347335475692037,-1.410899435816241,-0.6352326574280616,0.0,-0.28347335475692037,-0.28347335475692037,-0.41803980857497053,-0.5359422007578724,-0.41803980857497053,-0.5359422007578724
202408010103,2024-01-06,京都,3,一般,"{'win': {'combinations': ['8'], 'payouts': [360]}, 'place': {'combinations': ['8', '12', '2'], 'payouts': [130, 150, 180]}, 'bracket_quinella': {'combinations': ['4 - 6'], 'payouts': [300]}, 'quinella': {'combinations': ['8 - 12'], 'payouts': [800]}, 'wide': {'combinations': ['8 - 12', '2 - 8', '2 - 12'], 'payouts': [330, 490, 660]}, 'exacta': {'combinations': ['8 → 12'], 'payouts': [1, 490]}, 'trio': {'combinations': ['2 - 8 - 12'], 'payouts': [2, 140]}, 'trifecta': {'combinations': ['8 → 12 → 2'], 'payouts': [7, 480]}}",10.0,2,4,グディンナ,2021102162,牝3,55.0,国分恭介,87.8,ハナ,0,,38.6,43.5,1,0,2024,1,6,5,1,winter,0,,,0.0,,0,,,,,0,0,0.0,,54.1875,,-0.8125,,1,0,0.0,0,0,0.0,0.0,,short,-0.3790468937638338,-0.7334582169428983,0.0,-0.05354846197104121,0.0,0.0,0.0,0.0,0.0,0.0,0.0,-0.28347335475692037,0.0,-0.28347335475692037,-0.28347335475692037,-1.410899435816241,-0.6352326574280616,0.0,-0.28347335475692037,-0.28347335475692037,-0.41803980857497053,-0.5359422007578724,-0.41803980857497053,-0.5359422007578724
202455010611,2024-01-06,佐賀,11,一般,"{'win': {'combinations': ['9'], 'payouts': [190]}, 'place': {'combinations': ['9', '6', '5'], 'payouts': [100, 100, 130]}, 'bracket_quinella': {'combinations': ['6 - 8'], 'payouts': [170]}, 'quinella': {'combinations': ['6 - 9'], 'payouts': [250]}, 'wide': {'combinations': ['6 - 9', '5 - 9', '5 - 6'], 'payouts': [140, 290, 310]}, 'exacta': {'combinations': ['9 → 6'], 'payouts': [440]}, 'trio': {'combinations': ['5 - 6 - 9'], 'payouts': [600]}, 'trifecta': {'combinations': ['9 → 6 → 5'], 'payouts': [1, 850]}}",1.0,8,9,トレベルオール,2021102203,牡3,56.0,石川倭,91.0,nan,0,,39.4,1.9,2,0,2024,1,6,5,1,winter,0,,,0.0,,1,,,,,0,1,1.0,,54.7,,-1.2999999999999972,,1,1,1.0,1,1,1.0,1.0,,short,0.23350301135033932,-0.5736883000076707,0.0,0.26348463397983807,0.0,0.0,0.0,0.0,0.0,0.0,0.0,3.527668414752787,0.0,3.527668414752787,3.527668414752787,-0.9057047695524807,-1.0163722518848965,0.0,3.527668414752787,3.527668414752787,2.39211668240122,1.8658728470829629,2.39211668240122,1.8658728470829629
202408010104,2024-01-06,京都,4,一般,"{'win': {'combinations': ['6'], 'payouts': [360]}, 'place': {'combinations': ['6', '12', '4'], 'payouts': [160, 260, 140]}, 'bracket_quinella': {'combinations': ['3 - 6'], 'payouts': [1, 810]}, 'quinella': {'combinations': ['6 - 12'], 'payouts': [2, 150]}, 'wide': {'combinations': ['6 - 12', '4 - 6', '4 - 12'], 'payouts': [740, 320, 800]}, 'exacta': {'combinations': ['6 → 12'], 'payouts': [3, 340]}, 'trio': {'combinations': ['4 - 6 - 12'], 'payouts': [2, 310]}, 'trifecta': {'combinations': ['6 → 12 → 4'], 'payouts': [13, 440]}}",9.0,6,11,サンライズウェーヴ,2021102221,牡3,57.0,藤岡康太,118.8,4,0,,38.4,68.0,1,0,2024,1,6,5,1,winter,0,,,0.0,,0,,,,,0,0,0.0,,56.3125,,-0.6875,,1,0,0.0,0,0,0.0,0.0,,short,0.8460529164645124,0.814312853367117,0.0,-0.13280673595876244,0.0,0.0,0.0,0.0,0.0,0.0,0.0,-0.28347335475692037,0.0,-0.28347335475692037,-0.28347335475692037,0.6838101560090948,-0.5375045562852829,0.0,-0.28347335475692037,-0.28347335475692037,-0.41803980857497053,-0.5359422007578724,-0.41803980857497053,-0.5359422007578724
202406010104,2024-01-06,中山,4,一般,"{'win': {'combinations': ['4'], 'payouts': [5, 860]}, 'place': {'combinations': ['4', '5', '2'], 'payouts': [1, 270, 2, 630, 400]}, 'bracket_quinella': {'combinations': ['2 - 3'], 'payouts': [4, 720]}, 'quinella': {'combinations': ['4 - 5'], 'payouts': [153, 810]}, 'wide': {'combinations': ['4 - 5', '2 - 4', '2 - 5'], 'payouts': [32, 360, 5, 480, 8, 690]}, 'exacta': {'combinations': ['4 → 5'], 'payouts': [264, 220]}, 'trio': {'combinations': ['2 - 4 - 5'], 'payouts': [385, 890]}, 'trifecta': {'combinations': ['4 → 5 → 2'], 'payouts': [2, 412, 370]}}",16.0,6,12,ダンシングボビー,2021102229,牡3,57.0,伴啓太,120.0,アタマ,0,,40.0,162.1,0,0,2024,1,6,5,1,winter,0,,,0.0,,0,,,,,0,0,0.0,,56.125,,-0.875,,1,0,0.0,0,0,0.0,0.0,,short,0.8460529164645124,0.8742265722178274,0.0,0.5012594559429989,0.0,0.0,0.0,0.0,0.0,0.0,0.0,-0.28347335475692037,0.0,-0.28347335475692037,-0.28347335475692037,0.4989828390833299,-0.684096707999451,0.0,-0.28347335475692037,-0.28347335475692037,-0.41803980857497053,-0.5359422007578724,-0.41803980857497053,-0.5359422007578724
202408010104,2024-01-06,京都,4,一般,"{'win': {'combinations': ['6'], 'payouts': [360]}, 'place': {'combinations': ['6', '12', '4'], 'payouts': [160, 260, 140]}, 'bracket_quinella': {'combinations': ['3 - 6'], 'payouts': [1, 810]}, 'quinella': {'combinations': ['6 - 12'], 'payouts': [2, 150]}, 'wide': {'combinations': ['6 - 12', '4 - 6', '4 - 12'], 'payouts': [740, 320, 800]}, 'exacta': {'combinations': ['6 → 12'], 'payouts': [3, 340]}, 'trio': {'combinations': ['4 - 6 - 12'], 'payouts': [2, 310]}, 'trifecta': {'combinations': ['6 → 12 → 4'], 'payouts': [13, 440]}}",1.0,3,6,テーオーパスワード,2021102236,牡3,57.0,坂井瑠星,117.1,nan,0,,37.5,3.6,1,0,2024,1,6,5,1,winter,0,,,0.0,,1,,,,,0,1,1.0,,56.3125,,-0.6875,,1,1,1.0,1,1,1.0,1.0,,short,0.8460529164645124,0.7294350849952773,0.0,-0.48946896890350233,0.0,0.0,0.0,0.0,0.0,0.0,0.0,3.527668414752787,0.0,3.527668414752787,3.527668414752787,0.6838101560090948,-0.5375045562852829,0.0,3.527668414752787,3.527668414752787,2.39211668240122,1.8658728470829629,2.39211668240122,1.8658728470829629
202408010102,2024-01-06,京都,2,一般,"{'win': {'combinations': ['1'], 'payouts': [900]}, 'place': {'combinations': ['1', '3', '15'], 'payouts': [320, 200, 380]}, 'bracket_quinella': {'combinations': ['1 - 2'], 'payouts': [1, 180]}, 'quinella': {'combinations': ['1 - 3'], 'payouts': [2, 860]}, 'wide': {'combinations': ['1 - 3', '1 - 15', '3 - 15'], 'payouts': [1, 130, 2, 800, 1, 30]}, 'exacta': {'combinations': ['1 → 3'], 'payouts': [6, 480]}, 'trio': {'combinations': ['1 - 3 - 15'], 'payouts': [15, 360]}, 'trifecta': {'combinations': ['1 → 3 → 15'], 'payouts': [60, 960]}}",10.0,1,2,サンライズマウレア,2021102242,牡3,54.0,西塚洸二,125.3,1.1/2,0,,41.2,28.4,1,0,2024,1,6,5,1,winter,0,,,0.0,,0,,,,,0,0,0.0,,56.625,,2.625,,1,0,0.0,0,0,0.0,0.0,,short,-0.9915967988780069,1.1388454971417976,0.0,0.9768090998693206,0.0,0.0,0.0,0.0,0.0,0.0,0.0,-0.28347335475692037,0.0,-0.28347335475692037,-0.28347335475692037,0.9918556842187031,2.052290123998353,0.0,-0.28347335475692037,-0.28347335475692037,-0.41803980857497053,-0.5359422007578724,-0.41803980857497053,-0.5359422007578724
202406010102,2024-01-06,中山,2,一般,"{'win': {'combinations': ['12'], 'payouts': [730]}, 'place': {'combinations': ['12', '7', '11'], 'payouts': [270, 890, 350]}, 'bracket_quinella': {'combinations': ['4 - 6'], 'payouts': [5, 130]}, 'quinella': {'combinations': ['7 - 12'], 'payouts': [11, 190]}, 'wide': {'combinations': ['7 - 12', '11 - 12', '7 - 11'], 'payouts': [1, 890, 1, 130, 4, 380]}, 'exacta': {'combinations': ['12 → 7'], 'payouts': [15, 690]}, 'trio': {'combinations': ['7 - 11 - 12'], 'payouts': [24, 780]}, 'trifecta': {'combinations': ['12 → 7 → 11'], 'payouts': [130, 760]}}",6.0,3,5,ビーナスライズ,2021102342,牝3,54.0,原優介,116.9,1.1/4,0,,39.5,10.8,0,0,2024,1,6,5,1,winter,0,,,0.0,,0,,,,,0,0,0.0,,54.0625,,0.0625,,1,0,0.0,0,0,0.0,0.0,,short,-0.9915967988780069,0.7194494651868262,0.0,0.3031137709736987,0.0,0.0,0.0,0.0,0.0,0.0,0.0,-0.28347335475692037,0.0,-0.28347335475692037,-0.28347335475692037,-1.5341176471000841,0.048864050571389435,0.0,-0.28347335475692037,-0.28347335475692037,-0.41803980857497053,-0.5359422007578724,-0.41803980857497053,-0.5359422007578724
202406010107,2024-01-06,中山,7,一般,"{'win': {'combinations': ['5'], 'payouts': [480]}, 'place': {'combinations': ['5', '3', '8'], 'payouts': [170, 120, 470]}, 'bracket_quinella': {'combinations': ['3 - 4'], 'payouts': [500]}, 'quinella': {'combinations': ['3 - 5'], 'payouts': [590]}, 'wide': {'combinations': ['3 - 5', '5 - 8', '3 - 8'], 'payouts': [260, 1, 450, 870]}, 'exacta': {'combinations': ['5 → 3'], 'payouts': [1, 440]}, 'trio': {'combinations': ['3 - 5 - 8'], 'payouts': [3, 400]}, 'trifecta': {'combinations': ['5 → 3 → 8'], 'payouts': [16, 960]}}",4.0,4,4,カイコウ,2021102388,セ3,57.0,菅原明良,68.1,2.1/2,0,,34.0,44.0,0,0,2024,1,6,5,1,winter,0,,,0.0,,0,,,,,0,0,0.0,,55.53846153846154,,-1.46153846153846,,1,0,0.0,0,0,0.0,0.0,,short,0.8460529164645124,-1.717041768075392,0.0,-1.876488763688604,0.0,0.0,0.0,0.0,0.0,0.0,0.0,-0.28347335475692037,0.0,-0.28347335475692037,-0.28347335475692037,-0.07919492155624078,-1.1426670287463345,0.0,-0.28347335475692037,-0.28347335475692037,-0.41803980857497053,-0.5359422007578724,-0.41803980857497053,-0.5359422007578724
202406010102,2024-01-06,中山,2,一般,"{'win': {'combinations': ['12'], 'payouts': [730]}, 'place': {'combinations': ['12', '7', '11'], 'payouts': [270, 890, 350]}, 'bracket_quinella': {'combinations': ['4 - 6'], 'payouts': [5, 130]}, 'quinella': {'combinations': ['7 - 12'], 'payouts': [11, 190]}, 'wide': {'combinations': ['7 - 12', '11 - 12', '7 - 11'], 'payouts': [1, 890, 1, 130, 4, 380]}, 'exacta': {'combinations': ['12 → 7'], 'payouts': [15, 690]}, 'trio': {'combinations': ['7 - 11 - 12'], 'payouts': [24, 780]}, 'trifecta': {'combinations': ['12 → 7 → 11'], 'payouts': [130, 760]}}",15.0,7,13,オーシンダイヤ,2021102394,牝3,55.0,津村明秀,121.7,5,0,,44.5,177.4,0,0,2024,1,6,5,1,winter,0,,,0.0,,0,,,,,0,0,0.0,,54.0625,,-0.9375,,1,0,0.0,0,0,0.0,0.0,,short,-0.3790468937638338,0.9591043405896671,0.0,2.284570620666701,0.0,0.0,0.0,0.0,0.0,0.0,0.0,-0.28347335475692037,0.0,-0.28347335475692037,-0.28347335475692037,-1.5341176471000841,-0.7329607585708403,0.0,-0.28347335475692037,-0.28347335475692037,-0.41803980857497053,-0.5359422007578724,-0.41803980857497053,-0.5359422007578724
202406010105,2024-01-06,中山,5,一般,"{'win': {'combinations': ['15'], 'payouts': [280]}, 'place': {'combinations': ['15', '2', '7'], 'payouts': [130, 160, 140]}, 'bracket_quinella': {'combinations': ['1 - 8'], 'payouts': [890]}, 'quinella': {'combinations': ['2 - 15'], 'payouts': [1, 230]}, 'wide': {'combinations': ['2 - 15', '7 - 15', '2 - 7'], 'payouts': [440, 330, 340]}, 'exacta': {'combinations': ['15 → 2'], 'payouts': [1, 750]}, 'trio': {'combinations': ['2 - 7 - 15'], 'payouts': [1, 240]}, 'trifecta': {'combinations': ['15 → 2 → 7'], 'payouts': [6, 220]}}",15.0,4,8,ゴールデンスロープ,2021102482,牡3,56.0,永野猛蔵,123.5,8,0,,38.9,530.0,0,0,2024,1,6,5,1,winter,0,,,0.0,,0,,,,,0,0,0.0,,55.8235294117647,,-0.17647058823529704,,1,0,0.0,0,0,0.0,0.0,,short,0.23350301135033932,1.0489749188657325,0.0,0.06533894901053781,0.0,0.0,0.0,0.0,0.0,0.0,0.0,-0.28347335475692037,0.0,-0.28347335475692037,-0.28347335475692037,0.20180950598699912,-0.13796908396627805,0.0,-0.28347335475692037,-0.28347335475692037,-0.41803980857497053,-0.5359422007578724,-0.41803980857497053,-0.5359422007578724
202408010102,2024-01-06,京都,2,一般,"{'win': {'combinations': ['1'], 'payouts': [900]}, 'place': {'combinations': ['1', '3', '15'], 'payouts': [320, 200, 380]}, 'bracket_quinella': {'combinations': ['1 - 2'], 'payouts': [1, 180]}, 'quinella': {'combinations': ['1 - 3'], 'payouts': [2, 860]}, 'wide': {'combinations': ['1 - 3', '1 - 15', '3 - 15'], 'payouts': [1, 130, 2, 800, 1, 30]}, 'exacta': {'combinations': ['1 → 3'], 'payouts': [6, 480]}, 'trio': {'combinations': ['1 - 3 - 15'], 'payouts': [15, 360]}, 'trifecta': {'combinations': ['1 → 3 → 15'], 'payouts': [60, 960]}}",14.0,6,11,シュラハト,2021102507,牡3,57.0,岩田望来,126.1,4,0,,42.4,28.1,1,0,2024,1,6,5,1,winter,0,,,0.0,,0,,,,,0,0,0.0,,56.625,,-0.375,,1,0,0.0,0,0,0.0,0.0,,short,0.8460529164645124,1.1787879763756044,0.0,1.4523587437956396,0.0,0.0,0.0,0.0,0.0,0.0,0.0,-0.28347335475692037,0.0,-0.28347335475692037,-0.28347335475692037,0.9918556842187031,-0.29318430342833607,0.0,-0.28347335475692037,-0.28347335475692037,-0.41803980857497053,-0.5359422007578724,-0.41803980857497053,-0.5359422007578724
202455010605,2024-01-06,佐賀,5,一般,"{'win': {'combinations': ['10'], 'payouts': [120]}, 'place': {'combinations': ['10', '11', '3'], 'payouts': [100, 520, 130]}, 'bracket_quinella': {'combinations': ['7 - 8'], 'payouts': [350]}, 'quinella': {'combinations': ['10 - 11'], 'payouts': [2, 730]}, 'wide': {'combinations': ['10 - 11', '3 - 10', '3 - 11'], 'payouts': [900, 170, 2, 460]}, 'exacta': {'combinations': ['10 → 11'], 'payouts': [3, 470]}, 'trio': {'combinations': ['3 - 10 - 11'], 'payouts': [3, 340]}, 'trifecta': {'combinations': ['10 → 11 → 3'], 'payouts': [11, 720]}}",8.0,6,8,キトーウィン,2021102535,セ3,56.0,中山蓮王,121.0,ハナ,0,,38.7,188.2,2,0,2024,1,6,5,1,winter,0,,,0.0,,0,,,,,0,0,0.0,,55.166666666666664,,-0.8333333333333357,,1,0,0.0,0,0,0.0,0.0,,short,0.23350301135033932,0.924154671260086,0.0,-0.013919324977180597,0.0,0.0,0.0,0.0,0.0,0.0,0.0,-0.28347335475692037,0.0,-0.28347335475692037,-0.28347335475692037,-0.44569011409280423,-0.6515206742851932,0.0,-0.28347335475692037,-0.28347335475692037,-0.41803980857497053,-0.5359422007578724,-0.41803980857497053,-0.5359422007578724
202408010103,2024-01-06,京都,3,一般,"{'win': {'combinations': ['8'], 'payouts': [360]}, 'place': {'combinations': ['8', '12', '2'], 'payouts': [130, 150, 180]}, 'bracket_quinella': {'combinations': ['4 - 6'], 'payouts': [300]}, 'quinella': {'combinations': ['8 - 12'], 'payouts': [800]}, 'wide': {'combinations': ['8 - 12', '2 - 8', '2 - 12'], 'payouts': [330, 490, 660]}, 'exacta': {'combinations': ['8 → 12'], 'payouts': [1, 490]}, 'trio': {'combinations': ['2 - 8 - 12'], 'payouts': [2, 140]}, 'trifecta': {'combinations': ['8 → 12 → 2'], 'payouts': [7, 480]}}",16.0,1,1,ワンダーエトワール,2021102665,牝3,55.0,小崎綾也,88.9,2,0,,40.1,336.1,1,0,2024,1,6,5,1,winter,0,,,0.0,,0,,,,,0,0,0.0,,54.1875,,-0.8125,,1,0,0.0,0,0,0.0,0.0,,short,-0.3790468937638338,-0.6785373079964134,0.0,0.5408885929368595,0.0,0.0,0.0,0.0,0.0,0.0,0.0,-0.28347335475692037,0.0,-0.28347335475692037,-0.28347335475692037,-1.410899435816241,-0.6352326574280616,0.0,-0.28347335475692037,-0.28347335475692037,-0.41803980857497053,-0.5359422007578724,-0.41803980857497053,-0.5359422007578724
202406010107,2024-01-06,中山,7,一般,"{'win': {'combinations': ['5'], 'payouts': [480]}, 'place': {'combinations': ['5', '3', '8'], 'payouts': [170, 120, 470]}, 'bracket_quinella': {'combinations': ['3 - 4'], 'payouts': [500]}, 'quinella': {'combinations': ['3 - 5'], 'payouts': [590]}, 'wide': {'combinations': ['3 - 5', '5 - 8', '3 - 8'], 'payouts': [260, 1, 450, 870]}, 'exacta': {'combinations': ['5 → 3'], 'payouts': [1, 440]}, 'trio': {'combinations': ['3 - 5 - 8'], 'payouts': [3, 400]}, 'trifecta': {'combinations': ['5 → 3 → 8'], 'payouts': [16, 960]}}",13.0,5,7,ステラシティ,2021102669,牝3,55.0,田辺裕信,69.1,3/4,0,,34.1,42.9,0,0,2024,1,6,5,1,winter,0,,,0.0,,0,,,,,0,0,0.0,,55.53846153846154,,0.5384615384615401,,1,0,0.0,0,0,0.0,0.0,,short,-0.3790468937638338,-1.6671136690331334,0.0,-1.8368596266947435,0.0,0.0,0.0,0.0,0.0,0.0,0.0,-0.28347335475692037,0.0,-0.28347335475692037,-0.28347335475692037,-0.07919492155624078,0.4209825895381251,0.0,-0.28347335475692037,-0.28347335475692037,-0.41803980857497053,-0.5359422007578724,-0.41803980857497053,-0.5359422007578724
202406010107,2024-01-06,中山,7,一般,"{'win': {'combinations': ['5'], 'payouts': [480]}, 'place': {'combinations': ['5', '3', '8'], 'payouts': [170, 120, 470]}, 'bracket_quinella': {'combinations': ['3 - 4'], 'payouts': [500]}, 'quinella': {'combinations': ['3 - 5'], 'payouts': [590]}, 'wide': {'combinations': ['3 - 5', '5 - 8', '3 - 8'], 'payouts': [260, 1, 450, 870]}, 'exacta': {'combinations': ['5 → 3'], 'payouts': [1, 440]}, 'trio': {'combinations': ['3 - 5 - 8'], 'payouts': [3, 400]}, 'trifecta': {'combinations': ['5 → 3 → 8'], 'payouts': [16, 960]}}",3.0,6,8,イサチルシーサイド,2021102670,牡3,57.0,木幡初也,67.7,ハナ,0,,34.7,26.3,0,0,2024,1,6,5,1,winter,0,,,0.0,,0,,,,,0,0,0.0,,55.53846153846154,,-1.46153846153846,,1,0,0.0,0,1,0.0,1.0,,short,0.8460529164645124,-1.737013007692295,0.0,-1.5990848047315827,0.0,0.0,0.0,0.0,0.0,0.0,0.0,-0.28347335475692037,0.0,-0.28347335475692037,-0.28347335475692037,-0.07919492155624078,-1.1426670287463345,0.0,-0.28347335475692037,-0.28347335475692037,-0.41803980857497053,1.8658728470829629,-0.41803980857497053,1.8658728470829629
202406010101,2024-01-06,中山,1,一般,"{'win': {'combinations': ['14'], 'payouts': [420]}, 'place': {'combinations': ['14', '7', '16'], 'payouts': [230, 270, 340]}, 'bracket_quinella': {'combinations': ['4 - 7'], 'payouts': [1, 950]}, 'quinella': {'combinations': ['7 - 14'], 'payouts': [2, 30]}, 'wide': {'combinations': ['7 - 14', '14 - 16', '7 - 16'], 'payouts': [750, 1, 110, 1, 910]}, 'exacta': {'combinations': ['14 → 7'], 'payouts': [3, 50]}, 'trio': {'combinations': ['7 - 14 - 16'], 'payouts': [8, 700]}, 'trifecta': {'combinations': ['14 → 7 → 16'], 'payouts': [32, 80]}}",3.0,8,16,セイウンチドリ,2021102685,牝3,55.0,三浦皇成,73.2,2.1/2,0,,38.6,15.3,0,0,2024,1,6,5,1,winter,0,,,0.0,,0,,,,,0,0,0.0,,55.8125,,0.8125,,1,0,0.0,0,1,0.0,1.0,,short,-0.3790468937638338,-1.4624084629598728,0.0,-0.05354846197104121,0.0,0.0,0.0,0.0,0.0,0.0,0.0,-0.28347335475692037,0.0,-0.28347335475692037,-0.28347335475692037,0.1909373108737217,0.6352326574280618,0.0,-0.28347335475692037,-0.28347335475692037,-0.41803980857497053,1.8658728470829629,-0.41803980857497053,1.8658728470829629
202406010101,2024-01-06,中山,1,一般,"{'win': {'combinations': ['14'], 'payouts': [420]}, 'place': {'combinations': ['14', '7', '16'], 'payouts': [230, 270, 340]}, 'bracket_quinella': {'combinations': ['4 - 7'], 'payouts': [1, 950]}, 'quinella': {'combinations': ['7 - 14'], 'payouts': [2, 30]}, 'wide': {'combinations': ['7 - 14', '14 - 16', '7 - 16'], 'payouts': [750, 1, 110, 1, 910]}, 'exacta': {'combinations': ['14 → 7'], 'payouts': [3, 50]}, 'trio': {'combinations': ['7 - 14 - 16'], 'payouts': [8, 700]}, 'trifecta': {'combinations': ['14 → 7 → 16'], 'payouts': [32, 80]}}",5.0,6,12,マニーブルース,2021102752,牡3,57.0,吉田豊,73.3,1,0,,38.1,50.9,0,0,2024,1,6,5,1,winter,0,,,0.0,,0,,,,,0,0,0.0,,55.8125,,-1.1875,,1,0,0.0,0,0,0.0,0.0,,short,0.8460529164645124,-1.4574156530556472,0.0,-0.2516941469403415,0.0,0.0,0.0,0.0,0.0,0.0,0.0,-0.28347335475692037,0.0,-0.28347335475692037,-0.28347335475692037,0.1909373108737217,-0.9284169608563979,0.0,-0.28347335475692037,-0.28347335475692037,-0.41803980857497053,-0.5359422007578724,-0.41803980857497053,-0.5359422007578724
202406010101,2024-01-06,中山,1,一般,"{'win': {'combinations': ['14'], 'payouts': [420]}, 'place': {'combinations': ['14', '7', '16'], 'payouts': [230, 270, 340]}, 'bracket_quinella': {'combinations': ['4 - 7'], 'payouts': [1, 950]}, 'quinella': {'combinations': ['7 - 14'], 'payouts': [2, 30]}, 'wide': {'combinations': ['7 - 14', '14 - 16', '7 - 16'], 'payouts': [750, 1, 110, 1, 910]}, 'exacta': {'combinations': ['14 → 7'], 'payouts': [3, 50]}, 'trio': {'combinations': ['7 - 14 - 16'], 'payouts': [8, 700]}, 'trifecta': {'combinations': ['14 → 7 → 16'], 'payouts': [32, 80]}}",10.0,7,13,クインタレッリ,2021102792,牡3,56.0,永野猛蔵,74.6,3,0,,38.0,125.7,0,0,2024,1,6,5,1,winter,0,,,0.0,,0,,,,,0,0,0.0,,55.8125,,-0.1875,,1,0,0.0,0,0,0.0,0.0,,short,0.23350301135033932,-1.3925091243007113,0.0,-0.2913232839342021,0.0,0.0,0.0,0.0,0.0,0.0,0.0,-0.28347335475692037,0.0,-0.28347335475692037,-0.28347335475692037,0.1909373108737217,-0.146592151714168,0.0,-0.28347335475692037,-0.28347335475692037,-0.41803980857497053,-0.5359422007578724,-0.41803980857497053,-0.5359422007578724
202408010105,2024-01-06,京都,5,一般,"{'win': {'combinations': ['2'], 'payouts': [640]}, 'place': {'combinations': ['2', '3', '1'], 'payouts': [220, 240, 350]}, 'bracket_quinella': {'combinations': ['1 - 2'], 'payouts': [1, 160]}, 'quinella': {'combinations': ['2 - 3'], 'payouts': [1, 960]}, 'wide': {'combinations': ['2 - 3', '1 - 2', '1 - 3'], 'payouts': [790, 990, 1, 50]}, 'exacta': {'combinations': ['2 → 3'], 'payouts': [3, 880]}, 'trio': {'combinations': ['1 - 2 - 3'], 'payouts': [6, 790]}, 'trifecta': {'combinations': ['2 → 3 → 1'], 'payouts': [31, 860]}}",17.0,3,6,ロングレジリエント,2021102816,牡3,57.0,太宰啓介,114.9,大,0,,41.0,650.7,1,0,2024,1,6,5,1,winter,0,,,0.0,,0,,,,,0,0,0.0,,55.888888888888886,,-1.1111111111111143,,1,0,0.0,0,0,0.0,0.0,,short,0.8460529164645124,0.6195932671023091,0.0,0.8975508258815994,0.0,0.0,0.0,0.0,0.0,0.0,0.0,-0.28347335475692037,0.0,-0.28347335475692037,-0.28347335475692037,0.2662373288805117,-0.8686942323802578,0.0,-0.28347335475692037,-0.28347335475692037,-0.41803980857497053,-0.5359422007578724,-0.41803980857497053,-0.5359422007578724
202408010101,2024-01-06,京都,1,一般,"{'win': {'combinations': ['15'], 'payouts': [260]}, 'place': {'combinations': ['15', '3', '6'], 'payouts': [180, 340, 650]}, 'bracket_quinella': {'combinations': ['2 - 8'], 'payouts': [1, 730]}, 'quinella': {'combinations': ['3 - 15'], 'payouts': [2, 830]}, 'wide': {'combinations': ['3 - 15', '6 - 15', '3 - 6'], 'payouts': [1, 50, 1, 110, 3, 350]}, 'exacta': {'combinations': ['15 → 3'], 'payouts': [3, 990]}, 'trio': {'combinations': ['3 - 6 - 15'], 'payouts': [17, 740]}, 'trifecta': {'combinations': ['15 → 3 → 6'], 'payouts': [51, 620]}}",6.0,5,9,メイショウアラセツ,2021102836,牡3,57.0,北村友一,116.3,1/2,0,,39.4,15.0,1,0,2024,1,6,5,1,winter,0,,,0.0,,0,,,,,0,0,0.0,,56.3125,,-0.6875,,1,0,0.0,0,0,0.0,0.0,,short,0.8460529164645124,0.6894926057614706,0.0,0.26348463397983807,0.0,0.0,0.0,0.0,0.0,0.0,0.0,-0.28347335475692037,0.0,-0.28347335475692037,-0.28347335475692037,0.6838101560090948,-0.5375045562852829,0.0,-0.28347335475692037,-0.28347335475692037,-0.41803980857497053,-0.5359422007578724,-0.41803980857497053,-0.5359422007578724
202406010104,2024-01-06,中山,4,一般,"{'win': {'combinations': ['4'], 'payouts': [5, 860]}, 'place': {'combinations': ['4', '5', '2'], 'payouts': [1, 270, 2, 630, 400]}, 'bracket_quinella': {'combinations': ['2 - 3'], 'payouts': [4, 720]}, 'quinella': {'combinations': ['4 - 5'], 'payouts': [153, 810]}, 'wide': {'combinations': ['4 - 5', '2 - 4', '2 - 5'], 'payouts': [32, 360, 5, 480, 8, 690]}, 'exacta': {'combinations': ['4 → 5'], 'payouts': [264, 220]}, 'trio': {'combinations': ['2 - 4 - 5'], 'payouts': [385, 890]}, 'trifecta': {'combinations': ['4 → 5 → 2'], 'payouts': [2, 412, 370]}}",11.0,7,13,タルマイサン,2021102857,牡3,54.0,小林勝太,119.7,1.1/4,0,,39.8,15.4,0,0,2024,1,6,5,1,winter,0,,,0.0,,0,,,,,0,0,0.0,,56.125,,2.125,,1,0,0.0,0,0,0.0,0.0,,short,-0.9915967988780069,0.85924814250515,0.0,0.4220011819552777,0.0,0.0,0.0,0.0,0.0,0.0,0.0,-0.28347335475692037,0.0,-0.28347335475692037,-0.28347335475692037,0.4989828390833299,1.6613777194272383,0.0,-0.28347335475692037,-0.28347335475692037,-0.41803980857497053,-0.5359422007578724,-0.41803980857497053,-0.5359422007578724
202406010105,2024-01-06,中山,5,一般,"{'win': {'combinations': ['15'], 'payouts': [280]}, 'place': {'combinations': ['15', '2', '7'], 'payouts': [130, 160, 140]}, 'bracket_quinella': {'combinations': ['1 - 8'], 'payouts': [890]}, 'quinella': {'combinations': ['2 - 15'], 'payouts': [1, 230]}, 'wide': {'combinations': ['2 - 15', '7 - 15', '2 - 7'], 'payouts': [440, 330, 340]}, 'exacta': {'combinations': ['15 → 2'], 'payouts': [1, 750]}, 'trio': {'combinations': ['2 - 7 - 15'], 'payouts': [1, 240]}, 'trifecta': {'combinations': ['15 → 2 → 7'], 'payouts': [6, 220]}}",16.0,8,17,プティキャドウ,2021102860,牝3,54.0,原優介,124.4,5,0,,38.0,401.2,0,0,2024,1,6,5,1,winter,0,,,0.0,,0,,,,,0,0,0.0,,55.8235294117647,,1.823529411764703,,1,0,0.0,0,0,0.0,0.0,,short,-0.9915967988780069,1.0939102080037653,0.0,-0.2913232839342021,0.0,0.0,0.0,0.0,0.0,0.0,0.0,-0.28347335475692037,0.0,-0.28347335475692037,-0.28347335475692037,0.20180950598699912,1.4256805343181815,0.0,-0.28347335475692037,-0.28347335475692037,-0.41803980857497053,-0.5359422007578724,-0.41803980857497053,-0.5359422007578724
202406010102,2024-01-06,中山,2,一般,"{'win': {'combinations': ['12'], 'payouts': [730]}, 'place': {'combinations': ['12', '7', '11'], 'payouts': [270, 890, 350]}, 'bracket_quinella': {'combinations': ['4 - 6'], 'payouts': [5, 130]}, 'quinella': {'combinations': ['7 - 12'], 'payouts': [11, 190]}, 'wide': {'combinations': ['7 - 12', '11 - 12', '7 - 11'], 'payouts': [1, 890, 1, 130, 4, 380]}, 'exacta': {'combinations': ['12 → 7'], 'payouts': [15, 690]}, 'trio': {'combinations': ['7 - 11 - 12'], 'payouts': [24, 780]}, 'trifecta': {'combinations': ['12 → 7 → 11'], 'payouts': [130, 760]}}",11.0,1,1,マーゴットエクラ,2021102925,牝3,55.0,丸田恭介,119.7,クビ,0,,42.5,152.8,0,0,2024,1,6,5,1,winter,0,,,0.0,,0,,,,,0,0,0.0,,54.0625,,-0.9375,,1,0,0.0,0,0,0.0,0.0,,short,-0.3790468937638338,0.85924814250515,0.0,1.4919878807895002,0.0,0.0,0.0,0.0,0.0,0.0,0.0,-0.28347335475692037,0.0,-0.28347335475692037,-0.28347335475692037,-1.5341176471000841,-0.7329607585708403,0.0,-0.28347335475692037,-0.28347335475692037,-0.41803980857497053,-0.5359422007578724,-0.41803980857497053,-0.5359422007578724
202408010102,2024-01-06,京都,2,一般,"{'win': {'combinations': ['1'], 'payouts': [900]}, 'place': {'combinations': ['1', '3', '15'], 'payouts': [320, 200, 380]}, 'bracket_quinella': {'combinations': ['1 - 2'], 'payouts': [1, 180]}, 'quinella': {'combinations': ['1 - 3'], 'payouts': [2, 860]}, 'wide': {'combinations': ['1 - 3', '1 - 15', '3 - 15'], 'payouts': [1, 130, 2, 800, 1, 30]}, 'exacta': {'combinations': ['1 → 3'], 'payouts': [6, 480]}, 'trio': {'combinations': ['1 - 3 - 15'], 'payouts': [15, 360]}, 'trifecta': {'combinations': ['1 → 3 → 15'], 'payouts': [60, 960]}}",13.0,7,14,ダンツパルス,2021102961,セ3,57.0,国分優作,125.5,ハナ,0,,40.8,343.1,1,0,2024,1,6,5,1,winter,0,,,0.0,,0,,,,,0,0,0.0,,56.625,,-0.375,,1,0,0.0,0,0,0.0,0.0,,short,0.8460529164645124,1.1488311169502494,0.0,0.8182925518938782,0.0,0.0,0.0,0.0,0.0,0.0,0.0,-0.28347335475692037,0.0,-0.28347335475692037,-0.28347335475692037,0.9918556842187031,-0.29318430342833607,0.0,-0.28347335475692037,-0.28347335475692037,-0.41803980857497053,-0.5359422007578724,-0.41803980857497053,-0.5359422007578724
202408010105,2024-01-06,京都,5,一般,"{'win': {'combinations': ['2'], 'payouts': [640]}, 'place': {'combinations': ['2', '3', '1'], 'payouts': [220, 240, 350]}, 'bracket_quinella': {'combinations': ['1 - 2'], 'payouts': [1, 160]}, 'quinella': {'combinations': ['2 - 3'], 'payouts': [1, 960]}, 'wide': {'combinations': ['2 - 3', '1 - 2', '1 - 3'], 'payouts': [790, 990, 1, 50]}, 'exacta': {'combinations': ['2 → 3'], 'payouts': [3, 880]}, 'trio': {'combinations': ['1 - 2 - 3'], 'payouts': [6, 790]}, 'trifecta': {'combinations': ['2 → 3 → 1'], 'payouts': [31, 860]}}",11.0,8,18,ヒルノセビリア,2021103006,牝3,55.0,古川吉洋,110.0,1.1/2,0,,35.8,33.0,1,0,2024,1,6,5,1,winter,0,,,0.0,,0,,,,,0,0,0.0,,55.888888888888886,,0.8888888888888857,,1,0,0.0,0,0,0.0,0.0,,short,-0.3790468937638338,0.37494558179524184,0.0,-1.1631642977991243,0.0,0.0,0.0,0.0,0.0,0.0,0.0,-0.28347335475692037,0.0,-0.28347335475692037,-0.28347335475692037,0.2662373288805117,0.6949553859042019,0.0,-0.28347335475692037,-0.28347335475692037,-0.41803980857497053,-0.5359422007578724,-0.41803980857497053,-0.5359422007578724
202408010102,2024-01-06,京都,2,一般,"{'win': {'combinations': ['1'], 'payouts': [900]}, 'place': {'combinations': ['1', '3', '15'], 'payouts': [320, 200, 380]}, 'bracket_quinella': {'combinations': ['1 - 2'], 'payouts': [1, 180]}, 'quinella': {'combinations': ['1 - 3'], 'payouts': [2, 860]}, 'wide': {'combinations': ['1 - 3', '1 - 15', '3 - 15'], 'payouts': [1, 130, 2, 800, 1, 30]}, 'exacta': {'combinations': ['1 → 3'], 'payouts': [6, 480]}, 'trio': {'combinations': ['1 - 3 - 15'], 'payouts': [15, 360]}, 'trifecta': {'combinations': ['1 → 3 → 15'], 'payouts': [60, 960]}}",5.0,2,4,マテンロウガーデン,2021103023,牡3,57.0,坂井瑠星,124.0,5,0,,40.5,5.7,1,0,2024,1,6,5,1,winter,0,,,0.0,,0,,,,,0,0,0.0,,56.625,,-0.375,,1,0,0.0,0,0,0.0,0.0,,short,0.8460529164645124,1.0739389683868616,0.0,0.6994051409122992,0.0,0.0,0.0,0.0,0.0,0.0,0.0,-0.28347335475692037,0.0,-0.28347335475692037,-0.28347335475692037,0.9918556842187031,-0.29318430342833607,0.0,-0.28347335475692037,-0.28347335475692037,-0.41803980857497053,-0.5359422007578724,-0.41803980857497053,-0.5359422007578724
202406010105,2024-01-06,中山,5,一般,"{'win': {'combinations': ['15'], 'payouts': [280]}, 'place': {'combinations': ['15', '2', '7'], 'payouts': [130, 160, 140]}, 'bracket_quinella': {'combinations': ['1 - 8'], 'payouts': [890]}, 'quinella': {'combinations': ['2 - 15'], 'payouts': [1, 230]}, 'wide': {'combinations': ['2 - 15', '7 - 15', '2 - 7'], 'payouts': [440, 330, 340]}, 'exacta': {'combinations': ['15 → 2'], 'payouts': [1, 750]}, 'trio': {'combinations': ['2 - 7 - 15'], 'payouts': [1, 240]}, 'trifecta': {'combinations': ['15 → 2 → 7'], 'payouts': [6, 220]}}",5.0,8,16,ハイラント,2021103033,牡3,57.0,北村宏司,120.4,クビ,0,,35.4,306.7,0,0,2024,1,6,5,1,winter,0,,,0.0,,0,,,,,0,0,0.0,,55.8235294117647,,-1.176470588235297,,1,0,0.0,0,0,0.0,0.0,,short,0.8460529164645124,0.8941978118347311,0.0,-1.321680845774564,0.0,0.0,0.0,0.0,0.0,0.0,0.0,-0.28347335475692037,0.0,-0.28347335475692037,-0.28347335475692037,0.20180950598699912,-0.9197938931085079,0.0,-0.28347335475692037,-0.28347335475692037,-0.41803980857497053,-0.5359422007578724,-0.41803980857497053,-0.5359422007578724
202408010104,2024-01-06,京都,4,一般,"{'win': {'combinations': ['6'], 'payouts': [360]}, 'place': {'combinations': ['6', '12', '4'], 'payouts': [160, 260, 140]}, 'bracket_quinella': {'combinations': ['3 - 6'], 'payouts': [1, 810]}, 'quinella': {'combinations': ['6 - 12'], 'payouts': [2, 150]}, 'wide': {'combinations': ['6 - 12', '4 - 6', '4 - 12'], 'payouts': [740, 320, 800]}, 'exacta': {'combinations': ['6 → 12'], 'payouts': [3, 340]}, 'trio': {'combinations': ['4 - 6 - 12'], 'payouts': [2, 310]}, 'trifecta': {'combinations': ['6 → 12 → 4'], 'payouts': [13, 440]}}",8.0,1,1,エクササイズ,2021103099,牡3,53.0,河原田菜,118.1,1.1/4,0,,37.7,103.9,1,0,2024,1,6,5,1,winter,0,,,0.0,,0,,,,,0,0,0.0,,56.3125,,3.3125,,1,0,0.0,0,0,0.0,0.0,,short,-1.60414670399218,0.7793631840375359,0.0,-0.4102106949157811,0.0,0.0,0.0,0.0,0.0,0.0,0.0,-0.28347335475692037,0.0,-0.28347335475692037,-0.28347335475692037,0.6838101560090948,2.589794680283636,0.0,-0.28347335475692037,-0.28347335475692037,-0.41803980857497053,-0.5359422007578724,-0.41803980857497053,-0.5359422007578724
202406010103,2024-01-06,中山,3,一般,"{'win': {'combinations': ['15'], 'payouts': [1, 120]}, 'place': {'combinations': ['15', '12', '5'], 'payouts': [360, 250, 2, 480]}, 'bracket_quinella': {'combinations': ['6 - 8'], 'payouts': [1, 860]}, 'quinella': {'combinations': ['12 - 15'], 'payouts': [3, 660]}, 'wide': {'combinations': ['12 - 15', '5 - 15', '5 - 12'], 'payouts': [1, 190, 12, 110, 7, 380]}, 'exacta': {'combinations': ['15 → 12'], 'payouts': [7, 320]}, 'trio': {'combinations': ['5 - 12 - 15'], 'payouts': [103, 610]}, 'trifecta': {'combinations': ['15 → 12 → 5'], 'payouts': [523, 620]}}",15.0,3,6,キャラメルコード,2021103100,牝3,55.0,杉原誠人,75.7,アタマ,0,,38.6,181.5,0,0,2024,1,6,5,1,winter,0,,,0.0,,0,,,,,0,0,0.0,,55.3125,,0.3125,,1,0,0.0,0,0,0.0,0.0,,short,-0.3790468937638338,-1.3375882153542265,0.0,-0.05354846197104121,0.0,0.0,0.0,0.0,0.0,0.0,0.0,-0.28347335475692037,0.0,-0.28347335475692037,-0.28347335475692037,-0.3019355342616514,0.2443202528569469,0.0,-0.28347335475692037,-0.28347335475692037,-0.41803980857497053,-0.5359422007578724,-0.41803980857497053,-0.5359422007578724
202406010101,2024-01-06,中山,1,一般,"{'win': {'combinations': ['14'], 'payouts': [420]}, 'place': {'combinations': ['14', '7', '16'], 'payouts': [230, 270, 340]}, 'bracket_quinella': {'combinations': ['4 - 7'], 'payouts': [1, 950]}, 'quinella': {'combinations': ['7 - 14'], 'payouts': [2, 30]}, 'wide': {'combinations': ['7 - 14', '14 - 16', '7 - 16'], 'payouts': [750, 1, 110, 1, 910]}, 'exacta': {'combinations': ['14 → 7'], 'payouts': [3, 50]}, 'trio': {'combinations': ['7 - 14 - 16'], 'payouts': [8, 700]}, 'trifecta': {'combinations': ['14 → 7 → 16'], 'payouts': [32, 80]}}",8.0,6,11,イデアガウディ,2021103105,牡3,57.0,横山武史,73.9,3/4,0,,39.9,3.3,0,0,2024,1,6,5,1,winter,0,,,0.0,,0,,,,,0,0,0.0,,55.8125,,-1.1875,,1,0,0.0,0,0,0.0,0.0,,short,0.8460529164645124,-1.4274587936302918,0.0,0.4616303189491383,0.0,0.0,0.0,0.0,0.0,0.0,0.0,-0.28347335475692037,0.0,-0.28347335475692037,-0.28347335475692037,0.1909373108737217,-0.9284169608563979,0.0,-0.28347335475692037,-0.28347335475692037,-0.41803980857497053,-0.5359422007578724,-0.41803980857497053,-0.5359422007578724
202406010104,2024-01-06,中山,4,一般,"{'win': {'combinations': ['4'], 'payouts': [5, 860]}, 'place': {'combinations': ['4', '5', '2'], 'payouts': [1, 270, 2, 630, 400]}, 'bracket_quinella': {'combinations': ['2 - 3'], 'payouts': [4, 720]}, 'quinella': {'combinations': ['4 - 5'], 'payouts': [153, 810]}, 'wide': {'combinations': ['4 - 5', '2 - 4', '2 - 5'], 'payouts': [32, 360, 5, 480, 8, 690]}, 'exacta': {'combinations': ['4 → 5'], 'payouts': [264, 220]}, 'trio': {'combinations': ['2 - 4 - 5'], 'payouts': [385, 890]}, 'trifecta': {'combinations': ['4 → 5 → 2'], 'payouts': [2, 412, 370]}}",2.0,3,5,ラブラドライト,2021103109,牡3,55.0,小林脩斗,117.9,クビ,0,,39.8,117.6,0,0,2024,1,6,5,1,winter,0,,,0.0,,0,,,,,0,0,0.0,,56.125,,1.125,,1,0,0.0,1,1,1.0,1.0,,short,-0.3790468937638338,0.7693775642290848,0.0,0.4220011819552777,0.0,0.0,0.0,0.0,0.0,0.0,0.0,-0.28347335475692037,0.0,-0.28347335475692037,-0.28347335475692037,0.4989828390833299,0.8795529102850085,0.0,-0.28347335475692037,-0.28347335475692037,2.39211668240122,1.8658728470829629,2.39211668240122,1.8658728470829629
202406010104,2024-01-06,中山,4,一般,"{'win': {'combinations': ['4'], 'payouts': [5, 860]}, 'place': {'combinations': ['4', '5', '2'], 'payouts': [1, 270, 2, 630, 400]}, 'bracket_quinella': {'combinations': ['2 - 3'], 'payouts': [4, 720]}, 'quinella': {'combinations': ['4 - 5'], 'payouts': [153, 810]}, 'wide': {'combinations': ['4 - 5', '2 - 4', '2 - 5'], 'payouts': [32, 360, 5, 480, 8, 690]}, 'exacta': {'combinations': ['4 → 5'], 'payouts': [264, 220]}, 'trio': {'combinations': ['2 - 4 - 5'], 'payouts': [385, 890]}, 'trifecta': {'combinations': ['4 → 5 → 2'], 'payouts': [2, 412, 370]}}",3.0,1,2,タイキオナード,2021103169,牡3,56.0,原優介,118.1,1.1/2,0,,39.3,13.9,0,0,2024,1,6,5,1,winter,0,,,0.0,,0,,,,,0,0,0.0,,56.125,,0.125,,1,0,0.0,0,1,0.0,1.0,,short,0.23350301135033932,0.7793631840375359,0.0,0.22385549698597745,0.0,0.0,0.0,0.0,0.0,0.0,0.0,-0.28347335475692037,0.0,-0.28347335475692037,-0.28347335475692037,0.4989828390833299,0.09772810114277881,0.0,-0.28347335475692037,-0.28347335475692037,-0.41803980857497053,1.8658728470829629,-0.41803980857497053,1.8658728470829629
202406010102,2024-01-06,中山,2,一般,"{'win': {'combinations': ['12'], 'payouts': [730]}, 'place': {'combinations': ['12', '7', '11'], 'payouts': [270, 890, 350]}, 'bracket_quinella': {'combinations': ['4 - 6'], 'payouts': [5, 130]}, 'quinella': {'combinations': ['7 - 12'], 'payouts': [11, 190]}, 'wide': {'combinations': ['7 - 12', '11 - 12', '7 - 11'], 'payouts': [1, 890, 1, 130, 4, 380]}, 'exacta': {'combinations': ['12 → 7'], 'payouts': [15, 690]}, 'trio': {'combinations': ['7 - 11 - 12'], 'payouts': [24, 780]}, 'trifecta': {'combinations': ['12 → 7 → 11'], 'payouts': [130, 760]}}",10.0,5,10,アートハラン,2021103174,牝3,55.0,キング,119.6,1.3/4,0,,42.2,102.7,0,0,2024,1,6,5,1,winter,0,,,0.0,,0,,,,,0,0,0.0,,54.0625,,-0.9375,,1,0,0.0,0,0,0.0,0.0,,short,-0.3790468937638338,0.8542553326009237,0.0,1.3731004698079212,0.0,0.0,0.0,0.0,0.0,0.0,0.0,-0.28347335475692037,0.0,-0.28347335475692037,-0.28347335475692037,-1.5341176471000841,-0.7329607585708403,0.0,-0.28347335475692037,-0.28347335475692037,-0.41803980857497053,-0.5359422007578724,-0.41803980857497053,-0.5359422007578724
202406010101,2024-01-06,中山,1,一般,"{'win': {'combinations': ['14'], 'payouts': [420]}, 'place': {'combinations': ['14', '7', '16'], 'payouts': [230, 270, 340]}, 'bracket_quinella': {'combinations': ['4 - 7'], 'payouts': [1, 950]}, 'quinella': {'combinations': ['7 - 14'], 'payouts': [2, 30]}, 'wide': {'combinations': ['7 - 14', '14 - 16', '7 - 16'], 'payouts': [750, 1, 110, 1, 910]}, 'exacta': {'combinations': ['14 → 7'], 'payouts': [3, 50]}, 'trio': {'combinations': ['7 - 14 - 16'], 'payouts': [8, 700]}, 'trifecta': {'combinations': ['14 → 7 → 16'], 'payouts': [32, 80]}}",16.0,1,1,コーストガード,2021103189,牡3,54.0,佐藤翔馬,76.8,3.1/2,0,,39.6,421.5,0,0,2024,1,6,5,1,winter,0,,,0.0,,0,,,,,0,0,0.0,,55.8125,,1.8125,,1,0,0.0,0,0,0.0,0.0,,short,-0.9915967988780069,-1.2826673064077423,0.0,0.3427429079675593,0.0,0.0,0.0,0.0,0.0,0.0,0.0,-0.28347335475692037,0.0,-0.28347335475692037,-0.28347335475692037,0.1909373108737217,1.4170574665702915,0.0,-0.28347335475692037,-0.28347335475692037,-0.41803980857497053,-0.5359422007578724,-0.41803980857497053,-0.5359422007578724
202406010105,2024-01-06,中山,5,一般,"{'win': {'combinations': ['15'], 'payouts': [280]}, 'place': {'combinations': ['15', '2', '7'], 'payouts': [130, 160, 140]}, 'bracket_quinella': {'combinations': ['1 - 8'], 'payouts': [890]}, 'quinella': {'combinations': ['2 - 15'], 'payouts': [1, 230]}, 'wide': {'combinations': ['2 - 15', '7 - 15', '2 - 7'], 'payouts': [440, 330, 340]}, 'exacta': {'combinations': ['15 → 2'], 'payouts': [1, 750]}, 'trio': {'combinations': ['2 - 7 - 15'], 'payouts': [1, 240]}, 'trifecta': {'combinations': ['15 → 2 → 7'], 'payouts': [6, 220]}}",10.0,3,6,フェスティヴカレン,2021103193,牝3,55.0,江田照男,121.3,1.3/4,0,,36.0,489.1,0,0,2024,1,6,5,1,winter,0,,,0.0,,0,,,,,0,0,0.0,,55.8235294117647,,0.823529411764703,,1,0,0.0,0,0,0.0,0.0,,short,-0.3790468937638338,0.9391331009727634,0.0,-1.083906023811403,0.0,0.0,0.0,0.0,0.0,0.0,0.0,-0.28347335475692037,0.0,-0.28347335475692037,-0.28347335475692037,0.20180950598699912,0.6438557251759517,0.0,-0.28347335475692037,-0.28347335475692037,-0.41803980857497053,-0.5359422007578724,-0.41803980857497053,-0.5359422007578724
202406010105,2024-01-06,中山,5,一般,"{'win': {'combinations': ['15'], 'payouts': [280]}, 'place': {'combinations': ['15', '2', '7'], 'payouts': [130, 160, 140]}, 'bracket_quinella': {'combinations': ['1 - 8'], 'payouts': [890]}, 'quinella': {'combinations': ['2 - 15'], 'payouts': [1, 230]}, 'wide': {'combinations': ['2 - 15', '7 - 15', '2 - 7'], 'payouts': [440, 330, 340]}, 'exacta': {'combinations': ['15 → 2'], 'payouts': [1, 750]}, 'trio': {'combinations': ['2 - 7 - 15'], 'payouts': [1, 240]}, 'trifecta': {'combinations': ['15 → 2 → 7'], 'payouts': [6, 220]}}",14.0,5,9,ハルノドゥミプリエ,2021103198,牝3,54.0,秋山稔樹,122.2,5,0,,36.7,444.3,0,0,2024,1,6,5,1,winter,0,,,0.0,,0,,,,,0,0,0.0,,55.8235294117647,,1.823529411764703,,1,0,0.0,0,0,0.0,0.0,,short,-0.9915967988780069,0.9840683901107964,0.0,-0.8065020648543816,0.0,0.0,0.0,0.0,0.0,0.0,0.0,-0.28347335475692037,0.0,-0.28347335475692037,-0.28347335475692037,0.20180950598699912,1.4256805343181815,0.0,-0.28347335475692037,-0.28347335475692037,-0.41803980857497053,-0.5359422007578724,-0.41803980857497053,-0.5359422007578724
202408010105,2024-01-06,京都,5,一般,"{'win': {'combinations': ['2'], 'payouts': [640]}, 'place': {'combinations': ['2', '3', '1'], 'payouts': [220, 240, 350]}, 'bracket_quinella': {'combinations': ['1 - 2'], 'payouts': [1, 160]}, 'quinella': {'combinations': ['2 - 3'], 'payouts': [1, 960]}, 'wide': {'combinations': ['2 - 3', '1 - 2', '1 - 3'], 'payouts': [790, 990, 1, 50]}, 'exacta': {'combinations': ['2 → 3'], 'payouts': [3, 880]}, 'trio': {'combinations': ['1 - 2 - 3'], 'payouts': [6, 790]}, 'trifecta': {'combinations': ['2 → 3 → 1'], 'payouts': [31, 860]}}",9.0,8,17,ジャズ,2021103227,牡3,57.0,岩田望来,109.7,2,0,,35.6,16.4,1,0,2024,1,6,5,1,winter,0,,,0.0,,0,,,,,0,0,0.0,,55.888888888888886,,-1.1111111111111143,,1,0,0.0,0,0,0.0,0.0,,short,0.8460529164645124,0.3599671520825644,0.0,-1.2424225717868427,0.0,0.0,0.0,0.0,0.0,0.0,0.0,-0.28347335475692037,0.0,-0.28347335475692037,-0.28347335475692037,0.2662373288805117,-0.8686942323802578,0.0,-0.28347335475692037,-0.28347335475692037,-0.41803980857497053,-0.5359422007578724,-0.41803980857497053,-0.5359422007578724
202408010104,2024-01-06,京都,4,一般,"{'win': {'combinations': ['6'], 'payouts': [360]}, 'place': {'combinations': ['6', '12', '4'], 'payouts': [160, 260, 140]}, 'bracket_quinella': {'combinations': ['3 - 6'], 'payouts': [1, 810]}, 'quinella': {'combinations': ['6 - 12'], 'payouts': [2, 150]}, 'wide': {'combinations': ['6 - 12', '4 - 6', '4 - 12'], 'payouts': [740, 320, 800]}, 'exacta': {'combinations': ['6 → 12'], 'payouts': [3, 340]}, 'trio': {'combinations': ['4 - 6 - 12'], 'payouts': [2, 310]}, 'trifecta': {'combinations': ['6 → 12 → 4'], 'payouts': [13, 440]}}",11.0,1,2,ジャスティンライズ,2021103237,牡3,57.0,松山弘平,119.2,3/4,0,,38.4,6.2,1,0,2024,1,6,5,1,winter,0,,,0.0,,0,,,,,0,0,0.0,,56.3125,,-0.6875,,1,0,0.0,0,0,0.0,0.0,,short,0.8460529164645124,0.8342840929840207,0.0,-0.13280673595876244,0.0,0.0,0.0,0.0,0.0,0.0,0.0,-0.28347335475692037,0.0,-0.28347335475692037,-0.28347335475692037,0.6838101560090948,-0.5375045562852829,0.0,-0.28347335475692037,-0.28347335475692037,-0.41803980857497053,-0.5359422007578724,-0.41803980857497053,-0.5359422007578724
202408010101,2024-01-06,京都,1,一般,"{'win': {'combinations': ['15'], 'payouts': [260]}, 'place': {'combinations': ['15', '3', '6'], 'payouts': [180, 340, 650]}, 'bracket_quinella': {'combinations': ['2 - 8'], 'payouts': [1, 730]}, 'quinella': {'combinations': ['3 - 15'], 'payouts': [2, 830]}, 'wide': {'combinations': ['3 - 15', '6 - 15', '3 - 6'], 'payouts': [1, 50, 1, 110, 3, 350]}, 'exacta': {'combinations': ['15 → 3'], 'payouts': [3, 990]}, 'trio': {'combinations': ['3 - 6 - 15'], 'payouts': [17, 740]}, 'trifecta': {'combinations': ['15 → 3 → 6'], 'payouts': [51, 620]}}",8.0,3,5,フォートポータル,2021103251,セ3,57.0,国分優作,116.5,1/2,0,,39.9,32.9,1,0,2024,1,6,5,1,winter,0,,,0.0,,0,,,,,0,0,0.0,,56.3125,,-0.6875,,1,0,0.0,0,0,0.0,0.0,,short,0.8460529164645124,0.6994782255699225,0.0,0.4616303189491383,0.0,0.0,0.0,0.0,0.0,0.0,0.0,-0.28347335475692037,0.0,-0.28347335475692037,-0.28347335475692037,0.6838101560090948,-0.5375045562852829,0.0,-0.28347335475692037,-0.28347335475692037,-0.41803980857497053,-0.5359422007578724,-0.41803980857497053,-0.5359422007578724
202408010101,2024-01-06,京都,1,一般,"{'win': {'combinations': ['15'], 'payouts': [260]}, 'place': {'combinations': ['15', '3', '6'], 'payouts': [180, 340, 650]}, 'bracket_quinella': {'combinations': ['2 - 8'], 'payouts': [1, 730]}, 'quinella': {'combinations': ['3 - 15'], 'payouts': [2, 830]}, 'wide': {'combinations': ['3 - 15', '6 - 15', '3 - 6'], 'payouts': [1, 50, 1, 110, 3, 350]}, 'exacta': {'combinations': ['15 → 3'], 'payouts': [3, 990]}, 'trio': {'combinations': ['3 - 6 - 15'], 'payouts': [17, 740]}, 'trifecta': {'combinations': ['15 → 3 → 6'], 'payouts': [51, 620]}}",9.0,7,13,メイショウマツリ,2021103270,牡3,54.0,永島まな,116.6,1/2,0,,38.8,19.8,1,0,2024,1,6,5,1,winter,0,,,0.0,,0,,,,,0,0,0.0,,56.3125,,2.3125,,1,0,0.0,0,0,0.0,0.0,,short,-0.9915967988780069,0.704471035474148,0.0,0.0257098120166772,0.0,0.0,0.0,0.0,0.0,0.0,0.0,-0.28347335475692037,0.0,-0.28347335475692037,-0.28347335475692037,0.6838101560090948,1.8079698711414063,0.0,-0.28347335475692037,-0.28347335475692037,-0.41803980857497053,-0.5359422007578724,-0.41803980857497053,-0.5359422007578724
202406010103,2024-01-06,中山,3,一般,"{'win': {'combinations': ['15'], 'payouts': [1, 120]}, 'place': {'combinations': ['15', '12', '5'], 'payouts': [360, 250, 2, 480]}, 'bracket_quinella': {'combinations': ['6 - 8'], 'payouts': [1, 860]}, 'quinella': {'combinations': ['12 - 15'], 'payouts': [3, 660]}, 'wide': {'combinations': ['12 - 15', '5 - 15', '5 - 12'], 'payouts': [1, 190, 12, 110, 7, 380]}, 'exacta': {'combinations': ['15 → 12'], 'payouts': [7, 320]}, 'trio': {'combinations': ['5 - 12 - 15'], 'payouts': [103, 610]}, 'trifecta': {'combinations': ['15 → 12 → 5'], 'payouts': [523, 620]}}",6.0,5,10,マンマミーア,2021103317,牡3,57.0,柴田大知,74.5,1.1/2,0,,39.5,4.9,0,0,2024,1,6,5,1,winter,0,,,0.0,,0,,,,,0,0,0.0,,55.3125,,-1.6875,,1,0,0.0,0,0,0.0,0.0,,short,0.8460529164645124,-1.3975019342049368,0.0,0.3031137709736987,0.0,0.0,0.0,0.0,0.0,0.0,0.0,-0.28347335475692037,0.0,-0.28347335475692037,-0.28347335475692037,-0.3019355342616514,-1.3193293654275127,0.0,-0.28347335475692037,-0.28347335475692037,-0.41803980857497053,-0.5359422007578724,-0.41803980857497053,-0.5359422007578724
202406010103,2024-01-06,中山,3,一般,"{'win': {'combinations': ['15'], 'payouts': [1, 120]}, 'place': {'combinations': ['15', '12', '5'], 'payouts': [360, 250, 2, 480]}, 'bracket_quinella': {'combinations': ['6 - 8'], 'payouts': [1, 860]}, 'quinella': {'combinations': ['12 - 15'], 'payouts': [3, 660]}, 'wide': {'combinations': ['12 - 15', '5 - 15', '5 - 12'], 'payouts': [1, 190, 12, 110, 7, 380]}, 'exacta': {'combinations': ['15 → 12'], 'payouts': [7, 320]}, 'trio': {'combinations': ['5 - 12 - 15'], 'payouts': [103, 610]}, 'trifecta': {'combinations': ['15 → 12 → 5'], 'payouts': [523, 620]}}",3.0,3,5,ミューシグ,2021103326,牝3,55.0,黛弘人,73.9,2,0,,37.4,121.5,0,0,2024,1,6,5,1,winter,0,,,0.0,,0,,,,,0,0,0.0,,55.3125,,0.3125,,1,0,0.0,0,1,0.0,1.0,,short,-0.3790468937638338,-1.4274587936302918,0.0,-0.529098105897363,0.0,0.0,0.0,0.0,0.0,0.0,0.0,-0.28347335475692037,0.0,-0.28347335475692037,-0.28347335475692037,-0.3019355342616514,0.2443202528569469,0.0,-0.28347335475692037,-0.28347335475692037,-0.41803980857497053,1.8658728470829629,-0.41803980857497053,1.8658728470829629
202408010101,2024-01-06,京都,1,一般,"{'win': {'combinations': ['15'], 'payouts': [260]}, 'place': {'combinations': ['15', '3', '6'], 'payouts': [180, 340, 650]}, 'bracket_quinella': {'combinations': ['2 - 8'], 'payouts': [1, 730]}, 'quinella': {'combinations': ['3 - 15'], 'payouts': [2, 830]}, 'wide': {'combinations': ['3 - 15', '6 - 15', '3 - 6'], 'payouts': [1, 50, 1, 110, 3, 350]}, 'exacta': {'combinations': ['15 → 3'], 'payouts': [3, 990]}, 'trio': {'combinations': ['3 - 6 - 15'], 'payouts': [17, 740]}, 'trifecta': {'combinations': ['15 → 3 → 6'], 'payouts': [51, 620]}}",16.0,4,7,タイセイサクシード,2021103496,牡3,57.0,菱田裕二,119.3,1/2,0,,41.5,334.0,1,0,2024,1,6,5,1,winter,0,,,0.0,,0,,,,,0,0,0.0,,56.3125,,-0.6875,,1,0,0.0,0,0,0.0,0.0,,short,0.8460529164645124,0.8392769028882463,0.0,1.0956965108508998,0.0,0.0,0.0,0.0,0.0,0.0,0.0,-0.28347335475692037,0.0,-0.28347335475692037,-0.28347335475692037,0.6838101560090948,-0.5375045562852829,0.0,-0.28347335475692037,-0.28347335475692037,-0.41803980857497053,-0.5359422007578724,-0.41803980857497053,-0.5359422007578724
202406010103,2024-01-06,中山,3,一般,"{'win': {'combinations': ['15'], 'payouts': [1, 120]}, 'place': {'combinations': ['15', '12', '5'], 'payouts': [360, 250, 2, 480]}, 'bracket_quinella': {'combinations': ['6 - 8'], 'payouts': [1, 860]}, 'quinella': {'combinations': ['12 - 15'], 'payouts': [3, 660]}, 'wide': {'combinations': ['12 - 15', '5 - 15', '5 - 12'], 'payouts': [1, 190, 12, 110, 7, 380]}, 'exacta': {'combinations': ['15 → 12'], 'payouts': [7, 320]}, 'trio': {'combinations': ['5 - 12 - 15'], 'payouts': [103, 610]}, 'trifecta': {'combinations': ['15 → 12 → 5'], 'payouts': [523, 620]}}",9.0,8,16,ホウオウバラード,2021103511,牡3,57.0,吉田豊,74.7,クビ,0,,40.0,18.4,0,0,2024,1,6,5,1,winter,0,,,0.0,,0,,,,,0,0,0.0,,55.3125,,-1.6875,,1,0,0.0,0,0,0.0,0.0,,short,0.8460529164645124,-1.387516314396485,0.0,0.5012594559429989,0.0,0.0,0.0,0.0,0.0,0.0,0.0,-0.28347335475692037,0.0,-0.28347335475692037,-0.28347335475692037,-0.3019355342616514,-1.3193293654275127,0.0,-0.28347335475692037,-0.28347335475692037,-0.41803980857497053,-0.5359422007578724,-0.41803980857497053,-0.5359422007578724
202406010107,2024-01-06,中山,7,一般,"{'win': {'combinations': ['5'], 'payouts': [480]}, 'place': {'combinations': ['5', '3', '8'], 'payouts': [170, 120, 470]}, 'bracket_quinella': {'combinations': ['3 - 4'], 'payouts': [500]}, 'quinella': {'combinations': ['3 - 5'], 'payouts': [590]}, 'wide': {'combinations': ['3 - 5', '5 - 8', '3 - 8'], 'payouts': [260, 1, 450, 870]}, 'exacta': {'combinations': ['5 → 3'], 'payouts': [1, 440]}, 'trio': {'combinations': ['3 - 5 - 8'], 'payouts': [3, 400]}, 'trifecta': {'combinations': ['5 → 3 → 8'], 'payouts': [16, 960]}}",11.0,8,12,イスラアズール,2021103552,牡3,53.0,小林美駒,68.7,1,0,,34.9,25.9,0,0,2024,1,6,5,1,winter,0,,,0.0,,0,,,,,0,0,0.0,,55.53846153846154,,2.53846153846154,,1,0,0.0,0,0,0.0,0.0,,short,-1.60414670399218,-1.6870849086500364,0.0,-1.5198265307438643,0.0,0.0,0.0,0.0,0.0,0.0,0.0,-0.28347335475692037,0.0,-0.28347335475692037,-0.28347335475692037,-0.07919492155624078,1.9846322078225846,0.0,-0.28347335475692037,-0.28347335475692037,-0.41803980857497053,-0.5359422007578724,-0.41803980857497053,-0.5359422007578724
202408010103,2024-01-06,京都,3,一般,"{'win': {'combinations': ['8'], 'payouts': [360]}, 'place': {'combinations': ['8', '12', '2'], 'payouts': [130, 150, 180]}, 'bracket_quinella': {'combinations': ['4 - 6'], 'payouts': [300]}, 'quinella': {'combinations': ['8 - 12'], 'payouts': [800]}, 'wide': {'combinations': ['8 - 12', '2 - 8', '2 - 12'], 'payouts': [330, 490, 660]}, 'exacta': {'combinations': ['8 → 12'], 'payouts': [1, 490]}, 'trio': {'combinations': ['2 - 8 - 12'], 'payouts': [2, 140]}, 'trifecta': {'combinations': ['8 → 12 → 2'], 'payouts': [7, 480]}}",1.0,4,8,オアシスドール,2021103583,牝3,55.0,坂井瑠星,85.8,nan,0,,37.8,3.6,1,0,2024,1,6,5,1,winter,0,,,0.0,,1,,,,,0,1,1.0,,54.1875,,-0.8125,,1,1,1.0,1,1,1.0,1.0,,short,-0.3790468937638338,-0.8333144150274153,0.0,-0.3705815579219233,0.0,0.0,0.0,0.0,0.0,0.0,0.0,3.527668414752787,0.0,3.527668414752787,3.527668414752787,-1.410899435816241,-0.6352326574280616,0.0,3.527668414752787,3.527668414752787,2.39211668240122,1.8658728470829629,2.39211668240122,1.8658728470829629
202406010104,2024-01-06,中山,4,一般,"{'win': {'combinations': ['4'], 'payouts': [5, 860]}, 'place': {'combinations': ['4', '5', '2'], 'payouts': [1, 270, 2, 630, 400]}, 'bracket_quinella': {'combinations': ['2 - 3'], 'payouts': [4, 720]}, 'quinella': {'combinations': ['4 - 5'], 'payouts': [153, 810]}, 'wide': {'combinations': ['4 - 5', '2 - 4', '2 - 5'], 'payouts': [32, 360, 5, 480, 8, 690]}, 'exacta': {'combinations': ['4 → 5'], 'payouts': [264, 220]}, 'trio': {'combinations': ['2 - 4 - 5'], 'payouts': [385, 890]}, 'trifecta': {'combinations': ['4 → 5 → 2'], 'payouts': [2, 412, 370]}}",15.0,3,6,エコロブレード,2021103713,牡3,57.0,横山武史,120.0,1/2,0,,39.4,3.7,0,0,2024,1,6,5,1,winter,0,,,0.0,,0,,,,,0,0,0.0,,56.125,,-0.875,,1,0,0.0,0,0,0.0,0.0,,short,0.8460529164645124,0.8742265722178274,0.0,0.26348463397983807,0.0,0.0,0.0,0.0,0.0,0.0,0.0,-0.28347335475692037,0.0,-0.28347335475692037,-0.28347335475692037,0.4989828390833299,-0.684096707999451,0.0,-0.28347335475692037,-0.28347335475692037,-0.41803980857497053,-0.5359422007578724,-0.41803980857497053,-0.5359422007578724
202406010103,2024-01-06,中山,3,一般,"{'win': {'combinations': ['15'], 'payouts': [1, 120]}, 'place': {'combinations': ['15', '12', '5'], 'payouts': [360, 250, 2, 480]}, 'bracket_quinella': {'combinations': ['6 - 8'], 'payouts': [1, 860]}, 'quinella': {'combinations': ['12 - 15'], 'payouts': [3, 660]}, 'wide': {'combinations': ['12 - 15', '5 - 15', '5 - 12'], 'payouts': [1, 190, 12, 110, 7, 380]}, 'exacta': {'combinations': ['15 → 12'], 'payouts': [7, 320]}, 'trio': {'combinations': ['5 - 12 - 15'], 'payouts': [103, 610]}, 'trifecta': {'combinations': ['15 → 12 → 5'], 'payouts': [523, 620]}}",2.0,6,12,マンウォル,2021103744,牝3,55.0,菊沢一樹,73.5,ハナ,0,,37.8,7.7,0,0,2024,1,6,5,1,winter,0,,,0.0,,0,,,,,0,0,0.0,,55.3125,,0.3125,,1,0,0.0,1,1,1.0,1.0,,short,-0.3790468937638338,-1.4474300332471954,0.0,-0.3705815579219233,0.0,0.0,0.0,0.0,0.0,0.0,0.0,-0.28347335475692037,0.0,-0.28347335475692037,-0.28347335475692037,-0.3019355342616514,0.2443202528569469,0.0,-0.28347335475692037,-0.28347335475692037,2.39211668240122,1.8658728470829629,2.39211668240122,1.8658728470829629
202406010102,2024-01-06,中山,2,一般,"{'win': {'combinations': ['12'], 'payouts': [730]}, 'place': {'combinations': ['12', '7', '11'], 'payouts': [270, 890, 350]}, 'bracket_quinella': {'combinations': ['4 - 6'], 'payouts': [5, 130]}, 'quinella': {'combinations': ['7 - 12'], 'payouts': [11, 190]}, 'wide': {'combinations': ['7 - 12', '11 - 12', '7 - 11'], 'payouts': [1, 890, 1, 130, 4, 380]}, 'exacta': {'combinations': ['12 → 7'], 'payouts': [15, 690]}, 'trio': {'combinations': ['7 - 11 - 12'], 'payouts': [24, 780]}, 'trifecta': {'combinations': ['12 → 7 → 11'], 'payouts': [130, 760]}}",9.0,8,15,マツリボタン,2021103758,牝3,53.0,小林凌大,119.3,2.1/2,0,,41.6,125.9,0,0,2024,1,6,5,1,winter,0,,,0.0,,0,,,,,0,0,0.0,,54.0625,,1.0625,,1,0,0.0,0,0,0.0,0.0,,short,-1.60414670399218,0.8392769028882463,0.0,1.1353256478447604,0.0,0.0,0.0,0.0,0.0,0.0,0.0,-0.28347335475692037,0.0,-0.28347335475692037,-0.28347335475692037,-1.5341176471000841,0.8306888597136192,0.0,-0.28347335475692037,-0.28347335475692037,-0.41803980857497053,-0.5359422007578724,-0.41803980857497053,-0.5359422007578724
202408010102,2024-01-06,京都,2,一般,"{'win': {'combinations': ['1'], 'payouts': [900]}, 'place': {'combinations': ['1', '3', '15'], 'payouts': [320, 200, 380]}, 'bracket_quinella': {'combinations': ['1 - 2'], 'payouts': [1, 180]}, 'quinella': {'combinations': ['1 - 3'], 'payouts': [2, 860]}, 'wide': {'combinations': ['1 - 3', '1 - 15', '3 - 15'], 'payouts': [1, 130, 2, 800, 1, 30]}, 'exacta': {'combinations': ['1 → 3'], 'payouts': [6, 480]}, 'trio': {'combinations': ['1 - 3 - 15'], 'payouts': [15, 360]}, 'trifecta': {'combinations': ['1 → 3 → 15'], 'payouts': [60, 960]}}",15.0,4,8,シュヴァイゲン,2021103886,牡3,57.0,ルメート,128.6,大,0,,44.2,54.6,1,0,2024,1,6,5,1,winter,0,,,0.0,,0,,,,,0,0,0.0,,56.625,,-0.375,,1,0,0.0,0,0,0.0,0.0,,short,0.8460529164645124,1.3036082239812508,0.0,2.165683209685122,0.0,0.0,0.0,0.0,0.0,0.0,0.0,-0.28347335475692037,0.0,-0.28347335475692037,-0.28347335475692037,0.9918556842187031,-0.29318430342833607,0.0,-0.28347335475692037,-0.28347335475692037,-0.41803980857497053,-0.5359422007578724,-0.41803980857497053,-0.5359422007578724
202408010102,2024-01-06,京都,2,一般,"{'win': {'combinations': ['1'], 'payouts': [900]}, 'place': {'combinations': ['1', '3', '15'], 'payouts': [320, 200, 380]}, 'bracket_quinella': {'combinations': ['1 - 2'], 'payouts': [1, 180]}, 'quinella': {'combinations': ['1 - 3'], 'payouts': [2, 860]}, 'wide': {'combinations': ['1 - 3', '1 - 15', '3 - 15'], 'payouts': [1, 130, 2, 800, 1, 30]}, 'exacta': {'combinations': ['1 → 3'], 'payouts': [6, 480]}, 'trio': {'combinations': ['1 - 3 - 15'], 'payouts': [15, 360]}, 'trifecta': {'combinations': ['1 → 3 → 15'], 'payouts': [60, 960]}}",16.0,4,7,ブルーメンコルソ,2021103915,牡3,57.0,藤岡康太,131.1,大,0,,46.5,294.4,1,0,2024,1,6,5,1,winter,0,,,0.0,,0,,,,,0,0,0.0,,56.625,,-0.375,,1,0,0.0,0,0,0.0,0.0,,short,0.8460529164645124,1.4284284715868971,0.0,3.0771533605439023,0.0,0.0,0.0,0.0,0.0,0.0,0.0,-0.28347335475692037,0.0,-0.28347335475692037,-0.28347335475692037,0.9918556842187031,-0.29318430342833607,0.0,-0.28347335475692037,-0.28347335475692037,-0.41803980857497053,-0.5359422007578724,-0.41803980857497053,-0.5359422007578724
202408010101,2024-01-06,京都,1,一般,"{'win': {'combinations': ['15'], 'payouts': [260]}, 'place': {'combinations': ['15', '3', '6'], 'payouts': [180, 340, 650]}, 'bracket_quinella': {'combinations': ['2 - 8'], 'payouts': [1, 730]}, 'quinella': {'combinations': ['3 - 15'], 'payouts': [2, 830]}, 'wide': {'combinations': ['3 - 15', '6 - 15', '3 - 6'], 'payouts': [1, 50, 1, 110, 3, 350]}, 'exacta': {'combinations': ['15 → 3'], 'payouts': [3, 990]}, 'trio': {'combinations': ['3 - 6 - 15'], 'payouts': [17, 740]}, 'trifecta': {'combinations': ['15 → 3 → 6'], 'payouts': [51, 620]}}",10.0,1,2,ヤルキゲンキフトシ,2021103972,牡3,57.0,小牧太,116.6,ハナ,0,,40.2,256.7,1,0,2024,1,6,5,1,winter,0,,,0.0,,0,,,,,0,0,0.0,,56.3125,,-0.6875,,1,0,0.0,0,0,0.0,0.0,,short,0.8460529164645124,0.704471035474148,0.0,0.5805177299307201,0.0,0.0,0.0,0.0,0.0,0.0,0.0,-0.28347335475692037,0.0,-0.28347335475692037,-0.28347335475692037,0.6838101560090948,-0.5375045562852829,0.0,-0.28347335475692037,-0.28347335475692037,-0.41803980857497053,-0.5359422007578724,-0.41803980857497053,-0.5359422007578724
202406010101,2024-01-06,中山,1,一般,"{'win': {'combinations': ['14'], 'payouts': [420]}, 'place': {'combinations': ['14', '7', '16'], 'payouts': [230, 270, 340]}, 'bracket_quinella': {'combinations': ['4 - 7'], 'payouts': [1, 950]}, 'quinella': {'combinations': ['7 - 14'], 'payouts': [2, 30]}, 'wide': {'combinations': ['7 - 14', '14 - 16', '7 - 16'], 'payouts': [750, 1, 110, 1, 910]}, 'exacta': {'combinations': ['14 → 7'], 'payouts': [3, 50]}, 'trio': {'combinations': ['7 - 14 - 16'], 'payouts': [8, 700]}, 'trifecta': {'combinations': ['14 → 7 → 16'], 'payouts': [32, 80]}}",12.0,4,8,スターリーアイド,2021103974,牡3,53.0,小林美駒,74.9,アタマ,0,,38.8,84.6,0,0,2024,1,6,5,1,winter,0,,,0.0,,0,,,,,0,0,0.0,,55.8125,,2.8125,,1,0,0.0,0,0,0.0,0.0,,short,-1.60414670399218,-1.3775306945880332,0.0,0.0257098120166772,0.0,0.0,0.0,0.0,0.0,0.0,0.0,-0.28347335475692037,0.0,-0.28347335475692037,-0.28347335475692037,0.1909373108737217,2.198882275712521,0.0,-0.28347335475692037,-0.28347335475692037,-0.41803980857497053,-0.5359422007578724,-0.41803980857497053,-0.5359422007578724
202406010102,2024-01-06,中山,2,一般,"{'win': {'combinations': ['12'], 'payouts': [730]}, 'place': {'combinations': ['12', '7', '11'], 'payouts': [270, 890, 350]}, 'bracket_quinella': {'combinations': ['4 - 6'], 'payouts': [5, 130]}, 'quinella': {'combinations': ['7 - 12'], 'payouts': [11, 190]}, 'wide': {'combinations': ['7 - 12', '11 - 12', '7 - 11'], 'payouts': [1, 890, 1, 130, 4, 380]}, 'exacta': {'combinations': ['12 → 7'], 'payouts': [15, 690]}, 'trio': {'combinations': ['7 - 11 - 12'], 'payouts': [24, 780]}, 'trifecta': {'combinations': ['12 → 7 → 11'], 'payouts': [130, 760]}}",4.0,7,14,カピリナ,2021104073,牝3,55.0,戸崎圭太,116.5,1/2,0,,39.8,3.0,0,0,2024,1,6,5,1,winter,0,,,0.0,,0,,,,,0,0,0.0,,54.0625,,-0.9375,,1,0,0.0,0,0,0.0,0.0,,short,-0.3790468937638338,0.6994782255699225,0.0,0.4220011819552777,0.0,0.0,0.0,0.0,0.0,0.0,0.0,-0.28347335475692037,0.0,-0.28347335475692037,-0.28347335475692037,-1.5341176471000841,-0.7329607585708403,0.0,-0.28347335475692037,-0.28347335475692037,-0.41803980857497053,-0.5359422007578724,-0.41803980857497053,-0.5359422007578724
202408010101,2024-01-06,京都,1,一般,"{'win': {'combinations': ['15'], 'payouts': [260]}, 'place': {'combinations': ['15', '3', '6'], 'payouts': [180, 340, 650]}, 'bracket_quinella': {'combinations': ['2 - 8'], 'payouts': [1, 730]}, 'quinella': {'combinations': ['3 - 15'], 'payouts': [2, 830]}, 'wide': {'combinations': ['3 - 15', '6 - 15', '3 - 6'], 'payouts': [1, 50, 1, 110, 3, 350]}, 'exacta': {'combinations': ['15 → 3'], 'payouts': [3, 990]}, 'trio': {'combinations': ['3 - 6 - 15'], 'payouts': [17, 740]}, 'trifecta': {'combinations': ['15 → 3 → 6'], 'payouts': [51, 620]}}",1.0,8,15,セレブレイトエール,2021104109,牡3,57.0,坂井瑠星,115.4,nan,0,,39.4,2.6,1,0,2024,1,6,5,1,winter,0,,,0.0,,1,,,,,0,1,1.0,,56.3125,,-0.6875,,1,1,1.0,1,1,1.0,1.0,,short,0.8460529164645124,0.6445573166234383,0.0,0.26348463397983807,0.0,0.0,0.0,0.0,0.0,0.0,0.0,3.527668414752787,0.0,3.527668414752787,3.527668414752787,0.6838101560090948,-0.5375045562852829,0.0,3.527668414752787,3.527668414752787,2.39211668240122,1.8658728470829629,2.39211668240122,1.8658728470829629
202408010103,2024-01-06,京都,3,一般,"{'win': {'combinations': ['8'], 'payouts': [360]}, 'place': {'combinations': ['8', '12', '2'], 'payouts': [130, 150, 180]}, 'bracket_quinella': {'combinations': ['4 - 6'], 'payouts': [300]}, 'quinella': {'combinations': ['8 - 12'], 'payouts': [800]}, 'wide': {'combinations': ['8 - 12', '2 - 8', '2 - 12'], 'payouts': [330, 490, 660]}, 'exacta': {'combinations': ['8 → 12'], 'payouts': [1, 490]}, 'trio': {'combinations': ['2 - 8 - 12'], 'payouts': [2, 140]}, 'trifecta': {'combinations': ['8 → 12 → 2'], 'payouts': [7, 480]}}",5.0,3,6,カネコメファミリー,2021104151,牝3,55.0,菱田裕二,87.2,3.1/2,0,,38.2,45.5,1,0,2024,1,6,5,1,winter,0,,,0.0,,0,,,,,0,0,0.0,,54.1875,,-0.8125,,1,0,0.0,0,0,0.0,0.0,,short,-0.3790468937638338,-0.7634150763682531,0.0,-0.21206500994648086,0.0,0.0,0.0,0.0,0.0,0.0,0.0,-0.28347335475692037,0.0,-0.28347335475692037,-0.28347335475692037,-1.410899435816241,-0.6352326574280616,0.0,-0.28347335475692037,-0.28347335475692037,-0.41803980857497053,-0.5359422007578724,-0.41803980857497053,-0.5359422007578724
202406010110,2024-01-06,中山,10,一般,"{'win': {'combinations': ['1'], 'payouts': [380]}, 'place': {'combinations': ['1', '4', '3'], 'payouts': [150, 250, 130]}, 'bracket_quinella': {'combinations': ['1 - 4'], 'payouts': [2, 580]}, 'quinella': {'combinations': ['1 - 4'], 'payouts': [2, 520]}, 'wide': {'combinations': ['1 - 4', '1 - 3', '3 - 4'], 'payouts': [880, 280, 670]}, 'exacta': {'combinations': ['1 → 4'], 'payouts': [4, 20]}, 'trio': {'combinations': ['1 - 3 - 4'], 'payouts': [2, 340]}, 'trifecta': {'combinations': ['1 → 4 → 3'], 'payouts': [13, 920]}}",6.0,8,9,エイムフォーエース,2021104167,牡3,57.0,本田正重,93.3,1.1/4,0,,33.5,268.5,0,0,2024,1,6,5,1,winter,0,,,0.0,,0,,,,,0,0,0.0,,57.0,,0.0,,1,0,0.0,0,0,0.0,0.0,,short,0.8460529164645124,-0.4588536722104762,0.0,-2.0746344486579043,0.0,0.0,0.0,0.0,0.0,0.0,0.0,-0.28347335475692037,0.0,-0.28347335475692037,-0.28347335475692037,1.3615103180702328,8.034379279775345e-17,0.0,-0.28347335475692037,-0.28347335475692037,-0.41803980857497053,-0.5359422007578724,-0.41803980857497053,-0.5359422007578724
202408010104,2024-01-06,京都,4,一般,"{'win': {'combinations': ['6'], 'payouts': [360]}, 'place': {'combinations': ['6', '12', '4'], 'payouts': [160, 260, 140]}, 'bracket_quinella': {'combinations': ['3 - 6'], 'payouts': [1, 810]}, 'quinella': {'combinations': ['6 - 12'], 'payouts': [2, 150]}, 'wide': {'combinations': ['6 - 12', '4 - 6', '4 - 12'], 'payouts': [740, 320, 800]}, 'exacta': {'combinations': ['6 → 12'], 'payouts': [3, 340]}, 'trio': {'combinations': ['4 - 6 - 12'], 'payouts': [2, 310]}, 'trifecta': {'combinations': ['6 → 12 → 4'], 'payouts': [13, 440]}}",15.0,8,15,ニホンピロジェシカ,2021104211,牝3,53.0,田口貫太,120.4,6,0,,39.8,124.1,1,0,2024,1,6,5,1,winter,0,,,0.0,,0,,,,,0,0,0.0,,56.3125,,3.3125,,1,0,0.0,0,0,0.0,0.0,,short,-1.60414670399218,0.8941978118347311,0.0,0.4220011819552777,0.0,0.0,0.0,0.0,0.0,0.0,0.0,-0.28347335475692037,0.0,-0.28347335475692037,-0.28347335475692037,0.6838101560090948,2.589794680283636,0.0,-0.28347335475692037,-0.28347335475692037,-0.41803980857497053,-0.5359422007578724,-0.41803980857497053,-0.5359422007578724
202455010605,2024-01-06,佐賀,5,一般,"{'win': {'combinations': ['10'], 'payouts': [120]}, 'place': {'combinations': ['10', '11', '3'], 'payouts': [100, 520, 130]}, 'bracket_quinella': {'combinations': ['7 - 8'], 'payouts': [350]}, 'quinella': {'combinations': ['10 - 11'], 'payouts': [2, 730]}, 'wide': {'combinations': ['10 - 11', '3 - 10', '3 - 11'], 'payouts': [900, 170, 2, 460]}, 'exacta': {'combinations': ['10 → 11'], 'payouts': [3, 470]}, 'trio': {'combinations': ['3 - 10 - 11'], 'payouts': [3, 340]}, 'trifecta': {'combinations': ['10 → 11 → 3'], 'payouts': [11, 720]}}",7.0,4,4,ウェンティ,2021104231,牝3,54.0,小松丈二,121.0,1.1/2,0,,39.2,200.4,2,0,2024,1,6,5,1,winter,0,,,0.0,,0,,,,,0,0,0.0,,55.166666666666664,,1.1666666666666643,,1,0,0.0,0,0,0.0,0.0,,short,-0.9915967988780069,0.924154671260086,0.0,0.18422635999211967,0.0,0.0,0.0,0.0,0.0,0.0,0.0,-0.28347335475692037,0.0,-0.28347335475692037,-0.28347335475692037,-0.44569011409280423,0.9121289439992663,0.0,-0.28347335475692037,-0.28347335475692037,-0.41803980857497053,-0.5359422007578724,-0.41803980857497053,-0.5359422007578724
202408010104,2024-01-06,京都,4,一般,"{'win': {'combinations': ['6'], 'payouts': [360]}, 'place': {'combinations': ['6', '12', '4'], 'payouts': [160, 260, 140]}, 'bracket_quinella': {'combinations': ['3 - 6'], 'payouts': [1, 810]}, 'quinella': {'combinations': ['6 - 12'], 'payouts': [2, 150]}, 'wide': {'combinations': ['6 - 12', '4 - 6', '4 - 12'], 'payouts': [740, 320, 800]}, 'exacta': {'combinations': ['6 → 12'], 'payouts': [3, 340]}, 'trio': {'combinations': ['4 - 6 - 12'], 'payouts': [2, 310]}, 'trifecta': {'combinations': ['6 → 12 → 4'], 'payouts': [13, 440]}}",7.0,3,5,ナムラカメジロー,2021104305,牡3,57.0,川又賢治,117.9,1/2,0,,38.3,43.4,1,0,2024,1,6,5,1,winter,0,,,0.0,,0,,,,,0,0,0.0,,56.3125,,-0.6875,,1,0,0.0,0,0,0.0,0.0,,short,0.8460529164645124,0.7693775642290848,0.0,-0.17243587295262305,0.0,0.0,0.0,0.0,0.0,0.0,0.0,-0.28347335475692037,0.0,-0.28347335475692037,-0.28347335475692037,0.6838101560090948,-0.5375045562852829,0.0,-0.28347335475692037,-0.28347335475692037,-0.41803980857497053,-0.5359422007578724,-0.41803980857497053,-0.5359422007578724
202408010101,2024-01-06,京都,1,一般,"{'win': {'combinations': ['15'], 'payouts': [260]}, 'place': {'combinations': ['15', '3', '6'], 'payouts': [180, 340, 650]}, 'bracket_quinella': {'combinations': ['2 - 8'], 'payouts': [1, 730]}, 'quinella': {'combinations': ['3 - 15'], 'payouts': [2, 830]}, 'wide': {'combinations': ['3 - 15', '6 - 15', '3 - 6'], 'payouts': [1, 50, 1, 110, 3, 350]}, 'exacta': {'combinations': ['15 → 3'], 'payouts': [3, 990]}, 'trio': {'combinations': ['3 - 6 - 15'], 'payouts': [17, 740]}, 'trifecta': {'combinations': ['15 → 3 → 6'], 'payouts': [51, 620]}}",11.0,6,11,カレンワッツアップ,2021104321,牡3,57.0,古川吉洋,116.6,クビ,0,,38.6,70.6,1,0,2024,1,6,5,1,winter,0,,,0.0,,0,,,,,0,0,0.0,,56.3125,,-0.6875,,1,0,0.0,0,0,0.0,0.0,,short,0.8460529164645124,0.704471035474148,0.0,-0.05354846197104121,0.0,0.0,0.0,0.0,0.0,0.0,0.0,-0.28347335475692037,0.0,-0.28347335475692037,-0.28347335475692037,0.6838101560090948,-0.5375045562852829,0.0,-0.28347335475692037,-0.28347335475692037,-0.41803980857497053,-0.5359422007578724,-0.41803980857497053,-0.5359422007578724
202455010605,2024-01-06,佐賀,5,一般,"{'win': {'combinations': ['10'], 'payouts': [120]}, 'place': {'combinations': ['10', '11', '3'], 'payouts': [100, 520, 130]}, 'bracket_quinella': {'combinations': ['7 - 8'], 'payouts': [350]}, 'quinella': {'combinations': ['10 - 11'], 'payouts': [2, 730]}, 'wide': {'combinations': ['10 - 11', '3 - 10', '3 - 11'], 'payouts': [900, 170, 2, 460]}, 'exacta': {'combinations': ['10 → 11'], 'payouts': [3, 470]}, 'trio': {'combinations': ['3 - 10 - 11'], 'payouts': [3, 340]}, 'trifecta': {'combinations': ['10 → 11 → 3'], 'payouts': [11, 720]}}",10.0,7,9,ユバチーズダブル,2021104342,牝3,54.0,田中純,122.6,6,0,,41.8,149.8,2,0,2024,1,6,5,1,winter,0,,,0.0,,0,,,,,0,0,0.0,,55.166666666666664,,1.1666666666666643,,1,0,0.0,0,0,0.0,0.0,,short,-0.9915967988780069,1.0040396297276994,0.0,1.2145839218324788,0.0,0.0,0.0,0.0,0.0,0.0,0.0,-0.28347335475692037,0.0,-0.28347335475692037,-0.28347335475692037,-0.44569011409280423,0.9121289439992663,0.0,-0.28347335475692037,-0.28347335475692037,-0.41803980857497053,-0.5359422007578724,-0.41803980857497053,-0.5359422007578724
202406010104,2024-01-06,中山,4,一般,"{'win': {'combinations': ['4'], 'payouts': [5, 860]}, 'place': {'combinations': ['4', '5', '2'], 'payouts': [1, 270, 2, 630, 400]}, 'bracket_quinella': {'combinations': ['2 - 3'], 'payouts': [4, 720]}, 'quinella': {'combinations': ['4 - 5'], 'payouts': [153, 810]}, 'wide': {'combinations': ['4 - 5', '2 - 4', '2 - 5'], 'payouts': [32, 360, 5, 480, 8, 690]}, 'exacta': {'combinations': ['4 → 5'], 'payouts': [264, 220]}, 'trio': {'combinations': ['2 - 4 - 5'], 'payouts': [385, 890]}, 'trifecta': {'combinations': ['4 → 5 → 2'], 'payouts': [2, 412, 370]}}",9.0,1,1,ノアファラオ,2021104358,牡3,57.0,柴田善臣,119.5,1,0,,39.7,148.6,0,0,2024,1,6,5,1,winter,0,,,0.0,,0,,,,,0,0,0.0,,56.125,,-0.875,,1,0,0.0,0,0,0.0,0.0,,short,0.8460529164645124,0.8492625226966981,0.0,0.3823720449614199,0.0,0.0,0.0,0.0,0.0,0.0,0.0,-0.28347335475692037,0.0,-0.28347335475692037,-0.28347335475692037,0.4989828390833299,-0.684096707999451,0.0,-0.28347335475692037,-0.28347335475692037,-0.41803980857497053,-0.5359422007578724,-0.41803980857497053,-0.5359422007578724
202455010605,2024-01-06,佐賀,5,一般,"{'win': {'combinations': ['10'], 'payouts': [120]}, 'place': {'combinations': ['10', '11', '3'], 'payouts': [100, 520, 130]}, 'bracket_quinella': {'combinations': ['7 - 8'], 'payouts': [350]}, 'quinella': {'combinations': ['10 - 11'], 'payouts': [2, 730]}, 'wide': {'combinations': ['10 - 11', '3 - 10', '3 - 11'], 'payouts': [900, 170, 2, 460]}, 'exacta': {'combinations': ['10 → 11'], 'payouts': [3, 470]}, 'trio': {'combinations': ['3 - 10 - 11'], 'payouts': [3, 340]}, 'trifecta': {'combinations': ['10 → 11 → 3'], 'payouts': [11, 720]}}",1.0,7,10,トゥールリー,2021104368,牡3,56.0,山口勲,118.6,nan,0,,39.1,1.2,2,0,2024,1,6,5,1,winter,0,,,0.0,,1,,,,,0,1,1.0,,55.166666666666664,,-0.8333333333333357,,1,1,1.0,1,1,1.0,1.0,,short,0.23350301135033932,0.8043272335586652,0.0,0.14459722299825906,0.0,0.0,0.0,0.0,0.0,0.0,0.0,3.527668414752787,0.0,3.527668414752787,3.527668414752787,-0.44569011409280423,-0.6515206742851932,0.0,3.527668414752787,3.527668414752787,2.39211668240122,1.8658728470829629,2.39211668240122,1.8658728470829629
202406010104,2024-01-06,中山,4,一般,"{'win': {'combinations': ['4'], 'payouts': [5, 860]}, 'place': {'combinations': ['4', '5', '2'], 'payouts': [1, 270, 2, 630, 400]}, 'bracket_quinella': {'combinations': ['2 - 3'], 'payouts': [4, 720]}, 'quinella': {'combinations': ['4 - 5'], 'payouts': [153, 810]}, 'wide': {'combinations': ['4 - 5', '2 - 4', '2 - 5'], 'payouts': [32, 360, 5, 480, 8, 690]}, 'exacta': {'combinations': ['4 → 5'], 'payouts': [264, 220]}, 'trio': {'combinations': ['2 - 4 - 5'], 'payouts': [385, 890]}, 'trifecta': {'combinations': ['4 → 5 → 2'], 'payouts': [2, 412, 370]}}",13.0,8,15,ヴェサリウス,2021104401,牡3,57.0,丹内祐次,119.8,クビ,0,,41.8,2.6,0,0,2024,1,6,5,1,winter,0,,,0.0,,0,,,,,0,0,0.0,,56.125,,-0.875,,1,0,0.0,0,0,0.0,0.0,,short,0.8460529164645124,0.8642409524093756,0.0,1.2145839218324788,0.0,0.0,0.0,0.0,0.0,0.0,0.0,-0.28347335475692037,0.0,-0.28347335475692037,-0.28347335475692037,0.4989828390833299,-0.684096707999451,0.0,-0.28347335475692037,-0.28347335475692037,-0.41803980857497053,-0.5359422007578724,-0.41803980857497053,-0.5359422007578724
202408010103,2024-01-06,京都,3,一般,"{'win': {'combinations': ['8'], 'payouts': [360]}, 'place': {'combinations': ['8', '12', '2'], 'payouts': [130, 150, 180]}, 'bracket_quinella': {'combinations': ['4 - 6'], 'payouts': [300]}, 'quinella': {'combinations': ['8 - 12'], 'payouts': [800]}, 'wide': {'combinations': ['8 - 12', '2 - 8', '2 - 12'], 'payouts': [330, 490, 660]}, 'exacta': {'combinations': ['8 → 12'], 'payouts': [1, 490]}, 'trio': {'combinations': ['2 - 8 - 12'], 'payouts': [2, 140]}, 'trifecta': {'combinations': ['8 → 12 → 2'], 'payouts': [7, 480]}}",14.0,7,13,プレジャー,2021104454,牝3,54.0,角田大河,88.5,1/2,0,,39.9,18.2,1,0,2024,1,6,5,1,winter,0,,,0.0,,0,,,,,0,0,0.0,,54.1875,,0.1875,,1,0,0.0,0,0,0.0,0.0,,short,-0.9915967988780069,-0.6985085476133172,0.0,0.4616303189491383,0.0,0.0,0.0,0.0,0.0,0.0,0.0,-0.28347335475692037,0.0,-0.28347335475692037,-0.28347335475692037,-1.410899435816241,0.14659215171416817,0.0,-0.28347335475692037,-0.28347335475692037,-0.41803980857497053,-0.5359422007578724,-0.41803980857497053,-0.5359422007578724
202406010103,2024-01-06,中山,3,一般,"{'win': {'combinations': ['15'], 'payouts': [1, 120]}, 'place': {'combinations': ['15', '12', '5'], 'payouts': [360, 250, 2, 480]}, 'bracket_quinella': {'combinations': ['6 - 8'], 'payouts': [1, 860]}, 'quinella': {'combinations': ['12 - 15'], 'payouts': [3, 660]}, 'wide': {'combinations': ['12 - 15', '5 - 15', '5 - 12'], 'payouts': [1, 190, 12, 110, 7, 380]}, 'exacta': {'combinations': ['15 → 12'], 'payouts': [7, 320]}, 'trio': {'combinations': ['5 - 12 - 15'], 'payouts': [103, 610]}, 'trifecta': {'combinations': ['15 → 12 → 5'], 'payouts': [523, 620]}}",5.0,4,8,ヒカルエリザベス,2021104487,牝3,55.0,的場勇人,74.2,1.3/4,0,,39.5,66.2,0,0,2024,1,6,5,1,winter,0,,,0.0,,0,,,,,0,0,0.0,,55.3125,,0.3125,,1,0,0.0,0,0,0.0,0.0,,short,-0.3790468937638338,-1.4124803639176142,0.0,0.3031137709736987,0.0,0.0,0.0,0.0,0.0,0.0,0.0,-0.28347335475692037,0.0,-0.28347335475692037,-0.28347335475692037,-0.3019355342616514,0.2443202528569469,0.0,-0.28347335475692037,-0.28347335475692037,-0.41803980857497053,-0.5359422007578724,-0.41803980857497053,-0.5359422007578724
202408010105,2024-01-06,京都,5,一般,"{'win': {'combinations': ['2'], 'payouts': [640]}, 'place': {'combinations': ['2', '3', '1'], 'payouts': [220, 240, 350]}, 'bracket_quinella': {'combinations': ['1 - 2'], 'payouts': [1, 160]}, 'quinella': {'combinations': ['2 - 3'], 'payouts': [1, 960]}, 'wide': {'combinations': ['2 - 3', '1 - 2', '1 - 3'], 'payouts': [790, 990, 1, 50]}, 'exacta': {'combinations': ['2 → 3'], 'payouts': [3, 880]}, 'trio': {'combinations': ['1 - 2 - 3'], 'payouts': [6, 790]}, 'trifecta': {'combinations': ['2 → 3 → 1'], 'payouts': [31, 860]}}",12.0,7,13,ギルトエッジ,2021104537,牡3,57.0,西村淳也,110.2,1.1/4,0,,36.5,105.7,1,0,2024,1,6,5,1,winter,0,,,0.0,,0,,,,,0,0,0.0,,55.888888888888886,,-1.1111111111111143,,1,0,0.0,0,0,0.0,0.0,,short,0.8460529164645124,0.3849312016036937,0.0,-0.8857603388421028,0.0,0.0,0.0,0.0,0.0,0.0,0.0,-0.28347335475692037,0.0,-0.28347335475692037,-0.28347335475692037,0.2662373288805117,-0.8686942323802578,0.0,-0.28347335475692037,-0.28347335475692037,-0.41803980857497053,-0.5359422007578724,-0.41803980857497053,-0.5359422007578724
202406010103,2024-01-06,中山,3,一般,"{'win': {'combinations': ['15'], 'payouts': [1, 120]}, 'place': {'combinations': ['15', '12', '5'], 'payouts': [360, 250, 2, 480]}, 'bracket_quinella': {'combinations': ['6 - 8'], 'payouts': [1, 860]}, 'quinella': {'combinations': ['12 - 15'], 'payouts': [3, 660]}, 'wide': {'combinations': ['12 - 15', '5 - 15', '5 - 12'], 'payouts': [1, 190, 12, 110, 7, 380]}, 'exacta': {'combinations': ['15 → 12'], 'payouts': [7, 320]}, 'trio': {'combinations': ['5 - 12 - 15'], 'payouts': [103, 610]}, 'trifecta': {'combinations': ['15 → 12 → 5'], 'payouts': [523, 620]}}",13.0,7,14,アイリータイム,2021104546,牝3,55.0,荻野極,75.4,1/2,0,,38.1,48.6,0,0,2024,1,6,5,1,winter,0,,,0.0,,0,,,,,0,0,0.0,,55.3125,,0.3125,,1,0,0.0,0,0,0.0,0.0,,short,-0.3790468937638338,-1.3525666450669038,0.0,-0.2516941469403415,0.0,0.0,0.0,0.0,0.0,0.0,0.0,-0.28347335475692037,0.0,-0.28347335475692037,-0.28347335475692037,-0.3019355342616514,0.2443202528569469,0.0,-0.28347335475692037,-0.28347335475692037,-0.41803980857497053,-0.5359422007578724,-0.41803980857497053,-0.5359422007578724
202408010102,2024-01-06,京都,2,一般,"{'win': {'combinations': ['1'], 'payouts': [900]}, 'place': {'combinations': ['1', '3', '15'], 'payouts': [320, 200, 380]}, 'bracket_quinella': {'combinations': ['1 - 2'], 'payouts': [1, 180]}, 'quinella': {'combinations': ['1 - 3'], 'payouts': [2, 860]}, 'wide': {'combinations': ['1 - 3', '1 - 15', '3 - 15'], 'payouts': [1, 130, 2, 800, 1, 30]}, 'exacta': {'combinations': ['1 → 3'], 'payouts': [6, 480]}, 'trio': {'combinations': ['1 - 3 - 15'], 'payouts': [15, 360]}, 'trifecta': {'combinations': ['1 → 3 → 15'], 'payouts': [60, 960]}}",2.0,2,3,キタノハヤブサ,2021104557,牡3,55.0,田口貫太,122.9,1.1/2,0,,39.2,5.7,1,0,2024,1,6,5,1,winter,0,,,0.0,,0,,,,,0,0,0.0,,56.625,,1.625,,1,0,0.0,1,1,1.0,1.0,,short,-0.3790468937638338,1.0190180594403775,0.0,0.18422635999211967,0.0,0.0,0.0,0.0,0.0,0.0,0.0,-0.28347335475692037,0.0,-0.28347335475692037,-0.28347335475692037,0.9918556842187031,1.2704653148561234,0.0,-0.28347335475692037,-0.28347335475692037,2.39211668240122,1.8658728470829629,2.39211668240122,1.8658728470829629
202406010103,2024-01-06,中山,3,一般,"{'win': {'combinations': ['15'], 'payouts': [1, 120]}, 'place': {'combinations': ['15', '12', '5'], 'payouts': [360, 250, 2, 480]}, 'bracket_quinella': {'combinations': ['6 - 8'], 'payouts': [1, 860]}, 'quinella': {'combinations': ['12 - 15'], 'payouts': [3, 660]}, 'wide': {'combinations': ['12 - 15', '5 - 15', '5 - 12'], 'payouts': [1, 190, 12, 110, 7, 380]}, 'exacta': {'combinations': ['15 → 12'], 'payouts': [7, 320]}, 'trio': {'combinations': ['5 - 12 - 15'], 'payouts': [103, 610]}, 'trifecta': {'combinations': ['15 → 12 → 5'], 'payouts': [523, 620]}}",12.0,7,13,ユズノキ,2021104570,牝3,55.0,ピーヒュ,75.3,1,0,,37.5,3.9,0,0,2024,1,6,5,1,winter,0,,,0.0,,0,,,,,0,0,0.0,,55.3125,,0.3125,,1,0,0.0,0,0,0.0,0.0,,short,-0.3790468937638338,-1.3575594549711303,0.0,-0.48946896890350233,0.0,0.0,0.0,0.0,0.0,0.0,0.0,-0.28347335475692037,0.0,-0.28347335475692037,-0.28347335475692037,-0.3019355342616514,0.2443202528569469,0.0,-0.28347335475692037,-0.28347335475692037,-0.41803980857497053,-0.5359422007578724,-0.41803980857497053,-0.5359422007578724
202406010107,2024-01-06,中山,7,一般,"{'win': {'combinations': ['5'], 'payouts': [480]}, 'place': {'combinations': ['5', '3', '8'], 'payouts': [170, 120, 470]}, 'bracket_quinella': {'combinations': ['3 - 4'], 'payouts': [500]}, 'quinella': {'combinations': ['3 - 5'], 'payouts': [590]}, 'wide': {'combinations': ['3 - 5', '5 - 8', '3 - 8'], 'payouts': [260, 1, 450, 870]}, 'exacta': {'combinations': ['5 → 3'], 'payouts': [1, 440]}, 'trio': {'combinations': ['3 - 5 - 8'], 'payouts': [3, 400]}, 'trifecta': {'combinations': ['5 → 3 → 8'], 'payouts': [16, 960]}}",9.0,5,6,レザンノワール,2021104665,牡3,57.0,横山武史,68.4,クビ,0,,34.5,3.2,0,0,2024,1,6,5,1,winter,0,,,0.0,,0,,,,,0,0,0.0,,55.53846153846154,,-1.46153846153846,,1,0,0.0,0,0,0.0,0.0,,short,0.8460529164645124,-1.7020633383627137,0.0,-1.6783430787193039,0.0,0.0,0.0,0.0,0.0,0.0,0.0,-0.28347335475692037,0.0,-0.28347335475692037,-0.28347335475692037,-0.07919492155624078,-1.1426670287463345,0.0,-0.28347335475692037,-0.28347335475692037,-0.41803980857497053,-0.5359422007578724,-0.41803980857497053,-0.5359422007578724
202406010101,2024-01-06,中山,1,一般,"{'win': {'combinations': ['14'], 'payouts': [420]}, 'place': {'combinations': ['14', '7', '16'], 'payouts': [230, 270, 340]}, 'bracket_quinella': {'combinations': ['4 - 7'], 'payouts': [1, 950]}, 'quinella': {'combinations': ['7 - 14'], 'payouts': [2, 30]}, 'wide': {'combinations': ['7 - 14', '14 - 16', '7 - 16'], 'payouts': [750, 1, 110, 1, 910]}, 'exacta': {'combinations': ['14 → 7'], 'payouts': [3, 50]}, 'trio': {'combinations': ['7 - 14 - 16'], 'payouts': [8, 700]}, 'trifecta': {'combinations': ['14 → 7 → 16'], 'payouts': [32, 80]}}",7.0,1,2,ミッキードラマー,2021104782,牡3,57.0,菊沢一樹,73.7,クビ,0,,39.8,7.8,0,0,2024,1,6,5,1,winter,0,,,0.0,,0,,,,,0,0,0.0,,55.8125,,-1.1875,,1,0,0.0,0,0,0.0,0.0,,short,0.8460529164645124,-1.4374444134387436,0.0,0.4220011819552777,0.0,0.0,0.0,0.0,0.0,0.0,0.0,-0.28347335475692037,0.0,-0.28347335475692037,-0.28347335475692037,0.1909373108737217,-0.9284169608563979,0.0,-0.28347335475692037,-0.28347335475692037,-0.41803980857497053,-0.5359422007578724,-0.41803980857497053,-0.5359422007578724
202406010102,2024-01-06,中山,2,一般,"{'win': {'combinations': ['12'], 'payouts': [730]}, 'place': {'combinations': ['12', '7', '11'], 'payouts': [270, 890, 350]}, 'bracket_quinella': {'combinations': ['4 - 6'], 'payouts': [5, 130]}, 'quinella': {'combinations': ['7 - 12'], 'payouts': [11, 190]}, 'wide': {'combinations': ['7 - 12', '11 - 12', '7 - 11'], 'payouts': [1, 890, 1, 130, 4, 380]}, 'exacta': {'combinations': ['12 → 7'], 'payouts': [15, 690]}, 'trio': {'combinations': ['7 - 11 - 12'], 'payouts': [24, 780]}, 'trifecta': {'combinations': ['12 → 7 → 11'], 'payouts': [130, 760]}}",16.0,1,2,ニシノフルール,2021104837,牝3,55.0,大野拓弥,123.2,9,0,,43.6,49.5,0,0,2024,1,6,5,1,winter,0,,,0.0,,0,,,,,0,0,0.0,,54.0625,,-0.9375,,1,0,0.0,0,0,0.0,0.0,,short,-0.3790468937638338,1.0339964891530549,0.0,1.9279083877219614,0.0,0.0,0.0,0.0,0.0,0.0,0.0,-0.28347335475692037,0.0,-0.28347335475692037,-0.28347335475692037,-1.5341176471000841,-0.7329607585708403,0.0,-0.28347335475692037,-0.28347335475692037,-0.41803980857497053,-0.5359422007578724,-0.41803980857497053,-0.5359422007578724
202406010102,2024-01-06,中山,2,一般,"{'win': {'combinations': ['12'], 'payouts': [730]}, 'place': {'combinations': ['12', '7', '11'], 'payouts': [270, 890, 350]}, 'bracket_quinella': {'combinations': ['4 - 6'], 'payouts': [5, 130]}, 'quinella': {'combinations': ['7 - 12'], 'payouts': [11, 190]}, 'wide': {'combinations': ['7 - 12', '11 - 12', '7 - 11'], 'payouts': [1, 890, 1, 130, 4, 380]}, 'exacta': {'combinations': ['12 → 7'], 'payouts': [15, 690]}, 'trio': {'combinations': ['7 - 11 - 12'], 'payouts': [24, 780]}, 'trifecta': {'combinations': ['12 → 7 → 11'], 'payouts': [130, 760]}}",5.0,3,6,セージグリーン,2021104850,牝3,54.0,佐々木大,116.7,1.1/4,0,,39.6,2.1,0,0,2024,1,6,5,1,winter,0,,,0.0,,0,,,,,0,0,0.0,,54.0625,,0.0625,,1,0,0.0,0,0,0.0,0.0,,short,-0.9915967988780069,0.7094638453783744,0.0,0.3427429079675593,0.0,0.0,0.0,0.0,0.0,0.0,0.0,-0.28347335475692037,0.0,-0.28347335475692037,-0.28347335475692037,-1.5341176471000841,0.048864050571389435,0.0,-0.28347335475692037,-0.28347335475692037,-0.41803980857497053,-0.5359422007578724,-0.41803980857497053,-0.5359422007578724
202406010105,2024-01-06,中山,5,一般,"{'win': {'combinations': ['15'], 'payouts': [280]}, 'place': {'combinations': ['15', '2', '7'], 'payouts': [130, 160, 140]}, 'bracket_quinella': {'combinations': ['1 - 8'], 'payouts': [890]}, 'quinella': {'combinations': ['2 - 15'], 'payouts': [1, 230]}, 'wide': {'combinations': ['2 - 15', '7 - 15', '2 - 7'], 'payouts': [440, 330, 340]}, 'exacta': {'combinations': ['15 → 2'], 'payouts': [1, 750]}, 'trio': {'combinations': ['2 - 7 - 15'], 'payouts': [1, 240]}, 'trifecta': {'combinations': ['15 → 2 → 7'], 'payouts': [6, 220]}}",7.0,1,1,ジーティーオウジャ,2021104943,牡3,57.0,キングス,120.6,クビ,0,,35.5,34.3,0,0,2024,1,6,5,1,winter,0,,,0.0,,0,,,,,0,0,0.0,,55.8235294117647,,-1.176470588235297,,1,0,0.0,0,0,0.0,0.0,,short,0.8460529164645124,0.9041834316431823,0.0,-1.2820517087807033,0.0,0.0,0.0,0.0,0.0,0.0,0.0,-0.28347335475692037,0.0,-0.28347335475692037,-0.28347335475692037,0.20180950598699912,-0.9197938931085079,0.0,-0.28347335475692037,-0.28347335475692037,-0.41803980857497053,-0.5359422007578724,-0.41803980857497053,-0.5359422007578724
202408010105,2024-01-06,京都,5,一般,"{'win': {'combinations': ['2'], 'payouts': [640]}, 'place': {'combinations': ['2', '3', '1'], 'payouts': [220, 240, 350]}, 'bracket_quinella': {'combinations': ['1 - 2'], 'payouts': [1, 160]}, 'quinella': {'combinations': ['2 - 3'], 'payouts': [1, 960]}, 'wide': {'combinations': ['2 - 3', '1 - 2', '1 - 3'], 'payouts': [790, 990, 1, 50]}, 'exacta': {'combinations': ['2 → 3'], 'payouts': [3, 880]}, 'trio': {'combinations': ['1 - 2 - 3'], 'payouts': [6, 790]}, 'trifecta': {'combinations': ['2 → 3 → 1'], 'payouts': [31, 860]}}",14.0,5,9,エールヴァーゲ,2021104956,牝3,55.0,藤岡佑介,110.6,2.1/2,0,,37.2,151.4,1,0,2024,1,6,5,1,winter,0,,,0.0,,0,,,,,0,0,0.0,,55.888888888888886,,0.8888888888888857,,1,0,0.0,0,0,0.0,0.0,,short,-0.3790468937638338,0.4049024412205967,0.0,-0.6083563798850814,0.0,0.0,0.0,0.0,0.0,0.0,0.0,-0.28347335475692037,0.0,-0.28347335475692037,-0.28347335475692037,0.2662373288805117,0.6949553859042019,0.0,-0.28347335475692037,-0.28347335475692037,-0.41803980857497053,-0.5359422007578724,-0.41803980857497053,-0.5359422007578724
202408010105,2024-01-06,京都,5,一般,"{'win': {'combinations': ['2'], 'payouts': [640]}, 'place': {'combinations': ['2', '3', '1'], 'payouts': [220, 240, 350]}, 'bracket_quinella': {'combinations': ['1 - 2'], 'payouts': [1, 160]}, 'quinella': {'combinations': ['2 - 3'], 'payouts': [1, 960]}, 'wide': {'combinations': ['2 - 3', '1 - 2', '1 - 3'], 'payouts': [790, 990, 1, 50]}, 'exacta': {'combinations': ['2 → 3'], 'payouts': [3, 880]}, 'trio': {'combinations': ['1 - 2 - 3'], 'payouts': [6, 790]}, 'trifecta': {'combinations': ['2 → 3 → 1'], 'payouts': [31, 860]}}",7.0,4,8,オルドヴァイ,2021104968,牡3,57.0,川田将雅,109.2,1/2,0,,36.0,3.9,1,0,2024,1,6,5,1,winter,0,,,0.0,,0,,,,,0,0,0.0,,55.888888888888886,,-1.1111111111111143,,1,0,0.0,0,0,0.0,0.0,,short,0.8460529164645124,0.3350031025614352,0.0,-1.083906023811403,0.0,0.0,0.0,0.0,0.0,0.0,0.0,-0.28347335475692037,0.0,-0.28347335475692037,-0.28347335475692037,0.2662373288805117,-0.8686942323802578,0.0,-0.28347335475692037,-0.28347335475692037,-0.41803980857497053,-0.5359422007578724,-0.41803980857497053,-0.5359422007578724
202408010103,2024-01-06,京都,3,一般,"{'win': {'combinations': ['8'], 'payouts': [360]}, 'place': {'combinations': ['8', '12', '2'], 'payouts': [130, 150, 180]}, 'bracket_quinella': {'combinations': ['4 - 6'], 'payouts': [300]}, 'quinella': {'combinations': ['8 - 12'], 'payouts': [800]}, 'wide': {'combinations': ['8 - 12', '2 - 8', '2 - 12'], 'payouts': [330, 490, 660]}, 'exacta': {'combinations': ['8 → 12'], 'payouts': [1, 490]}, 'trio': {'combinations': ['2 - 8 - 12'], 'payouts': [2, 140]}, 'trifecta': {'combinations': ['8 → 12 → 2'], 'payouts': [7, 480]}}",2.0,6,12,ランランガール,2021105003,牝3,52.0,今村聖奈,86.1,1.3/4,0,,37.8,3.8,1,0,2024,1,6,5,1,winter,0,,,0.0,,0,,,,,0,0,0.0,,54.1875,,2.1875,,1,0,0.0,1,1,1.0,1.0,,short,-2.216696609106353,-0.818335985314738,0.0,-0.3705815579219233,0.0,0.0,0.0,0.0,0.0,0.0,0.0,-0.28347335475692037,0.0,-0.28347335475692037,-0.28347335475692037,-1.410899435816241,1.7102417699986276,0.0,-0.28347335475692037,-0.28347335475692037,2.39211668240122,1.8658728470829629,2.39211668240122,1.8658728470829629
202408010106,2024-01-06,京都,6,一般,"{'win': {'combinations': ['2'], 'payouts': [130]}, 'place': {'combinations': ['2', '3', '7'], 'payouts': [100, 130, 120]}, 'bracket_quinella': {'combinations': ['2 - 3'], 'payouts': [410]}, 'quinella': {'combinations': ['2 - 3'], 'payouts': [370]}, 'wide': {'combinations': ['2 - 3', '2 - 7', '3 - 7'], 'payouts': [160, 150, 240]}, 'exacta': {'combinations': ['2 → 3'], 'payouts': [430]}, 'trio': {'combinations': ['2 - 3 - 7'], 'payouts': [300]}, 'trifecta': {'combinations': ['2 → 3 → 7'], 'payouts': [1, 90]}}",10.0,8,9,プレパラシオン,2021105018,牝3,55.0,川又賢治,71.3,クビ,0,,35.3,352.5,1,0,2024,1,6,5,1,winter,0,,,0.0,,0,,,,,0,0,0.0,,55.6,,0.6000000000000014,,1,0,0.0,0,0,0.0,0.0,,short,-0.3790468937638338,-1.5572718511401644,0.0,-1.3613099827684245,0.0,0.0,0.0,0.0,0.0,0.0,0.0,-0.28347335475692037,0.0,-0.28347335475692037,-0.28347335475692037,-0.018533648308810456,0.46909488548533906,0.0,-0.28347335475692037,-0.28347335475692037,-0.41803980857497053,-0.5359422007578724,-0.41803980857497053,-0.5359422007578724
202406010103,2024-01-06,中山,3,一般,"{'win': {'combinations': ['15'], 'payouts': [1, 120]}, 'place': {'combinations': ['15', '12', '5'], 'payouts': [360, 250, 2, 480]}, 'bracket_quinella': {'combinations': ['6 - 8'], 'payouts': [1, 860]}, 'quinella': {'combinations': ['12 - 15'], 'payouts': [3, 660]}, 'wide': {'combinations': ['12 - 15', '5 - 15', '5 - 12'], 'payouts': [1, 190, 12, 110, 7, 380]}, 'exacta': {'combinations': ['15 → 12'], 'payouts': [7, 320]}, 'trio': {'combinations': ['5 - 12 - 15'], 'payouts': [103, 610]}, 'trifecta': {'combinations': ['15 → 12 → 5'], 'payouts': [523, 620]}}",1.0,8,15,フェデラルスタイル,2021105032,牝3,55.0,津村明秀,73.5,nan,0,,38.2,11.2,0,0,2024,1,6,5,1,winter,0,,,0.0,,1,,,,,0,1,1.0,,55.3125,,0.3125,,1,1,1.0,1,1,1.0,1.0,,short,-0.3790468937638338,-1.4474300332471954,0.0,-0.21206500994648086,0.0,0.0,0.0,0.0,0.0,0.0,0.0,3.527668414752787,0.0,3.527668414752787,3.527668414752787,-0.3019355342616514,0.2443202528569469,0.0,3.527668414752787,3.527668414752787,2.39211668240122,1.8658728470829629,2.39211668240122,1.8658728470829629
202408010102,2024-01-06,京都,2,一般,"{'win': {'combinations': ['1'], 'payouts': [900]}, 'place': {'combinations': ['1', '3', '15'], 'payouts': [320, 200, 380]}, 'bracket_quinella': {'combinations': ['1 - 2'], 'payouts': [1, 180]}, 'quinella': {'combinations': ['1 - 3'], 'payouts': [2, 860]}, 'wide': {'combinations': ['1 - 3', '1 - 15', '3 - 15'], 'payouts': [1, 130, 2, 800, 1, 30]}, 'exacta': {'combinations': ['1 → 3'], 'payouts': [6, 480]}, 'trio': {'combinations': ['1 - 3 - 15'], 'payouts': [15, 360]}, 'trifecta': {'combinations': ['1 → 3 → 15'], 'payouts': [60, 960]}}",6.0,5,9,ノイヤーヘルト,2021105055,牡3,57.0,川田将雅,124.0,ハナ,0,,40.4,2.1,1,0,2024,1,6,5,1,winter,0,,,0.0,,0,,,,,0,0,0.0,,56.625,,-0.375,,1,0,0.0,0,0,0.0,0.0,,short,0.8460529164645124,1.0739389683868616,0.0,0.6597760039184386,0.0,0.0,0.0,0.0,0.0,0.0,0.0,-0.28347335475692037,0.0,-0.28347335475692037,-0.28347335475692037,0.9918556842187031,-0.29318430342833607,0.0,-0.28347335475692037,-0.28347335475692037,-0.41803980857497053,-0.5359422007578724,-0.41803980857497053,-0.5359422007578724
202406010107,2024-01-06,中山,7,一般,"{'win': {'combinations': ['5'], 'payouts': [480]}, 'place': {'combinations': ['5', '3', '8'], 'payouts': [170, 120, 470]}, 'bracket_quinella': {'combinations': ['3 - 4'], 'payouts': [500]}, 'quinella': {'combinations': ['3 - 5'], 'payouts': [590]}, 'wide': {'combinations': ['3 - 5', '5 - 8', '3 - 8'], 'payouts': [260, 1, 450, 870]}, 'exacta': {'combinations': ['5 → 3'], 'payouts': [1, 440]}, 'trio': {'combinations': ['3 - 5 - 8'], 'payouts': [3, 400]}, 'trifecta': {'combinations': ['5 → 3 → 8'], 'payouts': [16, 960]}}",6.0,1,1,オンザヴィーナス,2021105057,牝3,55.0,ピーヒュ,68.1,ハナ,0,,34.9,21.3,0,0,2024,1,6,5,1,winter,0,,,0.0,,0,,,,,0,0,0.0,,55.53846153846154,,0.5384615384615401,,1,0,0.0,0,0,0.0,0.0,,short,-0.3790468937638338,-1.717041768075392,0.0,-1.5198265307438643,0.0,0.0,0.0,0.0,0.0,0.0,0.0,-0.28347335475692037,0.0,-0.28347335475692037,-0.28347335475692037,-0.07919492155624078,0.4209825895381251,0.0,-0.28347335475692037,-0.28347335475692037,-0.41803980857497053,-0.5359422007578724,-0.41803980857497053,-0.5359422007578724
202408010104,2024-01-06,京都,4,一般,"{'win': {'combinations': ['6'], 'payouts': [360]}, 'place': {'combinations': ['6', '12', '4'], 'payouts': [160, 260, 140]}, 'bracket_quinella': {'combinations': ['3 - 6'], 'payouts': [1, 810]}, 'quinella': {'combinations': ['6 - 12'], 'payouts': [2, 150]}, 'wide': {'combinations': ['6 - 12', '4 - 6', '4 - 12'], 'payouts': [740, 320, 800]}, 'exacta': {'combinations': ['6 → 12'], 'payouts': [3, 340]}, 'trio': {'combinations': ['4 - 6 - 12'], 'payouts': [2, 310]}, 'trifecta': {'combinations': ['6 → 12 → 4'], 'payouts': [13, 440]}}",5.0,7,14,パカーラン,2021105073,牡3,57.0,和田竜二,117.6,ハナ,0,,37.8,7.0,1,0,2024,1,6,5,1,winter,0,,,0.0,,0,,,,,0,0,0.0,,56.3125,,-0.6875,,1,0,0.0,0,0,0.0,0.0,,short,0.8460529164645124,0.7543991345164066,0.0,-0.3705815579219233,0.0,0.0,0.0,0.0,0.0,0.0,0.0,-0.28347335475692037,0.0,-0.28347335475692037,-0.28347335475692037,0.6838101560090948,-0.5375045562852829,0.0,-0.28347335475692037,-0.28347335475692037,-0.41803980857497053,-0.5359422007578724,-0.41803980857497053,-0.5359422007578724
202408010105,2024-01-06,京都,5,一般,"{'win': {'combinations': ['2'], 'payouts': [640]}, 'place': {'combinations': ['2', '3', '1'], 'payouts': [220, 240, 350]}, 'bracket_quinella': {'combinations': ['1 - 2'], 'payouts': [1, 160]}, 'quinella': {'combinations': ['2 - 3'], 'payouts': [1, 960]}, 'wide': {'combinations': ['2 - 3', '1 - 2', '1 - 3'], 'payouts': [790, 990, 1, 50]}, 'exacta': {'combinations': ['2 → 3'], 'payouts': [3, 880]}, 'trio': {'combinations': ['1 - 2 - 3'], 'payouts': [6, 790]}, 'trifecta': {'combinations': ['2 → 3 → 1'], 'payouts': [31, 860]}}",3.0,1,1,パシフィックハイ,2021105141,牝3,55.0,鮫島克駿,108.7,1.1/4,0,,35.4,13.8,1,0,2024,1,6,5,1,winter,0,,,0.0,,0,,,,,0,0,0.0,,55.888888888888886,,0.8888888888888857,,1,0,0.0,0,1,0.0,1.0,,short,-0.3790468937638338,0.3100390530403059,0.0,-1.321680845774564,0.0,0.0,0.0,0.0,0.0,0.0,0.0,-0.28347335475692037,0.0,-0.28347335475692037,-0.28347335475692037,0.2662373288805117,0.6949553859042019,0.0,-0.28347335475692037,-0.28347335475692037,-0.41803980857497053,1.8658728470829629,-0.41803980857497053,1.8658728470829629
202408010102,2024-01-06,京都,2,一般,"{'win': {'combinations': ['1'], 'payouts': [900]}, 'place': {'combinations': ['1', '3', '15'], 'payouts': [320, 200, 380]}, 'bracket_quinella': {'combinations': ['1 - 2'], 'payouts': [1, 180]}, 'quinella': {'combinations': ['1 - 3'], 'payouts': [2, 860]}, 'wide': {'combinations': ['1 - 3', '1 - 15', '3 - 15'], 'payouts': [1, 130, 2, 800, 1, 30]}, 'exacta': {'combinations': ['1 → 3'], 'payouts': [6, 480]}, 'trio': {'combinations': ['1 - 3 - 15'], 'payouts': [15, 360]}, 'trifecta': {'combinations': ['1 → 3 → 15'], 'payouts': [60, 960]}}",9.0,5,10,クワッドルッツ,2021105147,牡3,57.0,中井裕二,125.0,1.1/2,0,,40.5,343.4,1,0,2024,1,6,5,1,winter,0,,,0.0,,0,,,,,0,0,0.0,,56.625,,-0.375,,1,0,0.0,0,0,0.0,0.0,,short,0.8460529164645124,1.1238670674291202,0.0,0.6994051409122992,0.0,0.0,0.0,0.0,0.0,0.0,0.0,-0.28347335475692037,0.0,-0.28347335475692037,-0.28347335475692037,0.9918556842187031,-0.29318430342833607,0.0,-0.28347335475692037,-0.28347335475692037,-0.41803980857497053,-0.5359422007578724,-0.41803980857497053,-0.5359422007578724
202408010106,2024-01-06,京都,6,一般,"{'win': {'combinations': ['2'], 'payouts': [130]}, 'place': {'combinations': ['2', '3', '7'], 'payouts': [100, 130, 120]}, 'bracket_quinella': {'combinations': ['2 - 3'], 'payouts': [410]}, 'quinella': {'combinations': ['2 - 3'], 'payouts': [370]}, 'wide': {'combinations': ['2 - 3', '2 - 7', '3 - 7'], 'payouts': [160, 150, 240]}, 'exacta': {'combinations': ['2 → 3'], 'payouts': [430]}, 'trio': {'combinations': ['2 - 3 - 7'], 'payouts': [300]}, 'trifecta': {'combinations': ['2 → 3 → 7'], 'payouts': [1, 90]}}",4.0,6,6,セントキルダ,2021105175,牡3,57.0,北村友一,70.0,1.3/4,0,,34.8,62.7,1,0,2024,1,6,5,1,winter,0,,,0.0,,0,,,,,0,0,0.0,,55.6,,-1.3999999999999986,,1,0,0.0,0,0,0.0,0.0,,short,0.8460529164645124,-1.6221783798951004,0.0,-1.559455667737725,0.0,0.0,0.0,0.0,0.0,0.0,0.0,-0.28347335475692037,0.0,-0.28347335475692037,-0.28347335475692037,-0.018533648308810456,-1.0945547327991205,0.0,-0.28347335475692037,-0.28347335475692037,-0.41803980857497053,-0.5359422007578724,-0.41803980857497053,-0.5359422007578724
202408010105,2024-01-06,京都,5,一般,"{'win': {'combinations': ['2'], 'payouts': [640]}, 'place': {'combinations': ['2', '3', '1'], 'payouts': [220, 240, 350]}, 'bracket_quinella': {'combinations': ['1 - 2'], 'payouts': [1, 160]}, 'quinella': {'combinations': ['2 - 3'], 'payouts': [1, 960]}, 'wide': {'combinations': ['2 - 3', '1 - 2', '1 - 3'], 'payouts': [790, 990, 1, 50]}, 'exacta': {'combinations': ['2 → 3'], 'payouts': [3, 880]}, 'trio': {'combinations': ['1 - 2 - 3'], 'payouts': [6, 790]}, 'trifecta': {'combinations': ['2 → 3 → 1'], 'payouts': [31, 860]}}",13.0,5,10,テクノドラゴン,2021105277,牡3,53.0,河原田菜,110.2,ハナ,0,,36.8,250.0,1,0,2024,1,6,5,1,winter,0,,,0.0,,0,,,,,0,0,0.0,,55.888888888888886,,2.8888888888888857,,1,0,0.0,0,0,0.0,0.0,,short,-1.60414670399218,0.3849312016036937,0.0,-0.7668729278605239,0.0,0.0,0.0,0.0,0.0,0.0,0.0,-0.28347335475692037,0.0,-0.28347335475692037,-0.28347335475692037,0.2662373288805117,2.258605004188661,0.0,-0.28347335475692037,-0.28347335475692037,-0.41803980857497053,-0.5359422007578724,-0.41803980857497053,-0.5359422007578724
202406010104,2024-01-06,中山,4,一般,"{'win': {'combinations': ['4'], 'payouts': [5, 860]}, 'place': {'combinations': ['4', '5', '2'], 'payouts': [1, 270, 2, 630, 400]}, 'bracket_quinella': {'combinations': ['2 - 3'], 'payouts': [4, 720]}, 'quinella': {'combinations': ['4 - 5'], 'payouts': [153, 810]}, 'wide': {'combinations': ['4 - 5', '2 - 4', '2 - 5'], 'payouts': [32, 360, 5, 480, 8, 690]}, 'exacta': {'combinations': ['4 → 5'], 'payouts': [264, 220]}, 'trio': {'combinations': ['2 - 4 - 5'], 'payouts': [385, 890]}, 'trifecta': {'combinations': ['4 → 5 → 2'], 'payouts': [2, 412, 370]}}",5.0,5,9,レッドスフェーン,2021105308,セ3,57.0,ピーヒュ,118.2,ハナ,0,,40.1,7.9,0,0,2024,1,6,5,1,winter,0,,,0.0,,0,,,,,0,0,0.0,,56.125,,-0.875,,1,0,0.0,0,0,0.0,0.0,,short,0.8460529164645124,0.7843559939417621,0.0,0.5408885929368595,0.0,0.0,0.0,0.0,0.0,0.0,0.0,-0.28347335475692037,0.0,-0.28347335475692037,-0.28347335475692037,0.4989828390833299,-0.684096707999451,0.0,-0.28347335475692037,-0.28347335475692037,-0.41803980857497053,-0.5359422007578724,-0.41803980857497053,-0.5359422007578724
202408010106,2024-01-06,京都,6,一般,"{'win': {'combinations': ['2'], 'payouts': [130]}, 'place': {'combinations': ['2', '3', '7'], 'payouts': [100, 130, 120]}, 'bracket_quinella': {'combinations': ['2 - 3'], 'payouts': [410]}, 'quinella': {'combinations': ['2 - 3'], 'payouts': [370]}, 'wide': {'combinations': ['2 - 3', '2 - 7', '3 - 7'], 'payouts': [160, 150, 240]}, 'exacta': {'combinations': ['2 → 3'], 'payouts': [430]}, 'trio': {'combinations': ['2 - 3 - 7'], 'payouts': [300]}, 'trifecta': {'combinations': ['2 → 3 → 7'], 'payouts': [1, 90]}}",5.0,1,1,ルージュレベッカ,2021105312,牝3,55.0,古川吉洋,70.3,2,0,,34.9,30.6,1,0,2024,1,6,5,1,winter,0,,,0.0,,0,,,,,0,0,0.0,,55.6,,0.6000000000000014,,1,0,0.0,0,0,0.0,0.0,,short,-0.3790468937638338,-1.607199950182423,0.0,-1.5198265307438643,0.0,0.0,0.0,0.0,0.0,0.0,0.0,-0.28347335475692037,0.0,-0.28347335475692037,-0.28347335475692037,-0.018533648308810456,0.46909488548533906,0.0,-0.28347335475692037,-0.28347335475692037,-0.41803980857497053,-0.5359422007578724,-0.41803980857497053,-0.5359422007578724
202406010110,2024-01-06,中山,10,一般,"{'win': {'combinations': ['1'], 'payouts': [380]}, 'place': {'combinations': ['1', '4', '3'], 'payouts': [150, 250, 130]}, 'bracket_quinella': {'combinations': ['1 - 4'], 'payouts': [2, 580]}, 'quinella': {'combinations': ['1 - 4'], 'payouts': [2, 520]}, 'wide': {'combinations': ['1 - 4', '1 - 3', '3 - 4'], 'payouts': [880, 280, 670]}, 'exacta': {'combinations': ['1 → 4'], 'payouts': [4, 20]}, 'trio': {'combinations': ['1 - 3 - 4'], 'payouts': [2, 340]}, 'trifecta': {'combinations': ['1 → 4 → 3'], 'payouts': [13, 920]}}",1.0,1,1,キャプテンシー,2021105370,牡3,57.0,キング,92.5,nan,0,,34.6,3.8,0,0,2024,1,6,5,1,winter,0,,,0.0,,1,,,,,0,1,1.0,,57.0,,0.0,,1,1,1.0,1,1,1.0,1.0,,short,0.8460529164645124,-0.4987961514442829,0.0,-1.6387139417254433,0.0,0.0,0.0,0.0,0.0,0.0,0.0,3.527668414752787,0.0,3.527668414752787,3.527668414752787,1.3615103180702328,8.034379279775345e-17,0.0,3.527668414752787,3.527668414752787,2.39211668240122,1.8658728470829629,2.39211668240122,1.8658728470829629
202406010110,2024-01-06,中山,10,一般,"{'win': {'combinations': ['1'], 'payouts': [380]}, 'place': {'combinations': ['1', '4', '3'], 'payouts': [150, 250, 130]}, 'bracket_quinella': {'combinations': ['1 - 4'], 'payouts': [2, 580]}, 'quinella': {'combinations': ['1 - 4'], 'payouts': [2, 520]}, 'wide': {'combinations': ['1 - 4', '1 - 3', '3 - 4'], 'payouts': [880, 280, 670]}, 'exacta': {'combinations': ['1 → 4'], 'payouts': [4, 20]}, 'trio': {'combinations': ['1 - 3 - 4'], 'payouts': [2, 340]}, 'trifecta': {'combinations': ['1 → 4 → 3'], 'payouts': [13, 920]}}",7.0,7,8,シンドリームシン,2021105382,牡3,57.0,田辺裕信,93.9,3.1/2,0,,35.2,14.0,0,0,2024,1,6,5,1,winter,0,,,0.0,,0,,,,,0,0,0.0,,57.0,,0.0,,1,0,0.0,0,0,0.0,0.0,,short,0.8460529164645124,-0.42889681278512065,0.0,-1.4009391197622825,0.0,0.0,0.0,0.0,0.0,0.0,0.0,-0.28347335475692037,0.0,-0.28347335475692037,-0.28347335475692037,1.3615103180702328,8.034379279775345e-17,0.0,-0.28347335475692037,-0.28347335475692037,-0.41803980857497053,-0.5359422007578724,-0.41803980857497053,-0.5359422007578724
202408010106,2024-01-06,京都,6,一般,"{'win': {'combinations': ['2'], 'payouts': [130]}, 'place': {'combinations': ['2', '3', '7'], 'payouts': [100, 130, 120]}, 'bracket_quinella': {'combinations': ['2 - 3'], 'payouts': [410]}, 'quinella': {'combinations': ['2 - 3'], 'payouts': [370]}, 'wide': {'combinations': ['2 - 3', '2 - 7', '3 - 7'], 'payouts': [160, 150, 240]}, 'exacta': {'combinations': ['2 → 3'], 'payouts': [430]}, 'trio': {'combinations': ['2 - 3 - 7'], 'payouts': [300]}, 'trifecta': {'combinations': ['2 → 3 → 7'], 'payouts': [1, 90]}}",9.0,4,4,アナベルエクラ,2021105435,牝3,55.0,岩田望来,71.3,4,0,,35.6,100.8,1,0,2024,1,6,5,1,winter,0,,,0.0,,0,,,,,0,0,0.0,,55.6,,0.6000000000000014,,1,0,0.0,0,0,0.0,0.0,,short,-0.3790468937638338,-1.5572718511401644,0.0,-1.2424225717868427,0.0,0.0,0.0,0.0,0.0,0.0,0.0,-0.28347335475692037,0.0,-0.28347335475692037,-0.28347335475692037,-0.018533648308810456,0.46909488548533906,0.0,-0.28347335475692037,-0.28347335475692037,-0.41803980857497053,-0.5359422007578724,-0.41803980857497053,-0.5359422007578724
202408010105,2024-01-06,京都,5,一般,"{'win': {'combinations': ['2'], 'payouts': [640]}, 'place': {'combinations': ['2', '3', '1'], 'payouts': [220, 240, 350]}, 'bracket_quinella': {'combinations': ['1 - 2'], 'payouts': [1, 160]}, 'quinella': {'combinations': ['2 - 3'], 'payouts': [1, 960]}, 'wide': {'combinations': ['2 - 3', '1 - 2', '1 - 3'], 'payouts': [790, 990, 1, 50]}, 'exacta': {'combinations': ['2 → 3'], 'payouts': [3, 880]}, 'trio': {'combinations': ['1 - 2 - 3'], 'payouts': [6, 790]}, 'trifecta': {'combinations': ['2 → 3 → 1'], 'payouts': [31, 860]}}",4.0,4,7,スピードリッチ,2021105438,牡3,57.0,藤岡康太,108.9,1.1/2,0,,35.5,3.4,1,0,2024,1,6,5,1,winter,0,,,0.0,,0,,,,,0,0,0.0,,55.888888888888886,,-1.1111111111111143,,1,0,0.0,0,0,0.0,0.0,,short,0.8460529164645124,0.32002467284875774,0.0,-1.2820517087807033,0.0,0.0,0.0,0.0,0.0,0.0,0.0,-0.28347335475692037,0.0,-0.28347335475692037,-0.28347335475692037,0.2662373288805117,-0.8686942323802578,0.0,-0.28347335475692037,-0.28347335475692037,-0.41803980857497053,-0.5359422007578724,-0.41803980857497053,-0.5359422007578724
202408010105,2024-01-06,京都,5,一般,"{'win': {'combinations': ['2'], 'payouts': [640]}, 'place': {'combinations': ['2', '3', '1'], 'payouts': [220, 240, 350]}, 'bracket_quinella': {'combinations': ['1 - 2'], 'payouts': [1, 160]}, 'quinella': {'combinations': ['2 - 3'], 'payouts': [1, 960]}, 'wide': {'combinations': ['2 - 3', '1 - 2', '1 - 3'], 'payouts': [790, 990, 1, 50]}, 'exacta': {'combinations': ['2 → 3'], 'payouts': [3, 880]}, 'trio': {'combinations': ['1 - 2 - 3'], 'payouts': [6, 790]}, 'trifecta': {'combinations': ['2 → 3 → 1'], 'payouts': [31, 860]}}",1.0,1,2,エラトー,2021105442,牝3,55.0,ルメート,108.4,nan,0,,35.3,6.4,1,0,2024,1,6,5,1,winter,0,,,0.0,,1,,,,,0,1,1.0,,55.888888888888886,,0.8888888888888857,,1,1,1.0,1,1,1.0,1.0,,short,-0.3790468937638338,0.29506062332762845,0.0,-1.3613099827684245,0.0,0.0,0.0,0.0,0.0,0.0,0.0,3.527668414752787,0.0,3.527668414752787,3.527668414752787,0.2662373288805117,0.6949553859042019,0.0,3.527668414752787,3.527668414752787,2.39211668240122,1.8658728470829629,2.39211668240122,1.8658728470829629
202408010105,2024-01-06,京都,5,一般,"{'win': {'combinations': ['2'], 'payouts': [640]}, 'place': {'combinations': ['2', '3', '1'], 'payouts': [220, 240, 350]}, 'bracket_quinella': {'combinations': ['1 - 2'], 'payouts': [1, 160]}, 'quinella': {'combinations': ['2 - 3'], 'payouts': [1, 960]}, 'wide': {'combinations': ['2 - 3', '1 - 2', '1 - 3'], 'payouts': [790, 990, 1, 50]}, 'exacta': {'combinations': ['2 → 3'], 'payouts': [3, 880]}, 'trio': {'combinations': ['1 - 2 - 3'], 'payouts': [6, 790]}, 'trifecta': {'combinations': ['2 → 3 → 1'], 'payouts': [31, 860]}}",7.0,7,15,セングンバンバ,2021105444,牡3,57.0,岩田康誠,96.25,nan,0,,39.1,---,1,0,2024,1,6,5,1,winter,0,,,0.0,,0,,,,,0,0,0.0,,55.888888888888886,,-1.1111111111111143,,1,0,0.0,0,0,0.0,0.0,,short,0.8460529164645124,-0.3115657800358133,0.0,0.14459722299825906,0.0,0.0,0.0,0.0,0.0,0.0,0.0,-0.28347335475692037,0.0,-0.28347335475692037,-0.28347335475692037,0.2662373288805117,-0.8686942323802578,0.0,-0.28347335475692037,-0.28347335475692037,-0.41803980857497053,-0.5359422007578724,-0.41803980857497053,-0.5359422007578724
202406010105,2024-01-06,中山,5,一般,"{'win': {'combinations': ['15'], 'payouts': [280]}, 'place': {'combinations': ['15', '2', '7'], 'payouts': [130, 160, 140]}, 'bracket_quinella': {'combinations': ['1 - 8'], 'payouts': [890]}, 'quinella': {'combinations': ['2 - 15'], 'payouts': [1, 230]}, 'wide': {'combinations': ['2 - 15', '7 - 15', '2 - 7'], 'payouts': [440, 330, 340]}, 'exacta': {'combinations': ['15 → 2'], 'payouts': [1, 750]}, 'trio': {'combinations': ['2 - 7 - 15'], 'payouts': [1, 240]}, 'trifecta': {'combinations': ['15 → 2 → 7'], 'payouts': [6, 220]}}",6.0,6,12,エラン,2021105453,牡3,57.0,ピーヒュ,120.5,3/4,0,,35.3,66.9,0,0,2024,1,6,5,1,winter,0,,,0.0,,0,,,,,0,0,0.0,,55.8235294117647,,-1.176470588235297,,1,0,0.0,0,0,0.0,0.0,,short,0.8460529164645124,0.8991906217389567,0.0,-1.3613099827684245,0.0,0.0,0.0,0.0,0.0,0.0,0.0,-0.28347335475692037,0.0,-0.28347335475692037,-0.28347335475692037,0.20180950598699912,-0.9197938931085079,0.0,-0.28347335475692037,-0.28347335475692037,-0.41803980857497053,-0.5359422007578724,-0.41803980857497053,-0.5359422007578724
202406010105,2024-01-06,中山,5,一般,"{'win': {'combinations': ['15'], 'payouts': [280]}, 'place': {'combinations': ['15', '2', '7'], 'payouts': [130, 160, 140]}, 'bracket_quinella': {'combinations': ['1 - 8'], 'payouts': [890]}, 'quinella': {'combinations': ['2 - 15'], 'payouts': [1, 230]}, 'wide': {'combinations': ['2 - 15', '7 - 15', '2 - 7'], 'payouts': [440, 330, 340]}, 'exacta': {'combinations': ['15 → 2'], 'payouts': [1, 750]}, 'trio': {'combinations': ['2 - 7 - 15'], 'payouts': [1, 240]}, 'trifecta': {'combinations': ['15 → 2 → 7'], 'payouts': [6, 220]}}",4.0,5,10,ウォータースケイプ,2021105458,牡3,57.0,戸崎圭太,120.3,3,0,,35.6,4.2,0,0,2024,1,6,5,1,winter,0,,,0.0,,0,,,,,0,0,0.0,,55.8235294117647,,-1.176470588235297,,1,0,0.0,0,0,0.0,0.0,,short,0.8460529164645124,0.8892050019305049,0.0,-1.2424225717868427,0.0,0.0,0.0,0.0,0.0,0.0,0.0,-0.28347335475692037,0.0,-0.28347335475692037,-0.28347335475692037,0.20180950598699912,-0.9197938931085079,0.0,-0.28347335475692037,-0.28347335475692037,-0.41803980857497053,-0.5359422007578724,-0.41803980857497053,-0.5359422007578724
202408010102,2024-01-06,京都,2,一般,"{'win': {'combinations': ['1'], 'payouts': [900]}, 'place': {'combinations': ['1', '3', '15'], 'payouts': [320, 200, 380]}, 'bracket_quinella': {'combinations': ['1 - 2'], 'payouts': [1, 180]}, 'quinella': {'combinations': ['1 - 3'], 'payouts': [2, 860]}, 'wide': {'combinations': ['1 - 3', '1 - 15', '3 - 15'], 'payouts': [1, 130, 2, 800, 1, 30]}, 'exacta': {'combinations': ['1 → 3'], 'payouts': [6, 480]}, 'trio': {'combinations': ['1 - 3 - 15'], 'payouts': [15, 360]}, 'trifecta': {'combinations': ['1 → 3 → 15'], 'payouts': [60, 960]}}",1.0,1,1,ハーバーライト,2021105477,牡3,57.0,和田竜二,122.7,nan,0,,38.9,9.0,1,0,2024,1,6,5,1,winter,0,,,0.0,,1,,,,,0,1,1.0,,56.625,,-0.375,,1,1,1.0,1,1,1.0,1.0,,short,0.8460529164645124,1.0090324396319257,0.0,0.06533894901053781,0.0,0.0,0.0,0.0,0.0,0.0,0.0,3.527668414752787,0.0,3.527668414752787,3.527668414752787,0.9918556842187031,-0.29318430342833607,0.0,3.527668414752787,3.527668414752787,2.39211668240122,1.8658728470829629,2.39211668240122,1.8658728470829629
202406010105,2024-01-06,中山,5,一般,"{'win': {'combinations': ['15'], 'payouts': [280]}, 'place': {'combinations': ['15', '2', '7'], 'payouts': [130, 160, 140]}, 'bracket_quinella': {'combinations': ['1 - 8'], 'payouts': [890]}, 'quinella': {'combinations': ['2 - 15'], 'payouts': [1, 230]}, 'wide': {'combinations': ['2 - 15', '7 - 15', '2 - 7'], 'payouts': [440, 330, 340]}, 'exacta': {'combinations': ['15 → 2'], 'payouts': [1, 750]}, 'trio': {'combinations': ['2 - 7 - 15'], 'payouts': [1, 240]}, 'trifecta': {'combinations': ['15 → 2 → 7'], 'payouts': [6, 220]}}",1.0,8,15,ミッキーラッキー,2021105561,牡3,57.0,キング,119.8,nan,0,,35.4,2.8,0,0,2024,1,6,5,1,winter,0,,,0.0,,1,,,,,0,1,1.0,,55.8235294117647,,-1.176470588235297,,1,1,1.0,1,1,1.0,1.0,,short,0.8460529164645124,0.8642409524093756,0.0,-1.321680845774564,0.0,0.0,0.0,0.0,0.0,0.0,0.0,3.527668414752787,0.0,3.527668414752787,3.527668414752787,0.20180950598699912,-0.9197938931085079,0.0,3.527668414752787,3.527668414752787,2.39211668240122,1.8658728470829629,2.39211668240122,1.8658728470829629
202408010105,2024-01-06,京都,5,一般,"{'win': {'combinations': ['2'], 'payouts': [640]}, 'place': {'combinations': ['2', '3', '1'], 'payouts': [220, 240, 350]}, 'bracket_quinella': {'combinations': ['1 - 2'], 'payouts': [1, 160]}, 'quinella': {'combinations': ['2 - 3'], 'payouts': [1, 960]}, 'wide': {'combinations': ['2 - 3', '1 - 2', '1 - 3'], 'payouts': [790, 990, 1, 50]}, 'exacta': {'combinations': ['2 → 3'], 'payouts': [3, 880]}, 'trio': {'combinations': ['1 - 2 - 3'], 'payouts': [6, 790]}, 'trifecta': {'combinations': ['2 → 3 → 1'], 'payouts': [31, 860]}}",2.0,2,3,カズミクラーシュ,2021105564,牡3,57.0,松山弘平,108.5,3/4,0,,35.0,6.3,1,0,2024,1,6,5,1,winter,0,,,0.0,,0,,,,,0,0,0.0,,55.888888888888886,,-1.1111111111111143,,1,0,0.0,1,1,1.0,1.0,,short,0.8460529164645124,0.300053433231854,0.0,-1.4801973937500037,0.0,0.0,0.0,0.0,0.0,0.0,0.0,-0.28347335475692037,0.0,-0.28347335475692037,-0.28347335475692037,0.2662373288805117,-0.8686942323802578,0.0,-0.28347335475692037,-0.28347335475692037,2.39211668240122,1.8658728470829629,2.39211668240122,1.8658728470829629
202406010110,2024-01-06,中山,10,一般,"{'win': {'combinations': ['1'], 'payouts': [380]}, 'place': {'combinations': ['1', '4', '3'], 'payouts': [150, 250, 130]}, 'bracket_quinella': {'combinations': ['1 - 4'], 'payouts': [2, 580]}, 'quinella': {'combinations': ['1 - 4'], 'payouts': [2, 520]}, 'wide': {'combinations': ['1 - 4', '1 - 3', '3 - 4'], 'payouts': [880, 280, 670]}, 'exacta': {'combinations': ['1 → 4'], 'payouts': [4, 20]}, 'trio': {'combinations': ['1 - 3 - 4'], 'payouts': [2, 340]}, 'trifecta': {'combinations': ['1 → 4 → 3'], 'payouts': [13, 920]}}",10.0,8,10,カズゴルティス,2021105608,牡3,57.0,ピーヒュ,94.3,1/2,0,,36.2,14.1,0,0,2024,1,6,5,1,winter,0,,,0.0,,0,,,,,0,0,0.0,,57.0,,0.0,,1,0,0.0,0,0,0.0,0.0,,short,0.8460529164645124,-0.40892557316821765,0.0,-1.0046477498236819,0.0,0.0,0.0,0.0,0.0,0.0,0.0,-0.28347335475692037,0.0,-0.28347335475692037,-0.28347335475692037,1.3615103180702328,8.034379279775345e-17,0.0,-0.28347335475692037,-0.28347335475692037,-0.41803980857497053,-0.5359422007578724,-0.41803980857497053,-0.5359422007578724
202408010101,2024-01-06,京都,1,一般,"{'win': {'combinations': ['15'], 'payouts': [260]}, 'place': {'combinations': ['15', '3', '6'], 'payouts': [180, 340, 650]}, 'bracket_quinella': {'combinations': ['2 - 8'], 'payouts': [1, 730]}, 'quinella': {'combinations': ['3 - 15'], 'payouts': [2, 830]}, 'wide': {'combinations': ['3 - 15', '6 - 15', '3 - 6'], 'payouts': [1, 50, 1, 110, 3, 350]}, 'exacta': {'combinations': ['15 → 3'], 'payouts': [3, 990]}, 'trio': {'combinations': ['3 - 6 - 15'], 'payouts': [17, 740]}, 'trifecta': {'combinations': ['15 → 3 → 6'], 'payouts': [51, 620]}}",3.0,3,6,ルージュシュエット,2021105640,牝3,55.0,鮫島克駿,115.9,アタマ,0,,40.0,32.3,1,0,2024,1,6,5,1,winter,0,,,0.0,,0,,,,,0,0,0.0,,56.3125,,1.3125,,1,0,0.0,0,1,0.0,1.0,,short,-0.3790468937638338,0.6695213661445676,0.0,0.5012594559429989,0.0,0.0,0.0,0.0,0.0,0.0,0.0,-0.28347335475692037,0.0,-0.28347335475692037,-0.28347335475692037,0.6838101560090948,1.0261450619991765,0.0,-0.28347335475692037,-0.28347335475692037,-0.41803980857497053,1.8658728470829629,-0.41803980857497053,1.8658728470829629
202406010104,2024-01-06,中山,4,一般,"{'win': {'combinations': ['4'], 'payouts': [5, 860]}, 'place': {'combinations': ['4', '5', '2'], 'payouts': [1, 270, 2, 630, 400]}, 'bracket_quinella': {'combinations': ['2 - 3'], 'payouts': [4, 720]}, 'quinella': {'combinations': ['4 - 5'], 'payouts': [153, 810]}, 'wide': {'combinations': ['4 - 5', '2 - 4', '2 - 5'], 'payouts': [32, 360, 5, 480, 8, 690]}, 'exacta': {'combinations': ['4 → 5'], 'payouts': [264, 220]}, 'trio': {'combinations': ['2 - 4 - 5'], 'payouts': [385, 890]}, 'trifecta': {'combinations': ['4 → 5 → 2'], 'payouts': [2, 412, 370]}}",12.0,4,7,リムショット,2021105656,牡3,57.0,キングス,119.8,クビ,0,,39.7,20.3,0,0,2024,1,6,5,1,winter,0,,,0.0,,0,,,,,0,0,0.0,,56.125,,-0.875,,1,0,0.0,0,0,0.0,0.0,,short,0.8460529164645124,0.8642409524093756,0.0,0.3823720449614199,0.0,0.0,0.0,0.0,0.0,0.0,0.0,-0.28347335475692037,0.0,-0.28347335475692037,-0.28347335475692037,0.4989828390833299,-0.684096707999451,0.0,-0.28347335475692037,-0.28347335475692037,-0.41803980857497053,-0.5359422007578724,-0.41803980857497053,-0.5359422007578724
202408010105,2024-01-06,京都,5,一般,"{'win': {'combinations': ['2'], 'payouts': [640]}, 'place': {'combinations': ['2', '3', '1'], 'payouts': [220, 240, 350]}, 'bracket_quinella': {'combinations': ['1 - 2'], 'payouts': [1, 160]}, 'quinella': {'combinations': ['2 - 3'], 'payouts': [1, 960]}, 'wide': {'combinations': ['2 - 3', '1 - 2', '1 - 3'], 'payouts': [790, 990, 1, 50]}, 'exacta': {'combinations': ['2 → 3'], 'payouts': [3, 880]}, 'trio': {'combinations': ['1 - 2 - 3'], 'payouts': [6, 790]}, 'trifecta': {'combinations': ['2 → 3 → 1'], 'payouts': [31, 860]}}",6.0,3,5,コルレオニス,2021105704,牡3,57.0,モリス,109.1,クビ,0,,35.9,6.4,1,0,2024,1,6,5,1,winter,0,,,0.0,,0,,,,,0,0,0.0,,55.888888888888886,,-1.1111111111111143,,1,0,0.0,0,0,0.0,0.0,,short,0.8460529164645124,0.3300102926572089,0.0,-1.1235351608052637,0.0,0.0,0.0,0.0,0.0,0.0,0.0,-0.28347335475692037,0.0,-0.28347335475692037,-0.28347335475692037,0.2662373288805117,-0.8686942323802578,0.0,-0.28347335475692037,-0.28347335475692037,-0.41803980857497053,-0.5359422007578724,-0.41803980857497053,-0.5359422007578724
202406010110,2024-01-06,中山,10,一般,"{'win': {'combinations': ['1'], 'payouts': [380]}, 'place': {'combinations': ['1', '4', '3'], 'payouts': [150, 250, 130]}, 'bracket_quinella': {'combinations': ['1 - 4'], 'payouts': [2, 580]}, 'quinella': {'combinations': ['1 - 4'], 'payouts': [2, 520]}, 'wide': {'combinations': ['1 - 4', '1 - 3', '3 - 4'], 'payouts': [880, 280, 670]}, 'exacta': {'combinations': ['1 → 4'], 'payouts': [4, 20]}, 'trio': {'combinations': ['1 - 3 - 4'], 'payouts': [2, 340]}, 'trifecta': {'combinations': ['1 → 4 → 3'], 'payouts': [13, 920]}}",9.0,7,7,ボーモンド,2021105777,牡3,57.0,戸崎圭太,94.2,2,0,,36.0,4.9,0,0,2024,1,6,5,1,winter,0,,,0.0,,0,,,,,0,0,0.0,,57.0,,0.0,,1,0,0.0,0,0,0.0,0.0,,short,0.8460529164645124,-0.4139183830724432,0.0,-1.083906023811403,0.0,0.0,0.0,0.0,0.0,0.0,0.0,-0.28347335475692037,0.0,-0.28347335475692037,-0.28347335475692037,1.3615103180702328,8.034379279775345e-17,0.0,-0.28347335475692037,-0.28347335475692037,-0.41803980857497053,-0.5359422007578724,-0.41803980857497053,-0.5359422007578724
202406010101,2024-01-06,中山,1,一般,"{'win': {'combinations': ['14'], 'payouts': [420]}, 'place': {'combinations': ['14', '7', '16'], 'payouts': [230, 270, 340]}, 'bracket_quinella': {'combinations': ['4 - 7'], 'payouts': [1, 950]}, 'quinella': {'combinations': ['7 - 14'], 'payouts': [2, 30]}, 'wide': {'combinations': ['7 - 14', '14 - 16', '7 - 16'], 'payouts': [750, 1, 110, 1, 910]}, 'exacta': {'combinations': ['14 → 7'], 'payouts': [3, 50]}, 'trio': {'combinations': ['7 - 14 - 16'], 'payouts': [8, 700]}, 'trifecta': {'combinations': ['14 → 7 → 16'], 'payouts': [32, 80]}}",1.0,7,14,サンディブロンド,2021105821,牝3,55.0,戸崎圭太,72.6,nan,0,,38.5,4.2,0,0,2024,1,6,5,1,winter,0,,,0.0,,1,,,,,0,1,1.0,,55.8125,,0.8125,,1,1,1.0,1,1,1.0,1.0,,short,-0.3790468937638338,-1.4923653223852285,0.0,-0.09317759896490183,0.0,0.0,0.0,0.0,0.0,0.0,0.0,3.527668414752787,0.0,3.527668414752787,3.527668414752787,0.1909373108737217,0.6352326574280618,0.0,3.527668414752787,3.527668414752787,2.39211668240122,1.8658728470829629,2.39211668240122,1.8658728470829629
202408010101,2024-01-06,京都,1,一般,"{'win': {'combinations': ['15'], 'payouts': [260]}, 'place': {'combinations': ['15', '3', '6'], 'payouts': [180, 340, 650]}, 'bracket_quinella': {'combinations': ['2 - 8'], 'payouts': [1, 730]}, 'quinella': {'combinations': ['3 - 15'], 'payouts': [2, 830]}, 'wide': {'combinations': ['3 - 15', '6 - 15', '3 - 6'], 'payouts': [1, 50, 1, 110, 3, 350]}, 'exacta': {'combinations': ['15 → 3'], 'payouts': [3, 990]}, 'trio': {'combinations': ['3 - 6 - 15'], 'payouts': [17, 740]}, 'trifecta': {'combinations': ['15 → 3 → 6'], 'payouts': [51, 620]}}",14.0,2,4,メネラオス,2021105840,牡3,57.0,ルメート,118.3,9,0,,41.6,66.5,1,0,2024,1,6,5,1,winter,0,,,0.0,,0,,,,,0,0,0.0,,56.3125,,-0.6875,,1,0,0.0,0,0,0.0,0.0,,short,0.8460529164645124,0.7893488038459877,0.0,1.1353256478447604,0.0,0.0,0.0,0.0,0.0,0.0,0.0,-0.28347335475692037,0.0,-0.28347335475692037,-0.28347335475692037,0.6838101560090948,-0.5375045562852829,0.0,-0.28347335475692037,-0.28347335475692037,-0.41803980857497053,-0.5359422007578724,-0.41803980857497053,-0.5359422007578724
202406010110,2024-01-06,中山,10,一般,"{'win': {'combinations': ['1'], 'payouts': [380]}, 'place': {'combinations': ['1', '4', '3'], 'payouts': [150, 250, 130]}, 'bracket_quinella': {'combinations': ['1 - 4'], 'payouts': [2, 580]}, 'quinella': {'combinations': ['1 - 4'], 'payouts': [2, 520]}, 'wide': {'combinations': ['1 - 4', '1 - 3', '3 - 4'], 'payouts': [880, 280, 670]}, 'exacta': {'combinations': ['1 → 4'], 'payouts': [4, 20]}, 'trio': {'combinations': ['1 - 3 - 4'], 'payouts': [2, 340]}, 'trifecta': {'combinations': ['1 → 4 → 3'], 'payouts': [13, 920]}}",5.0,6,6,ソニックライン,2021105871,牡3,57.0,キングス,93.1,アタマ,0,,34.5,6.1,0,0,2024,1,6,5,1,winter,0,,,0.0,,0,,,,,0,0,0.0,,57.0,,0.0,,1,0,0.0,0,0,0.0,0.0,,short,0.8460529164645124,-0.46883929201892804,0.0,-1.6783430787193039,0.0,0.0,0.0,0.0,0.0,0.0,0.0,-0.28347335475692037,0.0,-0.28347335475692037,-0.28347335475692037,1.3615103180702328,8.034379279775345e-17,0.0,-0.28347335475692037,-0.28347335475692037,-0.41803980857497053,-0.5359422007578724,-0.41803980857497053,-0.5359422007578724
202406010105,2024-01-06,中山,5,一般,"{'win': {'combinations': ['15'], 'payouts': [280]}, 'place': {'combinations': ['15', '2', '7'], 'payouts': [130, 160, 140]}, 'bracket_quinella': {'combinations': ['1 - 8'], 'payouts': [890]}, 'quinella': {'combinations': ['2 - 15'], 'payouts': [1, 230]}, 'wide': {'combinations': ['2 - 15', '7 - 15', '2 - 7'], 'payouts': [440, 330, 340]}, 'exacta': {'combinations': ['15 → 2'], 'payouts': [1, 750]}, 'trio': {'combinations': ['2 - 7 - 15'], 'payouts': [1, 240]}, 'trifecta': {'combinations': ['15 → 2 → 7'], 'payouts': [6, 220]}}",13.0,7,14,フォローウィンド,2021105904,牡3,57.0,三浦皇成,121.4,1/2,0,,35.8,7.3,0,0,2024,1,6,5,1,winter,0,,,0.0,,0,,,,,0,0,0.0,,55.8235294117647,,-1.176470588235297,,1,0,0.0,0,0,0.0,0.0,,short,0.8460529164645124,0.9441259108769897,0.0,-1.1631642977991243,0.0,0.0,0.0,0.0,0.0,0.0,0.0,-0.28347335475692037,0.0,-0.28347335475692037,-0.28347335475692037,0.20180950598699912,-0.9197938931085079,0.0,-0.28347335475692037,-0.28347335475692037,-0.41803980857497053,-0.5359422007578724,-0.41803980857497053,-0.5359422007578724
202408010103,2024-01-06,京都,3,一般,"{'win': {'combinations': ['8'], 'payouts': [360]}, 'place': {'combinations': ['8', '12', '2'], 'payouts': [130, 150, 180]}, 'bracket_quinella': {'combinations': ['4 - 6'], 'payouts': [300]}, 'quinella': {'combinations': ['8 - 12'], 'payouts': [800]}, 'wide': {'combinations': ['8 - 12', '2 - 8', '2 - 12'], 'payouts': [330, 490, 660]}, 'exacta': {'combinations': ['8 → 12'], 'payouts': [1, 490]}, 'trio': {'combinations': ['2 - 8 - 12'], 'payouts': [2, 140]}, 'trifecta': {'combinations': ['8 → 12 → 2'], 'payouts': [7, 480]}}",3.0,1,2,ハッピーダンス,2021105916,牝3,55.0,西村淳也,86.6,3.1/2,0,,38.3,8.0,1,0,2024,1,6,5,1,winter,0,,,0.0,,0,,,,,0,0,0.0,,54.1875,,-0.8125,,1,0,0.0,0,1,0.0,1.0,,short,-0.3790468937638338,-0.7933719357936087,0.0,-0.17243587295262305,0.0,0.0,0.0,0.0,0.0,0.0,0.0,-0.28347335475692037,0.0,-0.28347335475692037,-0.28347335475692037,-1.410899435816241,-0.6352326574280616,0.0,-0.28347335475692037,-0.28347335475692037,-0.41803980857497053,1.8658728470829629,-0.41803980857497053,1.8658728470829629
202408010104,2024-01-06,京都,4,一般,"{'win': {'combinations': ['6'], 'payouts': [360]}, 'place': {'combinations': ['6', '12', '4'], 'payouts': [160, 260, 140]}, 'bracket_quinella': {'combinations': ['3 - 6'], 'payouts': [1, 810]}, 'quinella': {'combinations': ['6 - 12'], 'payouts': [2, 150]}, 'wide': {'combinations': ['6 - 12', '4 - 6', '4 - 12'], 'payouts': [740, 320, 800]}, 'exacta': {'combinations': ['6 → 12'], 'payouts': [3, 340]}, 'trio': {'combinations': ['4 - 6 - 12'], 'payouts': [2, 310]}, 'trifecta': {'combinations': ['6 → 12 → 4'], 'payouts': [13, 440]}}",6.0,5,10,ギマール,2021105931,牡3,57.0,岩田康誠,117.8,1.1/2,0,,37.7,11.5,1,0,2024,1,6,5,1,winter,0,,,0.0,,0,,,,,0,0,0.0,,56.3125,,-0.6875,,1,0,0.0,0,0,0.0,0.0,,short,0.8460529164645124,0.7643847543248584,0.0,-0.4102106949157811,0.0,0.0,0.0,0.0,0.0,0.0,0.0,-0.28347335475692037,0.0,-0.28347335475692037,-0.28347335475692037,0.6838101560090948,-0.5375045562852829,0.0,-0.28347335475692037,-0.28347335475692037,-0.41803980857497053,-0.5359422007578724,-0.41803980857497053,-0.5359422007578724
202406010101,2024-01-06,中山,1,一般,"{'win': {'combinations': ['14'], 'payouts': [420]}, 'place': {'combinations': ['14', '7', '16'], 'payouts': [230, 270, 340]}, 'bracket_quinella': {'combinations': ['4 - 7'], 'payouts': [1, 950]}, 'quinella': {'combinations': ['7 - 14'], 'payouts': [2, 30]}, 'wide': {'combinations': ['7 - 14', '14 - 16', '7 - 16'], 'payouts': [750, 1, 110, 1, 910]}, 'exacta': {'combinations': ['14 → 7'], 'payouts': [3, 50]}, 'trio': {'combinations': ['7 - 14 - 16'], 'payouts': [8, 700]}, 'trifecta': {'combinations': ['14 → 7 → 16'], 'payouts': [32, 80]}}",14.0,2,3,エテルノアキーロ,2021106007,牡3,57.0,黛弘人,76.2,5,0,,39.0,422.9,0,0,2024,1,6,5,1,winter,0,,,0.0,,0,,,,,0,0,0.0,,55.8125,,-1.1875,,1,0,0.0,0,0,0.0,0.0,,short,0.8460529164645124,-1.3126241658330973,0.0,0.10496808600439843,0.0,0.0,0.0,0.0,0.0,0.0,0.0,-0.28347335475692037,0.0,-0.28347335475692037,-0.28347335475692037,0.1909373108737217,-0.9284169608563979,0.0,-0.28347335475692037,-0.28347335475692037,-0.41803980857497053,-0.5359422007578724,-0.41803980857497053,-0.5359422007578724
202408010104,2024-01-06,京都,4,一般,"{'win': {'combinations': ['6'], 'payouts': [360]}, 'place': {'combinations': ['6', '12', '4'], 'payouts': [160, 260, 140]}, 'bracket_quinella': {'combinations': ['3 - 6'], 'payouts': [1, 810]}, 'quinella': {'combinations': ['6 - 12'], 'payouts': [2, 150]}, 'wide': {'combinations': ['6 - 12', '4 - 6', '4 - 12'], 'payouts': [740, 320, 800]}, 'exacta': {'combinations': ['6 → 12'], 'payouts': [3, 340]}, 'trio': {'combinations': ['4 - 6 - 12'], 'payouts': [2, 310]}, 'trifecta': {'combinations': ['6 → 12 → 4'], 'payouts': [13, 440]}}",10.0,8,16,タガノアウル,2021106011,牡3,57.0,富田暁,119.0,1.1/2,0,,38.9,140.6,1,0,2024,1,6,5,1,winter,0,,,0.0,,0,,,,,0,0,0.0,,56.3125,,-0.6875,,1,0,0.0,0,0,0.0,0.0,,short,0.8460529164645124,0.8242984731755688,0.0,0.06533894901053781,0.0,0.0,0.0,0.0,0.0,0.0,0.0,-0.28347335475692037,0.0,-0.28347335475692037,-0.28347335475692037,0.6838101560090948,-0.5375045562852829,0.0,-0.28347335475692037,-0.28347335475692037,-0.41803980857497053,-0.5359422007578724,-0.41803980857497053,-0.5359422007578724
202408010104,2024-01-06,京都,4,一般,"{'win': {'combinations': ['6'], 'payouts': [360]}, 'place': {'combinations': ['6', '12', '4'], 'payouts': [160, 260, 140]}, 'bracket_quinella': {'combinations': ['3 - 6'], 'payouts': [1, 810]}, 'quinella': {'combinations': ['6 - 12'], 'payouts': [2, 150]}, 'wide': {'combinations': ['6 - 12', '4 - 6', '4 - 12'], 'payouts': [740, 320, 800]}, 'exacta': {'combinations': ['6 → 12'], 'payouts': [3, 340]}, 'trio': {'combinations': ['4 - 6 - 12'], 'payouts': [2, 310]}, 'trifecta': {'combinations': ['6 → 12 → 4'], 'payouts': [13, 440]}}",4.0,2,3,ケーヴァラ,2021106054,牡3,57.0,水口優也,117.6,1/2,0,,37.8,14.8,1,0,2024,1,6,5,1,winter,0,,,0.0,,0,,,,,0,0,0.0,,56.3125,,-0.6875,,1,0,0.0,0,0,0.0,0.0,,short,0.8460529164645124,0.7543991345164066,0.0,-0.3705815579219233,0.0,0.0,0.0,0.0,0.0,0.0,0.0,-0.28347335475692037,0.0,-0.28347335475692037,-0.28347335475692037,0.6838101560090948,-0.5375045562852829,0.0,-0.28347335475692037,-0.28347335475692037,-0.41803980857497053,-0.5359422007578724,-0.41803980857497053,-0.5359422007578724
202406010110,2024-01-06,中山,10,一般,"{'win': {'combinations': ['1'], 'payouts': [380]}, 'place': {'combinations': ['1', '4', '3'], 'payouts': [150, 250, 130]}, 'bracket_quinella': {'combinations': ['1 - 4'], 'payouts': [2, 580]}, 'quinella': {'combinations': ['1 - 4'], 'payouts': [2, 520]}, 'wide': {'combinations': ['1 - 4', '1 - 3', '3 - 4'], 'payouts': [880, 280, 670]}, 'exacta': {'combinations': ['1 → 4'], 'payouts': [4, 20]}, 'trio': {'combinations': ['1 - 3 - 4'], 'payouts': [2, 340]}, 'trifecta': {'combinations': ['1 → 4 → 3'], 'payouts': [13, 920]}}",3.0,3,3,ポッドテオ,2021106069,牡3,57.0,北村宏司,93.1,1.1/2,0,,34.8,3.6,0,0,2024,1,6,5,1,winter,0,,,0.0,,0,,,,,0,0,0.0,,57.0,,0.0,,1,0,0.0,0,1,0.0,1.0,,short,0.8460529164645124,-0.46883929201892804,0.0,-1.559455667737725,0.0,0.0,0.0,0.0,0.0,0.0,0.0,-0.28347335475692037,0.0,-0.28347335475692037,-0.28347335475692037,1.3615103180702328,8.034379279775345e-17,0.0,-0.28347335475692037,-0.28347335475692037,-0.41803980857497053,1.8658728470829629,-0.41803980857497053,1.8658728470829629
202406010104,2024-01-06,中山,4,一般,"{'win': {'combinations': ['4'], 'payouts': [5, 860]}, 'place': {'combinations': ['4', '5', '2'], 'payouts': [1, 270, 2, 630, 400]}, 'bracket_quinella': {'combinations': ['2 - 3'], 'payouts': [4, 720]}, 'quinella': {'combinations': ['4 - 5'], 'payouts': [153, 810]}, 'wide': {'combinations': ['4 - 5', '2 - 4', '2 - 5'], 'payouts': [32, 360, 5, 480, 8, 690]}, 'exacta': {'combinations': ['4 → 5'], 'payouts': [264, 220]}, 'trio': {'combinations': ['2 - 4 - 5'], 'payouts': [385, 890]}, 'trifecta': {'combinations': ['4 → 5 → 2'], 'payouts': [2, 412, 370]}}",8.0,2,3,ネオクラウン,2021106120,牡3,57.0,津村明秀,119.3,2,0,,41.4,43.4,0,0,2024,1,6,5,1,winter,0,,,0.0,,0,,,,,0,0,0.0,,56.125,,-0.875,,1,0,0.0,0,0,0.0,0.0,,short,0.8460529164645124,0.8392769028882463,0.0,1.0560673738570392,0.0,0.0,0.0,0.0,0.0,0.0,0.0,-0.28347335475692037,0.0,-0.28347335475692037,-0.28347335475692037,0.4989828390833299,-0.684096707999451,0.0,-0.28347335475692037,-0.28347335475692037,-0.41803980857497053,-0.5359422007578724,-0.41803980857497053,-0.5359422007578724
202408010103,2024-01-06,京都,3,一般,"{'win': {'combinations': ['8'], 'payouts': [360]}, 'place': {'combinations': ['8', '12', '2'], 'payouts': [130, 150, 180]}, 'bracket_quinella': {'combinations': ['4 - 6'], 'payouts': [300]}, 'quinella': {'combinations': ['8 - 12'], 'payouts': [800]}, 'wide': {'combinations': ['8 - 12', '2 - 8', '2 - 12'], 'payouts': [330, 490, 660]}, 'exacta': {'combinations': ['8 → 12'], 'payouts': [1, 490]}, 'trio': {'combinations': ['2 - 8 - 12'], 'payouts': [2, 140]}, 'trifecta': {'combinations': ['8 → 12 → 2'], 'payouts': [7, 480]}}",8.0,5,10,ネオアステーリ,2021106125,牝3,55.0,長岡禎仁,87.6,クビ,0,,39.2,29.1,1,0,2024,1,6,5,1,winter,0,,,0.0,,0,,,,,0,0,0.0,,54.1875,,-0.8125,,1,0,0.0,0,0,0.0,0.0,,short,-0.3790468937638338,-0.7434438367513501,0.0,0.18422635999211967,0.0,0.0,0.0,0.0,0.0,0.0,0.0,-0.28347335475692037,0.0,-0.28347335475692037,-0.28347335475692037,-1.410899435816241,-0.6352326574280616,0.0,-0.28347335475692037,-0.28347335475692037,-0.41803980857497053,-0.5359422007578724,-0.41803980857497053,-0.5359422007578724
202408010105,2024-01-06,京都,5,一般,"{'win': {'combinations': ['2'], 'payouts': [640]}, 'place': {'combinations': ['2', '3', '1'], 'payouts': [220, 240, 350]}, 'bracket_quinella': {'combinations': ['1 - 2'], 'payouts': [1, 160]}, 'quinella': {'combinations': ['2 - 3'], 'payouts': [1, 960]}, 'wide': {'combinations': ['2 - 3', '1 - 2', '1 - 3'], 'payouts': [790, 990, 1, 50]}, 'exacta': {'combinations': ['2 → 3'], 'payouts': [3, 880]}, 'trio': {'combinations': ['1 - 2 - 3'], 'payouts': [6, 790]}, 'trifecta': {'combinations': ['2 → 3 → 1'], 'payouts': [31, 860]}}",5.0,6,11,モンサンケコア,2021106152,牡3,57.0,幸英明,109.1,1,0,,35.2,26.4,1,0,2024,1,6,5,1,winter,0,,,0.0,,0,,,,,0,0,0.0,,55.888888888888886,,-1.1111111111111143,,1,0,0.0,0,0,0.0,0.0,,short,0.8460529164645124,0.3300102926572089,0.0,-1.4009391197622825,0.0,0.0,0.0,0.0,0.0,0.0,0.0,-0.28347335475692037,0.0,-0.28347335475692037,-0.28347335475692037,0.2662373288805117,-0.8686942323802578,0.0,-0.28347335475692037,-0.28347335475692037,-0.41803980857497053,-0.5359422007578724,-0.41803980857497053,-0.5359422007578724
202455010605,2024-01-06,佐賀,5,一般,"{'win': {'combinations': ['10'], 'payouts': [120]}, 'place': {'combinations': ['10', '11', '3'], 'payouts': [100, 520, 130]}, 'bracket_quinella': {'combinations': ['7 - 8'], 'payouts': [350]}, 'quinella': {'combinations': ['10 - 11'], 'payouts': [2, 730]}, 'wide': {'combinations': ['10 - 11', '3 - 10', '3 - 11'], 'payouts': [900, 170, 2, 460]}, 'exacta': {'combinations': ['10 → 11'], 'payouts': [3, 470]}, 'trio': {'combinations': ['3 - 10 - 11'], 'payouts': [3, 340]}, 'trifecta': {'combinations': ['10 → 11 → 3'], 'payouts': [11, 720]}}",3.0,3,3,デッドフレイ,2021106158,牡3,56.0,石川慎将,119.6,2.1/2,0,,39.1,7.3,2,0,2024,1,6,5,1,winter,0,,,0.0,,0,,,,,0,0,0.0,,55.166666666666664,,-0.8333333333333357,,1,0,0.0,0,1,0.0,1.0,,short,0.23350301135033932,0.8542553326009237,0.0,0.14459722299825906,0.0,0.0,0.0,0.0,0.0,0.0,0.0,-0.28347335475692037,0.0,-0.28347335475692037,-0.28347335475692037,-0.44569011409280423,-0.6515206742851932,0.0,-0.28347335475692037,-0.28347335475692037,-0.41803980857497053,1.8658728470829629,-0.41803980857497053,1.8658728470829629
202406010105,2024-01-06,中山,5,一般,"{'win': {'combinations': ['15'], 'payouts': [280]}, 'place': {'combinations': ['15', '2', '7'], 'payouts': [130, 160, 140]}, 'bracket_quinella': {'combinations': ['1 - 8'], 'payouts': [890]}, 'quinella': {'combinations': ['2 - 15'], 'payouts': [1, 230]}, 'wide': {'combinations': ['2 - 15', '7 - 15', '2 - 7'], 'payouts': [440, 330, 340]}, 'exacta': {'combinations': ['15 → 2'], 'payouts': [1, 750]}, 'trio': {'combinations': ['2 - 7 - 15'], 'payouts': [1, 240]}, 'trifecta': {'combinations': ['15 → 2 → 7'], 'payouts': [6, 220]}}",3.0,4,7,ウイントレメンデス,2021106193,牡3,57.0,横山武史,119.8,ハナ,0,,35.5,4.4,0,0,2024,1,6,5,1,winter,0,,,0.0,,0,,,,,0,0,0.0,,55.8235294117647,,-1.176470588235297,,1,0,0.0,0,1,0.0,1.0,,short,0.8460529164645124,0.8642409524093756,0.0,-1.2820517087807033,0.0,0.0,0.0,0.0,0.0,0.0,0.0,-0.28347335475692037,0.0,-0.28347335475692037,-0.28347335475692037,0.20180950598699912,-0.9197938931085079,0.0,-0.28347335475692037,-0.28347335475692037,-0.41803980857497053,1.8658728470829629,-0.41803980857497053,1.8658728470829629
202408010102,2024-01-06,京都,2,一般,"{'win': {'combinations': ['1'], 'payouts': [900]}, 'place': {'combinations': ['1', '3', '15'], 'payouts': [320, 200, 380]}, 'bracket_quinella': {'combinations': ['1 - 2'], 'payouts': [1, 180]}, 'quinella': {'combinations': ['1 - 3'], 'payouts': [2, 860]}, 'wide': {'combinations': ['1 - 3', '1 - 15', '3 - 15'], 'payouts': [1, 130, 2, 800, 1, 30]}, 'exacta': {'combinations': ['1 → 3'], 'payouts': [6, 480]}, 'trio': {'combinations': ['1 - 3 - 15'], 'payouts': [15, 360]}, 'trifecta': {'combinations': ['1 → 3 → 15'], 'payouts': [60, 960]}}",8.0,3,5,ウインメラナイト,2021106196,牡3,57.0,小崎綾也,124.8,1.3/4,0,,40.4,186.4,1,0,2024,1,6,5,1,winter,0,,,0.0,,0,,,,,0,0,0.0,,56.625,,-0.375,,1,0,0.0,0,0,0.0,0.0,,short,0.8460529164645124,1.1138814476206684,0.0,0.6597760039184386,0.0,0.0,0.0,0.0,0.0,0.0,0.0,-0.28347335475692037,0.0,-0.28347335475692037,-0.28347335475692037,0.9918556842187031,-0.29318430342833607,0.0,-0.28347335475692037,-0.28347335475692037,-0.41803980857497053,-0.5359422007578724,-0.41803980857497053,-0.5359422007578724
202406010102,2024-01-06,中山,2,一般,"{'win': {'combinations': ['12'], 'payouts': [730]}, 'place': {'combinations': ['12', '7', '11'], 'payouts': [270, 890, 350]}, 'bracket_quinella': {'combinations': ['4 - 6'], 'payouts': [5, 130]}, 'quinella': {'combinations': ['7 - 12'], 'payouts': [11, 190]}, 'wide': {'combinations': ['7 - 12', '11 - 12', '7 - 11'], 'payouts': [1, 890, 1, 130, 4, 380]}, 'exacta': {'combinations': ['12 → 7'], 'payouts': [15, 690]}, 'trio': {'combinations': ['7 - 11 - 12'], 'payouts': [24, 780]}, 'trifecta': {'combinations': ['12 → 7 → 11'], 'payouts': [130, 760]}}",13.0,8,16,ウインアリス,2021106224,牝3,55.0,キングス,120.8,3.1/2,0,,42.9,28.2,0,0,2024,1,6,5,1,winter,0,,,0.0,,0,,,,,0,0,0.0,,54.0625,,-0.9375,,1,0,0.0,0,0,0.0,0.0,,short,-0.3790468937638338,0.9141690514516341,0.0,1.6505044287649397,0.0,0.0,0.0,0.0,0.0,0.0,0.0,-0.28347335475692037,0.0,-0.28347335475692037,-0.28347335475692037,-1.5341176471000841,-0.7329607585708403,0.0,-0.28347335475692037,-0.28347335475692037,-0.41803980857497053,-0.5359422007578724,-0.41803980857497053,-0.5359422007578724
202408010103,2024-01-06,京都,3,一般,"{'win': {'combinations': ['8'], 'payouts': [360]}, 'place': {'combinations': ['8', '12', '2'], 'payouts': [130, 150, 180]}, 'bracket_quinella': {'combinations': ['4 - 6'], 'payouts': [300]}, 'quinella': {'combinations': ['8 - 12'], 'payouts': [800]}, 'wide': {'combinations': ['8 - 12', '2 - 8', '2 - 12'], 'payouts': [330, 490, 660]}, 'exacta': {'combinations': ['8 → 12'], 'payouts': [1, 490]}, 'trio': {'combinations': ['2 - 8 - 12'], 'payouts': [2, 140]}, 'trifecta': {'combinations': ['8 → 12 → 2'], 'payouts': [7, 480]}}",12.0,2,3,アルピニスト,2021106296,牝3,55.0,鮫島克駿,88.4,3,0,,39.4,59.2,1,0,2024,1,6,5,1,winter,0,,,0.0,,0,,,,,0,0,0.0,,54.1875,,-0.8125,,1,0,0.0,0,0,0.0,0.0,,short,-0.3790468937638338,-0.7035013575175427,0.0,0.26348463397983807,0.0,0.0,0.0,0.0,0.0,0.0,0.0,-0.28347335475692037,0.0,-0.28347335475692037,-0.28347335475692037,-1.410899435816241,-0.6352326574280616,0.0,-0.28347335475692037,-0.28347335475692037,-0.41803980857497053,-0.5359422007578724,-0.41803980857497053,-0.5359422007578724
202406010105,2024-01-06,中山,5,一般,"{'win': {'combinations': ['15'], 'payouts': [280]}, 'place': {'combinations': ['15', '2', '7'], 'payouts': [130, 160, 140]}, 'bracket_quinella': {'combinations': ['1 - 8'], 'payouts': [890]}, 'quinella': {'combinations': ['2 - 15'], 'payouts': [1, 230]}, 'wide': {'combinations': ['2 - 15', '7 - 15', '2 - 7'], 'payouts': [440, 330, 340]}, 'exacta': {'combinations': ['15 → 2'], 'payouts': [1, 750]}, 'trio': {'combinations': ['2 - 7 - 15'], 'payouts': [1, 240]}, 'trifecta': {'combinations': ['15 → 2 → 7'], 'payouts': [6, 220]}}",17.0,6,11,キラーインキラーズ,2021106317,牡3,53.0,小林美駒,134.4,大,0,,45.1,485.3,0,0,2024,1,6,5,1,winter,0,,,0.0,,0,,,,,0,0,0.0,,55.8235294117647,,2.823529411764703,,1,0,0.0,0,0,0.0,0.0,,short,-1.60414670399218,1.593191198426351,0.0,2.522345442629862,0.0,0.0,0.0,0.0,0.0,0.0,0.0,-0.28347335475692037,0.0,-0.28347335475692037,-0.28347335475692037,0.20180950598699912,2.207505343460411,0.0,-0.28347335475692037,-0.28347335475692037,-0.41803980857497053,-0.5359422007578724,-0.41803980857497053,-0.5359422007578724
202406010103,2024-01-06,中山,3,一般,"{'win': {'combinations': ['15'], 'payouts': [1, 120]}, 'place': {'combinations': ['15', '12', '5'], 'payouts': [360, 250, 2, 480]}, 'bracket_quinella': {'combinations': ['6 - 8'], 'payouts': [1, 860]}, 'quinella': {'combinations': ['12 - 15'], 'payouts': [3, 660]}, 'wide': {'combinations': ['12 - 15', '5 - 15', '5 - 12'], 'payouts': [1, 190, 12, 110, 7, 380]}, 'exacta': {'combinations': ['15 → 12'], 'payouts': [7, 320]}, 'trio': {'combinations': ['5 - 12 - 15'], 'payouts': [103, 610]}, 'trifecta': {'combinations': ['15 → 12 → 5'], 'payouts': [523, 620]}}",11.0,4,7,ソウテンノヒカリ,2021106365,牡3,55.0,藤田菜七,75.1,2.1/2,0,,37.7,3.0,0,0,2024,1,6,5,1,winter,0,,,0.0,,0,,,,,0,0,0.0,,55.3125,,0.3125,,1,0,0.0,0,0,0.0,0.0,,short,-0.3790468937638338,-1.367545074779582,0.0,-0.4102106949157811,0.0,0.0,0.0,0.0,0.0,0.0,0.0,-0.28347335475692037,0.0,-0.28347335475692037,-0.28347335475692037,-0.3019355342616514,0.2443202528569469,0.0,-0.28347335475692037,-0.28347335475692037,-0.41803980857497053,-0.5359422007578724,-0.41803980857497053,-0.5359422007578724
202406010110,2024-01-06,中山,10,一般,"{'win': {'combinations': ['1'], 'payouts': [380]}, 'place': {'combinations': ['1', '4', '3'], 'payouts': [150, 250, 130]}, 'bracket_quinella': {'combinations': ['1 - 4'], 'payouts': [2, 580]}, 'quinella': {'combinations': ['1 - 4'], 'payouts': [2, 520]}, 'wide': {'combinations': ['1 - 4', '1 - 3', '3 - 4'], 'payouts': [880, 280, 670]}, 'exacta': {'combinations': ['1 → 4'], 'payouts': [4, 20]}, 'trio': {'combinations': ['1 - 3 - 4'], 'payouts': [2, 340]}, 'trifecta': {'combinations': ['1 → 4 → 3'], 'payouts': [13, 920]}}",2.0,4,4,チャンネルトンネル,2021106369,牡3,57.0,松岡正海,92.9,2,0,,34.7,10.4,0,0,2024,1,6,5,1,winter,0,,,0.0,,0,,,,,0,0,0.0,,57.0,,0.0,,1,0,0.0,1,1,1.0,1.0,,short,0.8460529164645124,-0.4788249118273792,0.0,-1.5990848047315827,0.0,0.0,0.0,0.0,0.0,0.0,0.0,-0.28347335475692037,0.0,-0.28347335475692037,-0.28347335475692037,1.3615103180702328,8.034379279775345e-17,0.0,-0.28347335475692037,-0.28347335475692037,2.39211668240122,1.8658728470829629,2.39211668240122,1.8658728470829629
202406010107,2024-01-06,中山,7,一般,"{'win': {'combinations': ['5'], 'payouts': [480]}, 'place': {'combinations': ['5', '3', '8'], 'payouts': [170, 120, 470]}, 'bracket_quinella': {'combinations': ['3 - 4'], 'payouts': [500]}, 'quinella': {'combinations': ['3 - 5'], 'payouts': [590]}, 'wide': {'combinations': ['3 - 5', '5 - 8', '3 - 8'], 'payouts': [260, 1, 450, 870]}, 'exacta': {'combinations': ['5 → 3'], 'payouts': [1, 440]}, 'trio': {'combinations': ['3 - 5 - 8'], 'payouts': [3, 400]}, 'trifecta': {'combinations': ['5 → 3 → 8'], 'payouts': [16, 960]}}",12.0,2,2,イツツボシ,2021106372,牝3,53.0,藤田菜七,69.0,2,0,,35.1,157.6,0,0,2024,1,6,5,1,winter,0,,,0.0,,0,,,,,0,0,0.0,,55.53846153846154,,2.53846153846154,,1,0,0.0,0,0,0.0,0.0,,short,-1.60414670399218,-1.672106478937359,0.0,-1.440568256756143,0.0,0.0,0.0,0.0,0.0,0.0,0.0,-0.28347335475692037,0.0,-0.28347335475692037,-0.28347335475692037,-0.07919492155624078,1.9846322078225846,0.0,-0.28347335475692037,-0.28347335475692037,-0.41803980857497053,-0.5359422007578724,-0.41803980857497053,-0.5359422007578724
202408010106,2024-01-06,京都,6,一般,"{'win': {'combinations': ['2'], 'payouts': [130]}, 'place': {'combinations': ['2', '3', '7'], 'payouts': [100, 130, 120]}, 'bracket_quinella': {'combinations': ['2 - 3'], 'payouts': [410]}, 'quinella': {'combinations': ['2 - 3'], 'payouts': [370]}, 'wide': {'combinations': ['2 - 3', '2 - 7', '3 - 7'], 'payouts': [160, 150, 240]}, 'exacta': {'combinations': ['2 → 3'], 'payouts': [430]}, 'trio': {'combinations': ['2 - 3 - 7'], 'payouts': [300]}, 'trifecta': {'combinations': ['2 → 3 → 7'], 'payouts': [1, 90]}}",8.0,7,8,ハッピーサプライズ,2021106395,牡3,57.0,松若風馬,70.6,1/2,0,,35.5,93.3,1,0,2024,1,6,5,1,winter,0,,,0.0,,0,,,,,0,0,0.0,,55.6,,-1.3999999999999986,,1,0,0.0,0,0,0.0,0.0,,short,0.8460529164645124,-1.5922215204697456,0.0,-1.2820517087807033,0.0,0.0,0.0,0.0,0.0,0.0,0.0,-0.28347335475692037,0.0,-0.28347335475692037,-0.28347335475692037,-0.018533648308810456,-1.0945547327991205,0.0,-0.28347335475692037,-0.28347335475692037,-0.41803980857497053,-0.5359422007578724,-0.41803980857497053,-0.5359422007578724
202406010107,2024-01-06,中山,7,一般,"{'win': {'combinations': ['5'], 'payouts': [480]}, 'place': {'combinations': ['5', '3', '8'], 'payouts': [170, 120, 470]}, 'bracket_quinella': {'combinations': ['3 - 4'], 'payouts': [500]}, 'quinella': {'combinations': ['3 - 5'], 'payouts': [590]}, 'wide': {'combinations': ['3 - 5', '5 - 8', '3 - 8'], 'payouts': [260, 1, 450, 870]}, 'exacta': {'combinations': ['5 → 3'], 'payouts': [1, 440]}, 'trio': {'combinations': ['3 - 5 - 8'], 'payouts': [3, 400]}, 'trifecta': {'combinations': ['5 → 3 → 8'], 'payouts': [16, 960]}}",2.0,3,3,アララララ,2021106440,牡3,57.0,丹内祐次,67.7,1/2,0,,34.8,2.7,0,0,2024,1,6,5,1,winter,0,,,0.0,,0,,,,,0,0,0.0,,55.53846153846154,,-1.46153846153846,,1,0,0.0,1,1,1.0,1.0,,short,0.8460529164645124,-1.737013007692295,0.0,-1.559455667737725,0.0,0.0,0.0,0.0,0.0,0.0,0.0,-0.28347335475692037,0.0,-0.28347335475692037,-0.28347335475692037,-0.07919492155624078,-1.1426670287463345,0.0,-0.28347335475692037,-0.28347335475692037,2.39211668240122,1.8658728470829629,2.39211668240122,1.8658728470829629
202406010104,2024-01-06,中山,4,一般,"{'win': {'combinations': ['4'], 'payouts': [5, 860]}, 'place': {'combinations': ['4', '5', '2'], 'payouts': [1, 270, 2, 630, 400]}, 'bracket_quinella': {'combinations': ['2 - 3'], 'payouts': [4, 720]}, 'quinella': {'combinations': ['4 - 5'], 'payouts': [153, 810]}, 'wide': {'combinations': ['4 - 5', '2 - 4', '2 - 5'], 'payouts': [32, 360, 5, 480, 8, 690]}, 'exacta': {'combinations': ['4 → 5'], 'payouts': [264, 220]}, 'trio': {'combinations': ['2 - 4 - 5'], 'payouts': [385, 890]}, 'trifecta': {'combinations': ['4 → 5 → 2'], 'payouts': [2, 412, 370]}}",10.0,4,8,ビッグロゴスルーフ,2021106522,牡3,57.0,柴田大知,119.5,ハナ,0,,39.7,96.2,0,0,2024,1,6,5,1,winter,0,,,0.0,,0,,,,,0,0,0.0,,56.125,,-0.875,,1,0,0.0,0,0,0.0,0.0,,short,0.8460529164645124,0.8492625226966981,0.0,0.3823720449614199,0.0,0.0,0.0,0.0,0.0,0.0,0.0,-0.28347335475692037,0.0,-0.28347335475692037,-0.28347335475692037,0.4989828390833299,-0.684096707999451,0.0,-0.28347335475692037,-0.28347335475692037,-0.41803980857497053,-0.5359422007578724,-0.41803980857497053,-0.5359422007578724
202406010101,2024-01-06,中山,1,一般,"{'win': {'combinations': ['14'], 'payouts': [420]}, 'place': {'combinations': ['14', '7', '16'], 'payouts': [230, 270, 340]}, 'bracket_quinella': {'combinations': ['4 - 7'], 'payouts': [1, 950]}, 'quinella': {'combinations': ['7 - 14'], 'payouts': [2, 30]}, 'wide': {'combinations': ['7 - 14', '14 - 16', '7 - 16'], 'payouts': [750, 1, 110, 1, 910]}, 'exacta': {'combinations': ['14 → 7'], 'payouts': [3, 50]}, 'trio': {'combinations': ['7 - 14 - 16'], 'payouts': [8, 700]}, 'trifecta': {'combinations': ['14 → 7 → 16'], 'payouts': [32, 80]}}",11.0,5,10,ダイシンペルル,2021106538,牝3,55.0,大野拓弥,74.8,1.1/4,0,,37.9,269.0,0,0,2024,1,6,5,1,winter,0,,,0.0,,0,,,,,0,0,0.0,,55.8125,,0.8125,,1,0,0.0,0,0,0.0,0.0,,short,-0.3790468937638338,-1.3825235044922595,0.0,-0.3309524209280627,0.0,0.0,0.0,0.0,0.0,0.0,0.0,-0.28347335475692037,0.0,-0.28347335475692037,-0.28347335475692037,0.1909373108737217,0.6352326574280618,0.0,-0.28347335475692037,-0.28347335475692037,-0.41803980857497053,-0.5359422007578724,-0.41803980857497053,-0.5359422007578724
202406010102,2024-01-06,中山,2,一般,"{'win': {'combinations': ['12'], 'payouts': [730]}, 'place': {'combinations': ['12', '7', '11'], 'payouts': [270, 890, 350]}, 'bracket_quinella': {'combinations': ['4 - 6'], 'payouts': [5, 130]}, 'quinella': {'combinations': ['7 - 12'], 'payouts': [11, 190]}, 'wide': {'combinations': ['7 - 12', '11 - 12', '7 - 11'], 'payouts': [1, 890, 1, 130, 4, 380]}, 'exacta': {'combinations': ['12 → 7'], 'payouts': [15, 690]}, 'trio': {'combinations': ['7 - 11 - 12'], 'payouts': [24, 780]}, 'trifecta': {'combinations': ['12 → 7 → 11'], 'payouts': [130, 760]}}",12.0,2,4,クインズスピカ,2021106559,牝3,55.0,江田照男,120.2,3,0,,43.5,18.1,0,0,2024,1,6,5,1,winter,0,,,0.0,,0,,,,,0,0,0.0,,54.0625,,-0.9375,,1,0,0.0,0,0,0.0,0.0,,short,-0.3790468937638338,0.8842121920262793,0.0,1.8882792507281008,0.0,0.0,0.0,0.0,0.0,0.0,0.0,-0.28347335475692037,0.0,-0.28347335475692037,-0.28347335475692037,-1.5341176471000841,-0.7329607585708403,0.0,-0.28347335475692037,-0.28347335475692037,-0.41803980857497053,-0.5359422007578724,-0.41803980857497053,-0.5359422007578724
202408010104,2024-01-06,京都,4,一般,"{'win': {'combinations': ['6'], 'payouts': [360]}, 'place': {'combinations': ['6', '12', '4'], 'payouts': [160, 260, 140]}, 'bracket_quinella': {'combinations': ['3 - 6'], 'payouts': [1, 810]}, 'quinella': {'combinations': ['6 - 12'], 'payouts': [2, 150]}, 'wide': {'combinations': ['6 - 12', '4 - 6', '4 - 12'], 'payouts': [740, 320, 800]}, 'exacta': {'combinations': ['6 → 12'], 'payouts': [3, 340]}, 'trio': {'combinations': ['4 - 6 - 12'], 'payouts': [2, 310]}, 'trifecta': {'combinations': ['6 → 12 → 4'], 'payouts': [13, 440]}}",12.0,4,7,ヤマニンステラータ,2021106603,牡3,57.0,古川吉洋,119.2,クビ,0,,38.2,125.8,1,0,2024,1,6,5,1,winter,0,,,0.0,,0,,,,,0,0,0.0,,56.3125,,-0.6875,,1,0,0.0,0,0,0.0,0.0,,short,0.8460529164645124,0.8342840929840207,0.0,-0.21206500994648086,0.0,0.0,0.0,0.0,0.0,0.0,0.0,-0.28347335475692037,0.0,-0.28347335475692037,-0.28347335475692037,0.6838101560090948,-0.5375045562852829,0.0,-0.28347335475692037,-0.28347335475692037,-0.41803980857497053,-0.5359422007578724,-0.41803980857497053,-0.5359422007578724
202408010105,2024-01-06,京都,5,一般,"{'win': {'combinations': ['2'], 'payouts': [640]}, 'place': {'combinations': ['2', '3', '1'], 'payouts': [220, 240, 350]}, 'bracket_quinella': {'combinations': ['1 - 2'], 'payouts': [1, 160]}, 'quinella': {'combinations': ['2 - 3'], 'payouts': [1, 960]}, 'wide': {'combinations': ['2 - 3', '1 - 2', '1 - 3'], 'payouts': [790, 990, 1, 50]}, 'exacta': {'combinations': ['2 → 3'], 'payouts': [3, 880]}, 'trio': {'combinations': ['1 - 2 - 3'], 'payouts': [6, 790]}, 'trifecta': {'combinations': ['2 → 3 → 1'], 'payouts': [31, 860]}}",15.0,7,14,ハッピーギフト,2021106701,牝3,55.0,荻野琢真,111.0,2.1/2,0,,36.6,601.4,1,0,2024,1,6,5,1,winter,0,,,0.0,,0,,,,,0,0,0.0,,55.888888888888886,,0.8888888888888857,,1,0,0.0,0,0,0.0,0.0,,short,-0.3790468937638338,0.4248736808375004,0.0,-0.8461312018482422,0.0,0.0,0.0,0.0,0.0,0.0,0.0,-0.28347335475692037,0.0,-0.28347335475692037,-0.28347335475692037,0.2662373288805117,0.6949553859042019,0.0,-0.28347335475692037,-0.28347335475692037,-0.41803980857497053,-0.5359422007578724,-0.41803980857497053,-0.5359422007578724
202408010101,2024-01-06,京都,1,一般,"{'win': {'combinations': ['15'], 'payouts': [260]}, 'place': {'combinations': ['15', '3', '6'], 'payouts': [180, 340, 650]}, 'bracket_quinella': {'combinations': ['2 - 8'], 'payouts': [1, 730]}, 'quinella': {'combinations': ['3 - 15'], 'payouts': [2, 830]}, 'wide': {'combinations': ['3 - 15', '6 - 15', '3 - 6'], 'payouts': [1, 50, 1, 110, 3, 350]}, 'exacta': {'combinations': ['15 → 3'], 'payouts': [3, 990]}, 'trio': {'combinations': ['3 - 6 - 15'], 'payouts': [17, 740]}, 'trifecta': {'combinations': ['15 → 3 → 6'], 'payouts': [51, 620]}}",13.0,4,8,ソニック,2021106754,牡3,57.0,斎藤新,116.8,ハナ,0,,39.6,69.6,1,0,2024,1,6,5,1,winter,0,,,0.0,,0,,,,,0,0,0.0,,56.3125,,-0.6875,,1,0,0.0,0,0,0.0,0.0,,short,0.8460529164645124,0.7144566552825999,0.0,0.3427429079675593,0.0,0.0,0.0,0.0,0.0,0.0,0.0,-0.28347335475692037,0.0,-0.28347335475692037,-0.28347335475692037,0.6838101560090948,-0.5375045562852829,0.0,-0.28347335475692037,-0.28347335475692037,-0.41803980857497053,-0.5359422007578724,-0.41803980857497053,-0.5359422007578724
202408010102,2024-01-06,京都,2,一般,"{'win': {'combinations': ['1'], 'payouts': [900]}, 'place': {'combinations': ['1', '3', '15'], 'payouts': [320, 200, 380]}, 'bracket_quinella': {'combinations': ['1 - 2'], 'payouts': [1, 180]}, 'quinella': {'combinations': ['1 - 3'], 'payouts': [2, 860]}, 'wide': {'combinations': ['1 - 3', '1 - 15', '3 - 15'], 'payouts': [1, 130, 2, 800, 1, 30]}, 'exacta': {'combinations': ['1 → 3'], 'payouts': [6, 480]}, 'trio': {'combinations': ['1 - 3 - 15'], 'payouts': [15, 360]}, 'trifecta': {'combinations': ['1 → 3 → 15'], 'payouts': [60, 960]}}",7.0,7,13,テーオーカルドア,2021106761,牡3,57.0,菱田裕二,124.5,3,0,,40.1,24.2,1,0,2024,1,6,5,1,winter,0,,,0.0,,0,,,,,0,0,0.0,,56.625,,-0.375,,1,0,0.0,0,0,0.0,0.0,,short,0.8460529164645124,1.0989030179079908,0.0,0.5408885929368595,0.0,0.0,0.0,0.0,0.0,0.0,0.0,-0.28347335475692037,0.0,-0.28347335475692037,-0.28347335475692037,0.9918556842187031,-0.29318430342833607,0.0,-0.28347335475692037,-0.28347335475692037,-0.41803980857497053,-0.5359422007578724,-0.41803980857497053,-0.5359422007578724
202406010105,2024-01-06,中山,5,一般,"{'win': {'combinations': ['15'], 'payouts': [280]}, 'place': {'combinations': ['15', '2', '7'], 'payouts': [130, 160, 140]}, 'bracket_quinella': {'combinations': ['1 - 8'], 'payouts': [890]}, 'quinella': {'combinations': ['2 - 15'], 'payouts': [1, 230]}, 'wide': {'combinations': ['2 - 15', '7 - 15', '2 - 7'], 'payouts': [440, 330, 340]}, 'exacta': {'combinations': ['15 → 2'], 'payouts': [1, 750]}, 'trio': {'combinations': ['2 - 7 - 15'], 'payouts': [1, 240]}, 'trifecta': {'combinations': ['15 → 2 → 7'], 'payouts': [6, 220]}}",12.0,2,3,マイネルガンナー,2021106775,牡3,57.0,柴田大知,121.3,クビ,0,,35.7,162.1,0,0,2024,1,6,5,1,winter,0,,,0.0,,0,,,,,0,0,0.0,,55.8235294117647,,-1.176470588235297,,1,0,0.0,0,0,0.0,0.0,,short,0.8460529164645124,0.9391331009727634,0.0,-1.202793434792982,0.0,0.0,0.0,0.0,0.0,0.0,0.0,-0.28347335475692037,0.0,-0.28347335475692037,-0.28347335475692037,0.20180950598699912,-0.9197938931085079,0.0,-0.28347335475692037,-0.28347335475692037,-0.41803980857497053,-0.5359422007578724,-0.41803980857497053,-0.5359422007578724
202406010101,2024-01-06,中山,1,一般,"{'win': {'combinations': ['14'], 'payouts': [420]}, 'place': {'combinations': ['14', '7', '16'], 'payouts': [230, 270, 340]}, 'bracket_quinella': {'combinations': ['4 - 7'], 'payouts': [1, 950]}, 'quinella': {'combinations': ['7 - 14'], 'payouts': [2, 30]}, 'wide': {'combinations': ['7 - 14', '14 - 16', '7 - 16'], 'payouts': [750, 1, 110, 1, 910]}, 'exacta': {'combinations': ['14 → 7'], 'payouts': [3, 50]}, 'trio': {'combinations': ['7 - 14 - 16'], 'payouts': [8, 700]}, 'trifecta': {'combinations': ['14 → 7 → 16'], 'payouts': [32, 80]}}",2.0,4,7,マイネルディレクト,2021106805,牡3,57.0,丹内祐次,72.8,1,0,,38.1,8.4,0,0,2024,1,6,5,1,winter,0,,,0.0,,0,,,,,0,0,0.0,,55.8125,,-1.1875,,1,0,0.0,1,1,1.0,1.0,,short,0.8460529164645124,-1.4823797025767766,0.0,-0.2516941469403415,0.0,0.0,0.0,0.0,0.0,0.0,0.0,-0.28347335475692037,0.0,-0.28347335475692037,-0.28347335475692037,0.1909373108737217,-0.9284169608563979,0.0,-0.28347335475692037,-0.28347335475692037,2.39211668240122,1.8658728470829629,2.39211668240122,1.8658728470829629
202406010105,2024-01-06,中山,5,一般,"{'win': {'combinations': ['15'], 'payouts': [280]}, 'place': {'combinations': ['15', '2', '7'], 'payouts': [130, 160, 140]}, 'bracket_quinella': {'combinations': ['1 - 8'], 'payouts': [890]}, 'quinella': {'combinations': ['2 - 15'], 'payouts': [1, 230]}, 'wide': {'combinations': ['2 - 15', '7 - 15', '2 - 7'], 'payouts': [440, 330, 340]}, 'exacta': {'combinations': ['15 → 2'], 'payouts': [1, 750]}, 'trio': {'combinations': ['2 - 7 - 15'], 'payouts': [1, 240]}, 'trifecta': {'combinations': ['15 → 2 → 7'], 'payouts': [6, 220]}}",2.0,1,2,マイネルモメンタム,2021106811,牡3,57.0,石川裕紀,119.8,アタマ,0,,34.9,7.3,0,0,2024,1,6,5,1,winter,0,,,0.0,,0,,,,,0,0,0.0,,55.8235294117647,,-1.176470588235297,,1,0,0.0,1,1,1.0,1.0,,short,0.8460529164645124,0.8642409524093756,0.0,-1.5198265307438643,0.0,0.0,0.0,0.0,0.0,0.0,0.0,-0.28347335475692037,0.0,-0.28347335475692037,-0.28347335475692037,0.20180950598699912,-0.9197938931085079,0.0,-0.28347335475692037,-0.28347335475692037,2.39211668240122,1.8658728470829629,2.39211668240122,1.8658728470829629
202406010105,2024-01-06,中山,5,一般,"{'win': {'combinations': ['15'], 'payouts': [280]}, 'place': {'combinations': ['15', '2', '7'], 'payouts': [130, 160, 140]}, 'bracket_quinella': {'combinations': ['1 - 8'], 'payouts': [890]}, 'quinella': {'combinations': ['2 - 15'], 'payouts': [1, 230]}, 'wide': {'combinations': ['2 - 15', '7 - 15', '2 - 7'], 'payouts': [440, 330, 340]}, 'exacta': {'combinations': ['15 → 2'], 'payouts': [1, 750]}, 'trio': {'combinations': ['2 - 7 - 15'], 'payouts': [1, 240]}, 'trifecta': {'combinations': ['15 → 2 → 7'], 'payouts': [6, 220]}}",8.0,3,5,レディマキシマ,2021106812,牝3,55.0,丹内祐次,120.7,1/2,0,,36.1,20.6,0,0,2024,1,6,5,1,winter,0,,,0.0,,0,,,,,0,0,0.0,,55.8235294117647,,0.823529411764703,,1,0,0.0,0,0,0.0,0.0,,short,-0.3790468937638338,0.9091762415474085,0.0,-1.0442768868175425,0.0,0.0,0.0,0.0,0.0,0.0,0.0,-0.28347335475692037,0.0,-0.28347335475692037,-0.28347335475692037,0.20180950598699912,0.6438557251759517,0.0,-0.28347335475692037,-0.28347335475692037,-0.41803980857497053,-0.5359422007578724,-0.41803980857497053,-0.5359422007578724
202455010611,2024-01-06,佐賀,11,一般,"{'win': {'combinations': ['9'], 'payouts': [190]}, 'place': {'combinations': ['9', '6', '5'], 'payouts': [100, 100, 130]}, 'bracket_quinella': {'combinations': ['6 - 8'], 'payouts': [170]}, 'quinella': {'combinations': ['6 - 9'], 'payouts': [250]}, 'wide': {'combinations': ['6 - 9', '5 - 9', '5 - 6'], 'payouts': [140, 290, 310]}, 'exacta': {'combinations': ['9 → 6'], 'payouts': [440]}, 'trio': {'combinations': ['5 - 6 - 9'], 'payouts': [600]}, 'trifecta': {'combinations': ['9 → 6 → 5'], 'payouts': [1, 850]}}",10.0,1,1,ビッグプレー,2021106861,牡3,56.0,倉富隆一,98.2,大,0,,44.9,188.9,2,0,2024,1,6,5,1,winter,0,,,0.0,,0,,,,,0,0,0.0,,54.7,,-1.2999999999999972,,1,0,0.0,0,0,0.0,0.0,,short,0.23350301135033932,-0.21420598690340897,0.0,2.443087168642141,0.0,0.0,0.0,0.0,0.0,0.0,0.0,-0.28347335475692037,0.0,-0.28347335475692037,-0.28347335475692037,-0.9057047695524807,-1.0163722518848965,0.0,-0.28347335475692037,-0.28347335475692037,-0.41803980857497053,-0.5359422007578724,-0.41803980857497053,-0.5359422007578724
202406010102,2024-01-06,中山,2,一般,"{'win': {'combinations': ['12'], 'payouts': [730]}, 'place': {'combinations': ['12', '7', '11'], 'payouts': [270, 890, 350]}, 'bracket_quinella': {'combinations': ['4 - 6'], 'payouts': [5, 130]}, 'quinella': {'combinations': ['7 - 12'], 'payouts': [11, 190]}, 'wide': {'combinations': ['7 - 12', '11 - 12', '7 - 11'], 'payouts': [1, 890, 1, 130, 4, 380]}, 'exacta': {'combinations': ['12 → 7'], 'payouts': [15, 690]}, 'trio': {'combinations': ['7 - 11 - 12'], 'payouts': [24, 780]}, 'trifecta': {'combinations': ['12 → 7 → 11'], 'payouts': [130, 760]}}",2.0,4,7,ゴールドアローン,2021106874,牝3,55.0,野中悠太,116.4,2,0,,39.8,43.3,0,0,2024,1,6,5,1,winter,0,,,0.0,,0,,,,,0,0,0.0,,54.0625,,-0.9375,,1,0,0.0,1,1,1.0,1.0,,short,-0.3790468937638338,0.6944854156656969,0.0,0.4220011819552777,0.0,0.0,0.0,0.0,0.0,0.0,0.0,-0.28347335475692037,0.0,-0.28347335475692037,-0.28347335475692037,-1.5341176471000841,-0.7329607585708403,0.0,-0.28347335475692037,-0.28347335475692037,2.39211668240122,1.8658728470829629,2.39211668240122,1.8658728470829629
202406010107,2024-01-06,中山,7,一般,"{'win': {'combinations': ['5'], 'payouts': [480]}, 'place': {'combinations': ['5', '3', '8'], 'payouts': [170, 120, 470]}, 'bracket_quinella': {'combinations': ['3 - 4'], 'payouts': [500]}, 'quinella': {'combinations': ['3 - 5'], 'payouts': [590]}, 'wide': {'combinations': ['3 - 5', '5 - 8', '3 - 8'], 'payouts': [260, 1, 450, 870]}, 'exacta': {'combinations': ['5 → 3'], 'payouts': [1, 440]}, 'trio': {'combinations': ['3 - 5 - 8'], 'payouts': [3, 400]}, 'trifecta': {'combinations': ['5 → 3 → 8'], 'payouts': [16, 960]}}",5.0,7,11,タイセイフェスタ,2021106939,牡3,57.0,横山和生,68.1,クビ,0,,33.9,16.4,0,0,2024,1,6,5,1,winter,0,,,0.0,,0,,,,,0,0,0.0,,55.53846153846154,,-1.46153846153846,,1,0,0.0,0,0,0.0,0.0,,short,0.8460529164645124,-1.717041768075392,0.0,-1.9161179006824647,0.0,0.0,0.0,0.0,0.0,0.0,0.0,-0.28347335475692037,0.0,-0.28347335475692037,-0.28347335475692037,-0.07919492155624078,-1.1426670287463345,0.0,-0.28347335475692037,-0.28347335475692037,-0.41803980857497053,-0.5359422007578724,-0.41803980857497053,-0.5359422007578724
202406010105,2024-01-06,中山,5,一般,"{'win': {'combinations': ['15'], 'payouts': [280]}, 'place': {'combinations': ['15', '2', '7'], 'payouts': [130, 160, 140]}, 'bracket_quinella': {'combinations': ['1 - 8'], 'payouts': [890]}, 'quinella': {'combinations': ['2 - 15'], 'payouts': [1, 230]}, 'wide': {'combinations': ['2 - 15', '7 - 15', '2 - 7'], 'payouts': [440, 330, 340]}, 'exacta': {'combinations': ['15 → 2'], 'payouts': [1, 750]}, 'trio': {'combinations': ['2 - 7 - 15'], 'payouts': [1, 240]}, 'trifecta': {'combinations': ['15 → 2 → 7'], 'payouts': [6, 220]}}",11.0,2,4,ネクタール,2021106961,牝3,52.0,佐藤翔馬,121.3,クビ,0,,34.7,501.7,0,0,2024,1,6,5,1,winter,0,,,0.0,,0,,,,,0,0,0.0,,55.8235294117647,,3.823529411764703,,1,0,0.0,0,0,0.0,0.0,,short,-2.216696609106353,0.9391331009727634,0.0,-1.5990848047315827,0.0,0.0,0.0,0.0,0.0,0.0,0.0,-0.28347335475692037,0.0,-0.28347335475692037,-0.28347335475692037,0.20180950598699912,2.989330152602641,0.0,-0.28347335475692037,-0.28347335475692037,-0.41803980857497053,-0.5359422007578724,-0.41803980857497053,-0.5359422007578724
202406010103,2024-01-06,中山,3,一般,"{'win': {'combinations': ['15'], 'payouts': [1, 120]}, 'place': {'combinations': ['15', '12', '5'], 'payouts': [360, 250, 2, 480]}, 'bracket_quinella': {'combinations': ['6 - 8'], 'payouts': [1, 860]}, 'quinella': {'combinations': ['12 - 15'], 'payouts': [3, 660]}, 'wide': {'combinations': ['12 - 15', '5 - 15', '5 - 12'], 'payouts': [1, 190, 12, 110, 7, 380]}, 'exacta': {'combinations': ['15 → 12'], 'payouts': [7, 320]}, 'trio': {'combinations': ['5 - 12 - 15'], 'payouts': [103, 610]}, 'trifecta': {'combinations': ['15 → 12 → 5'], 'payouts': [523, 620]}}",7.0,6,11,ニシノデスティーノ,2021106995,セ3,55.0,小林脩斗,74.6,1/2,0,,39.1,38.8,0,0,2024,1,6,5,1,winter,0,,,0.0,,0,,,,,0,0,0.0,,55.3125,,0.3125,,1,0,0.0,0,0,0.0,0.0,,short,-0.3790468937638338,-1.3925091243007113,0.0,0.14459722299825906,0.0,0.0,0.0,0.0,0.0,0.0,0.0,-0.28347335475692037,0.0,-0.28347335475692037,-0.28347335475692037,-0.3019355342616514,0.2443202528569469,0.0,-0.28347335475692037,-0.28347335475692037,-0.41803980857497053,-0.5359422007578724,-0.41803980857497053,-0.5359422007578724
202408010106,2024-01-06,京都,6,一般,"{'win': {'combinations': ['2'], 'payouts': [130]}, 'place': {'combinations': ['2', '3', '7'], 'payouts': [100, 130, 120]}, 'bracket_quinella': {'combinations': ['2 - 3'], 'payouts': [410]}, 'quinella': {'combinations': ['2 - 3'], 'payouts': [370]}, 'wide': {'combinations': ['2 - 3', '2 - 7', '3 - 7'], 'payouts': [160, 150, 240]}, 'exacta': {'combinations': ['2 → 3'], 'payouts': [430]}, 'trio': {'combinations': ['2 - 3 - 7'], 'payouts': [300]}, 'trifecta': {'combinations': ['2 → 3 → 7'], 'payouts': [1, 90]}}",1.0,2,2,ピューロマジック,2021107058,牝3,55.0,坂井瑠星,68.8,nan,0,,34.1,1.3,1,0,2024,1,6,5,1,winter,0,,,0.0,,1,,,,,0,1,1.0,,55.6,,0.6000000000000014,,1,1,1.0,1,1,1.0,1.0,,short,-0.3790468937638338,-1.6820920987458108,0.0,-1.8368596266947435,0.0,0.0,0.0,0.0,0.0,0.0,0.0,3.527668414752787,0.0,3.527668414752787,3.527668414752787,-0.018533648308810456,0.46909488548533906,0.0,3.527668414752787,3.527668414752787,2.39211668240122,1.8658728470829629,2.39211668240122,1.8658728470829629
202406010103,2024-01-06,中山,3,一般,"{'win': {'combinations': ['15'], 'payouts': [1, 120]}, 'place': {'combinations': ['15', '12', '5'], 'payouts': [360, 250, 2, 480]}, 'bracket_quinella': {'combinations': ['6 - 8'], 'payouts': [1, 860]}, 'quinella': {'combinations': ['12 - 15'], 'payouts': [3, 660]}, 'wide': {'combinations': ['12 - 15', '5 - 15', '5 - 12'], 'payouts': [1, 190, 12, 110, 7, 380]}, 'exacta': {'combinations': ['15 → 12'], 'payouts': [7, 320]}, 'trio': {'combinations': ['5 - 12 - 15'], 'payouts': [103, 610]}, 'trifecta': {'combinations': ['15 → 12 → 5'], 'payouts': [523, 620]}}",8.0,2,3,ケイティブルーム,2021107164,牝3,52.0,小林勝太,74.7,3/4,0,,39.0,88.8,0,0,2024,1,6,5,1,winter,0,,,0.0,,0,,,,,0,0,0.0,,55.3125,,3.3125,,1,0,0.0,0,0,0.0,0.0,,short,-2.216696609106353,-1.387516314396485,0.0,0.10496808600439843,0.0,0.0,0.0,0.0,0.0,0.0,0.0,-0.28347335475692037,0.0,-0.28347335475692037,-0.28347335475692037,-0.3019355342616514,2.589794680283636,0.0,-0.28347335475692037,-0.28347335475692037,-0.41803980857497053,-0.5359422007578724,-0.41803980857497053,-0.5359422007578724
202408010103,2024-01-06,京都,3,一般,"{'win': {'combinations': ['8'], 'payouts': [360]}, 'place': {'combinations': ['8', '12', '2'], 'payouts': [130, 150, 180]}, 'bracket_quinella': {'combinations': ['4 - 6'], 'payouts': [300]}, 'quinella': {'combinations': ['8 - 12'], 'payouts': [800]}, 'wide': {'combinations': ['8 - 12', '2 - 8', '2 - 12'], 'payouts': [330, 490, 660]}, 'exacta': {'combinations': ['8 → 12'], 'payouts': [1, 490]}, 'trio': {'combinations': ['2 - 8 - 12'], 'payouts': [2, 140]}, 'trifecta': {'combinations': ['8 → 12 → 2'], 'payouts': [7, 480]}}",7.0,8,16,フルリール,2021107178,牝3,55.0,藤岡康太,87.5,1.1/2,0,,38.8,9.0,1,0,2024,1,6,5,1,winter,0,,,0.0,,0,,,,,0,0,0.0,,54.1875,,-0.8125,,1,0,0.0,0,0,0.0,0.0,,short,-0.3790468937638338,-0.7484366466555756,0.0,0.0257098120166772,0.0,0.0,0.0,0.0,0.0,0.0,0.0,-0.28347335475692037,0.0,-0.28347335475692037,-0.28347335475692037,-1.410899435816241,-0.6352326574280616,0.0,-0.28347335475692037,-0.28347335475692037,-0.41803980857497053,-0.5359422007578724,-0.41803980857497053,-0.5359422007578724
202406010102,2024-01-06,中山,2,一般,"{'win': {'combinations': ['12'], 'payouts': [730]}, 'place': {'combinations': ['12', '7', '11'], 'payouts': [270, 890, 350]}, 'bracket_quinella': {'combinations': ['4 - 6'], 'payouts': [5, 130]}, 'quinella': {'combinations': ['7 - 12'], 'payouts': [11, 190]}, 'wide': {'combinations': ['7 - 12', '11 - 12', '7 - 11'], 'payouts': [1, 890, 1, 130, 4, 380]}, 'exacta': {'combinations': ['12 → 7'], 'payouts': [15, 690]}, 'trio': {'combinations': ['7 - 11 - 12'], 'payouts': [24, 780]}, 'trifecta': {'combinations': ['12 → 7 → 11'], 'payouts': [130, 760]}}",1.0,6,12,ファイントパーズ,2021107212,牝3,51.0,小林美駒,116.0,nan,0,,39.6,7.3,0,0,2024,1,6,5,1,winter,0,,,0.0,,1,,,,,0,1,1.0,,54.0625,,3.0625,,1,1,1.0,1,1,1.0,1.0,,short,-2.829246514220526,0.6745141760487932,0.0,0.3427429079675593,0.0,0.0,0.0,0.0,0.0,0.0,0.0,3.527668414752787,0.0,3.527668414752787,3.527668414752787,-1.5341176471000841,2.3943384779980788,0.0,3.527668414752787,3.527668414752787,2.39211668240122,1.8658728470829629,2.39211668240122,1.8658728470829629
202408010102,2024-01-06,京都,2,一般,"{'win': {'combinations': ['1'], 'payouts': [900]}, 'place': {'combinations': ['1', '3', '15'], 'payouts': [320, 200, 380]}, 'bracket_quinella': {'combinations': ['1 - 2'], 'payouts': [1, 180]}, 'quinella': {'combinations': ['1 - 3'], 'payouts': [2, 860]}, 'wide': {'combinations': ['1 - 3', '1 - 15', '3 - 15'], 'payouts': [1, 130, 2, 800, 1, 30]}, 'exacta': {'combinations': ['1 → 3'], 'payouts': [6, 480]}, 'trio': {'combinations': ['1 - 3 - 15'], 'payouts': [15, 360]}, 'trifecta': {'combinations': ['1 → 3 → 15'], 'payouts': [60, 960]}}",4.0,8,16,アイファーキャップ,2021107295,牡3,57.0,斎藤新,123.1,3/4,0,,39.2,9.3,1,0,2024,1,6,5,1,winter,0,,,0.0,,0,,,,,0,0,0.0,,56.625,,-0.375,,1,0,0.0,0,0,0.0,0.0,,short,0.8460529164645124,1.0290036792488286,0.0,0.18422635999211967,0.0,0.0,0.0,0.0,0.0,0.0,0.0,-0.28347335475692037,0.0,-0.28347335475692037,-0.28347335475692037,0.9918556842187031,-0.29318430342833607,0.0,-0.28347335475692037,-0.28347335475692037,-0.41803980857497053,-0.5359422007578724,-0.41803980857497053,-0.5359422007578724
202455010611,2024-01-06,佐賀,11,一般,"{'win': {'combinations': ['9'], 'payouts': [190]}, 'place': {'combinations': ['9', '6', '5'], 'payouts': [100, 100, 130]}, 'bracket_quinella': {'combinations': ['6 - 8'], 'payouts': [170]}, 'quinella': {'combinations': ['6 - 9'], 'payouts': [250]}, 'wide': {'combinations': ['6 - 9', '5 - 9', '5 - 6'], 'payouts': [140, 290, 310]}, 'exacta': {'combinations': ['9 → 6'], 'payouts': [440]}, 'trio': {'combinations': ['5 - 6 - 9'], 'payouts': [600]}, 'trifecta': {'combinations': ['9 → 6 → 5'], 'payouts': [1, 850]}}",6.0,7,8,マホウノコトバ,2021107380,牝3,54.0,田中純,94.7,4,0,,44.0,69.0,2,0,2024,1,6,5,1,winter,0,,,0.0,,0,,,,,0,0,0.0,,54.7,,0.7000000000000028,,1,0,0.0,0,0,0.0,0.0,,short,-0.9915967988780069,-0.3889543335513139,0.0,2.086424935697401,0.0,0.0,0.0,0.0,0.0,0.0,0.0,-0.28347335475692037,0.0,-0.28347335475692037,-0.28347335475692037,-0.9057047695524807,0.5472773663995631,0.0,-0.28347335475692037,-0.28347335475692037,-0.41803980857497053,-0.5359422007578724,-0.41803980857497053,-0.5359422007578724
202408010105,2024-01-06,京都,5,一般,"{'win': {'combinations': ['2'], 'payouts': [640]}, 'place': {'combinations': ['2', '3', '1'], 'payouts': [220, 240, 350]}, 'bracket_quinella': {'combinations': ['1 - 2'], 'payouts': [1, 160]}, 'quinella': {'combinations': ['2 - 3'], 'payouts': [1, 960]}, 'wide': {'combinations': ['2 - 3', '1 - 2', '1 - 3'], 'payouts': [790, 990, 1, 50]}, 'exacta': {'combinations': ['2 → 3'], 'payouts': [3, 880]}, 'trio': {'combinations': ['1 - 2 - 3'], 'payouts': [6, 790]}, 'trifecta': {'combinations': ['2 → 3 → 1'], 'payouts': [31, 860]}}",16.0,8,16,クリノラリマール,2021109059,牝3,55.0,川須栄彦,111.5,2.1/2,0,,37.7,237.8,1,0,2024,1,6,5,1,winter,0,,,0.0,,0,,,,,0,0,0.0,,55.888888888888886,,0.8888888888888857,,1,0,0.0,0,0,0.0,0.0,,short,-0.3790468937638338,0.4498377303586297,0.0,-0.4102106949157811,0.0,0.0,0.0,0.0,0.0,0.0,0.0,-0.28347335475692037,0.0,-0.28347335475692037,-0.28347335475692037,0.2662373288805117,0.6949553859042019,0.0,-0.28347335475692037,-0.28347335475692037,-0.41803980857497053,-0.5359422007578724,-0.41803980857497053,-0.5359422007578724
202406010104,2024-01-06,中山,4,一般,"{'win': {'combinations': ['4'], 'payouts': [5, 860]}, 'place': {'combinations': ['4', '5', '2'], 'payouts': [1, 270, 2, 630, 400]}, 'bracket_quinella': {'combinations': ['2 - 3'], 'payouts': [4, 720]}, 'quinella': {'combinations': ['4 - 5'], 'payouts': [153, 810]}, 'wide': {'combinations': ['4 - 5', '2 - 4', '2 - 5'], 'payouts': [32, 360, 5, 480, 8, 690]}, 'exacta': {'combinations': ['4 → 5'], 'payouts': [264, 220]}, 'trio': {'combinations': ['2 - 4 - 5'], 'payouts': [385, 890]}, 'trifecta': {'combinations': ['4 → 5 → 2'], 'payouts': [2, 412, 370]}}",6.0,8,16,カミノケンシン,2021109071,牡3,55.0,小林凌大,118.9,4,0,,39.4,130.2,0,0,2024,1,6,5,1,winter,0,,,0.0,,0,,,,,0,0,0.0,,56.125,,1.125,,1,0,0.0,0,0,0.0,0.0,,short,-0.3790468937638338,0.8193056632713432,0.0,0.26348463397983807,0.0,0.0,0.0,0.0,0.0,0.0,0.0,-0.28347335475692037,0.0,-0.28347335475692037,-0.28347335475692037,0.4989828390833299,0.8795529102850085,0.0,-0.28347335475692037,-0.28347335475692037,-0.41803980857497053,-0.5359422007578724,-0.41803980857497053,-0.5359422007578724
202408010106,2024-01-06,京都,6,一般,"{'win': {'combinations': ['2'], 'payouts': [130]}, 'place': {'combinations': ['2', '3', '7'], 'payouts': [100, 130, 120]}, 'bracket_quinella': {'combinations': ['2 - 3'], 'payouts': [410]}, 'quinella': {'combinations': ['2 - 3'], 'payouts': [370]}, 'wide': {'combinations': ['2 - 3', '2 - 7', '3 - 7'], 'payouts': [160, 150, 240]}, 'exacta': {'combinations': ['2 → 3'], 'payouts': [430]}, 'trio': {'combinations': ['2 - 3 - 7'], 'payouts': [300]}, 'trifecta': {'combinations': ['2 → 3 → 7'], 'payouts': [1, 90]}}",6.0,8,10,アイタカ,2021109114,牝3,51.0,河原田菜,70.3,クビ,0,,35.0,11.2,1,0,2024,1,6,5,1,winter,0,,,0.0,,0,,,,,0,0,0.0,,55.6,,4.600000000000001,,1,0,0.0,0,0,0.0,0.0,,short,-2.829246514220526,-1.607199950182423,0.0,-1.4801973937500037,0.0,0.0,0.0,0.0,0.0,0.0,0.0,-0.28347335475692037,0.0,-0.28347335475692037,-0.28347335475692037,-0.018533648308810456,3.596394122054258,0.0,-0.28347335475692037,-0.28347335475692037,-0.41803980857497053,-0.5359422007578724,-0.41803980857497053,-0.5359422007578724
202455010605,2024-01-06,佐賀,5,一般,"{'win': {'combinations': ['10'], 'payouts': [120]}, 'place': {'combinations': ['10', '11', '3'], 'payouts': [100, 520, 130]}, 'bracket_quinella': {'combinations': ['7 - 8'], 'payouts': [350]}, 'quinella': {'combinations': ['10 - 11'], 'payouts': [2, 730]}, 'wide': {'combinations': ['10 - 11', '3 - 10', '3 - 11'], 'payouts': [900, 170, 2, 460]}, 'exacta': {'combinations': ['10 → 11'], 'payouts': [3, 470]}, 'trio': {'combinations': ['3 - 10 - 11'], 'payouts': [3, 340]}, 'trifecta': {'combinations': ['10 → 11 → 3'], 'payouts': [11, 720]}}",11.0,2,2,エイヨーカルム,2021109130,牡3,56.0,竹吉徹,122.6,ハナ,0,,41.3,248.7,2,0,2024,1,6,5,1,winter,0,,,0.0,,0,,,,,0,0,0.0,,55.166666666666664,,-0.8333333333333357,,1,0,0.0,0,0,0.0,0.0,,short,0.23350301135033932,1.0040396297276994,0.0,1.0164382368631786,0.0,0.0,0.0,0.0,0.0,0.0,0.0,-0.28347335475692037,0.0,-0.28347335475692037,-0.28347335475692037,-0.44569011409280423,-0.6515206742851932,0.0,-0.28347335475692037,-0.28347335475692037,-0.41803980857497053,-0.5359422007578724,-0.41803980857497053,-0.5359422007578724
202455010605,2024-01-06,佐賀,5,一般,"{'win': {'combinations': ['10'], 'payouts': [120]}, 'place': {'combinations': ['10', '11', '3'], 'payouts': [100, 520, 130]}, 'bracket_quinella': {'combinations': ['7 - 8'], 'payouts': [350]}, 'quinella': {'combinations': ['10 - 11'], 'payouts': [2, 730]}, 'wide': {'combinations': ['10 - 11', '3 - 10', '3 - 11'], 'payouts': [900, 170, 2, 460]}, 'exacta': {'combinations': ['10 → 11'], 'payouts': [3, 470]}, 'trio': {'combinations': ['3 - 10 - 11'], 'payouts': [3, 340]}, 'trifecta': {'combinations': ['10 → 11 → 3'], 'payouts': [11, 720]}}",4.0,5,6,カシノルーカス,2021109161,牡3,56.0,出水拓人,120.1,2.1/2,0,,39.7,21.4,2,0,2024,1,6,5,1,winter,0,,,0.0,,0,,,,,0,0,0.0,,55.166666666666664,,-0.8333333333333357,,1,0,0.0,0,0,0.0,0.0,,short,0.23350301135033932,0.879219382122053,0.0,0.3823720449614199,0.0,0.0,0.0,0.0,0.0,0.0,0.0,-0.28347335475692037,0.0,-0.28347335475692037,-0.28347335475692037,-0.44569011409280423,-0.6515206742851932,0.0,-0.28347335475692037,-0.28347335475692037,-0.41803980857497053,-0.5359422007578724,-0.41803980857497053,-0.5359422007578724
202406010107,2024-01-06,中山,7,一般,"{'win': {'combinations': ['5'], 'payouts': [480]}, 'place': {'combinations': ['5', '3', '8'], 'payouts': [170, 120, 470]}, 'bracket_quinella': {'combinations': ['3 - 4'], 'payouts': [500]}, 'quinella': {'combinations': ['3 - 5'], 'payouts': [590]}, 'wide': {'combinations': ['3 - 5', '5 - 8', '3 - 8'], 'payouts': [260, 1, 450, 870]}, 'exacta': {'combinations': ['5 → 3'], 'payouts': [1, 440]}, 'trio': {'combinations': ['3 - 5 - 8'], 'payouts': [3, 400]}, 'trifecta': {'combinations': ['5 → 3 → 8'], 'payouts': [16, 960]}}",1.0,4,5,スピリットガイド,2021110021,牡3,57.0,戸崎圭太,67.6,nan,0,,33.8,4.8,0,0,2024,1,6,5,1,winter,0,,,0.0,,1,,,,,0,1,1.0,,55.53846153846154,,-1.46153846153846,,1,1,1.0,1,1,1.0,1.0,,short,0.8460529164645124,-1.7420058175965212,0.0,-1.9557470376763253,0.0,0.0,0.0,0.0,0.0,0.0,0.0,3.527668414752787,0.0,3.527668414752787,3.527668414752787,-0.07919492155624078,-1.1426670287463345,0.0,3.527668414752787,3.527668414752787,2.39211668240122,1.8658728470829629,2.39211668240122,1.8658728470829629
202408010106,2024-01-06,京都,6,一般,"{'win': {'combinations': ['2'], 'payouts': [130]}, 'place': {'combinations': ['2', '3', '7'], 'payouts': [100, 130, 120]}, 'bracket_quinella': {'combinations': ['2 - 3'], 'payouts': [410]}, 'quinella': {'combinations': ['2 - 3'], 'payouts': [370]}, 'wide': {'combinations': ['2 - 3', '2 - 7', '3 - 7'], 'payouts': [160, 150, 240]}, 'exacta': {'combinations': ['2 → 3'], 'payouts': [430]}, 'trio': {'combinations': ['2 - 3 - 7'], 'payouts': [300]}, 'trifecta': {'combinations': ['2 → 3 → 7'], 'payouts': [1, 90]}}",3.0,7,7,パッシングシャワー,2021110033,牡3,57.0,西村淳也,69.7,3.1/2,0,,34.8,5.1,1,0,2024,1,6,5,1,winter,0,,,0.0,,0,,,,,0,0,0.0,,55.6,,-1.3999999999999986,,1,0,0.0,0,1,0.0,1.0,,short,0.8460529164645124,-1.6371568096077778,0.0,-1.559455667737725,0.0,0.0,0.0,0.0,0.0,0.0,0.0,-0.28347335475692037,0.0,-0.28347335475692037,-0.28347335475692037,-0.018533648308810456,-1.0945547327991205,0.0,-0.28347335475692037,-0.28347335475692037,-0.41803980857497053,1.8658728470829629,-0.41803980857497053,1.8658728470829629
202408010101,2024-01-06,京都,1,一般,"{'win': {'combinations': ['15'], 'payouts': [260]}, 'place': {'combinations': ['15', '3', '6'], 'payouts': [180, 340, 650]}, 'bracket_quinella': {'combinations': ['2 - 8'], 'payouts': [1, 730]}, 'quinella': {'combinations': ['3 - 15'], 'payouts': [2, 830]}, 'wide': {'combinations': ['3 - 15', '6 - 15', '3 - 6'], 'payouts': [1, 50, 1, 110, 3, 350]}, 'exacta': {'combinations': ['15 → 3'], 'payouts': [3, 990]}, 'trio': {'combinations': ['3 - 6 - 15'], 'payouts': [17, 740]}, 'trifecta': {'combinations': ['15 → 3 → 6'], 'payouts': [51, 620]}}",12.0,6,12,スターチスブーケ,2021110075,牝3,55.0,岩田望来,116.8,3/4,0,,39.9,5.0,1,0,2024,1,6,5,1,winter,0,,,0.0,,0,,,,,0,0,0.0,,56.3125,,1.3125,,1,0,0.0,0,0,0.0,0.0,,short,-0.3790468937638338,0.7144566552825999,0.0,0.4616303189491383,0.0,0.0,0.0,0.0,0.0,0.0,0.0,-0.28347335475692037,0.0,-0.28347335475692037,-0.28347335475692037,0.6838101560090948,1.0261450619991765,0.0,-0.28347335475692037,-0.28347335475692037,-0.41803980857497053,-0.5359422007578724,-0.41803980857497053,-0.5359422007578724
202406010104,2024-01-06,中山,4,一般,"{'win': {'combinations': ['4'], 'payouts': [5, 860]}, 'place': {'combinations': ['4', '5', '2'], 'payouts': [1, 270, 2, 630, 400]}, 'bracket_quinella': {'combinations': ['2 - 3'], 'payouts': [4, 720]}, 'quinella': {'combinations': ['4 - 5'], 'payouts': [153, 810]}, 'wide': {'combinations': ['4 - 5', '2 - 4', '2 - 5'], 'payouts': [32, 360, 5, 480, 8, 690]}, 'exacta': {'combinations': ['4 → 5'], 'payouts': [264, 220]}, 'trio': {'combinations': ['2 - 4 - 5'], 'payouts': [385, 890]}, 'trifecta': {'combinations': ['4 → 5 → 2'], 'payouts': [2, 412, 370]}}",7.0,5,10,キツネノヨメイリ,2021110094,牝3,55.0,菅原明良,119.0,クビ,0,,41.0,8.7,0,0,2024,1,6,5,1,winter,0,,,0.0,,0,,,,,0,0,0.0,,56.125,,1.125,,1,0,0.0,0,0,0.0,0.0,,short,-0.3790468937638338,0.8242984731755688,0.0,0.8975508258815994,0.0,0.0,0.0,0.0,0.0,0.0,0.0,-0.28347335475692037,0.0,-0.28347335475692037,-0.28347335475692037,0.4989828390833299,0.8795529102850085,0.0,-0.28347335475692037,-0.28347335475692037,-0.41803980857497053,-0.5359422007578724,-0.41803980857497053,-0.5359422007578724
202408010101,2024-01-06,京都,1,一般,"{'win': {'combinations': ['15'], 'payouts': [260]}, 'place': {'combinations': ['15', '3', '6'], 'payouts': [180, 340, 650]}, 'bracket_quinella': {'combinations': ['2 - 8'], 'payouts': [1, 730]}, 'quinella': {'combinations': ['3 - 15'], 'payouts': [2, 830]}, 'wide': {'combinations': ['3 - 15', '6 - 15', '3 - 6'], 'payouts': [1, 50, 1, 110, 3, 350]}, 'exacta': {'combinations': ['15 → 3'], 'payouts': [3, 990]}, 'trio': {'combinations': ['3 - 6 - 15'], 'payouts': [17, 740]}, 'trifecta': {'combinations': ['15 → 3 → 6'], 'payouts': [51, 620]}}",5.0,7,14,アメリカンチーフ,2021110123,牡3,57.0,松若風馬,116.2,クビ,0,,39.8,5.0,1,0,2024,1,6,5,1,winter,0,,,0.0,,0,,,,,0,0,0.0,,56.3125,,-0.6875,,1,0,0.0,0,0,0.0,0.0,,short,0.8460529164645124,0.6844997958572451,0.0,0.4220011819552777,0.0,0.0,0.0,0.0,0.0,0.0,0.0,-0.28347335475692037,0.0,-0.28347335475692037,-0.28347335475692037,0.6838101560090948,-0.5375045562852829,0.0,-0.28347335475692037,-0.28347335475692037,-0.41803980857497053,-0.5359422007578724,-0.41803980857497053,-0.5359422007578724
202408010104,2024-01-06,京都,4,一般,"{'win': {'combinations': ['6'], 'payouts': [360]}, 'place': {'combinations': ['6', '12', '4'], 'payouts': [160, 260, 140]}, 'bracket_quinella': {'combinations': ['3 - 6'], 'payouts': [1, 810]}, 'quinella': {'combinations': ['6 - 12'], 'payouts': [2, 150]}, 'wide': {'combinations': ['6 - 12', '4 - 6', '4 - 12'], 'payouts': [740, 320, 800]}, 'exacta': {'combinations': ['6 → 12'], 'payouts': [3, 340]}, 'trio': {'combinations': ['4 - 6 - 12'], 'payouts': [2, 310]}, 'trifecta': {'combinations': ['6 → 12 → 4'], 'payouts': [13, 440]}}",14.0,5,9,スターメイデン,2021110140,牝3,55.0,ルメート,119.4,ハナ,0,,39.4,33.0,1,0,2024,1,6,5,1,winter,0,,,0.0,,0,,,,,0,0,0.0,,56.3125,,1.3125,,1,0,0.0,0,0,0.0,0.0,,short,-0.3790468937638338,0.8442697127924725,0.0,0.26348463397983807,0.0,0.0,0.0,0.0,0.0,0.0,0.0,-0.28347335475692037,0.0,-0.28347335475692037,-0.28347335475692037,0.6838101560090948,1.0261450619991765,0.0,-0.28347335475692037,-0.28347335475692037,-0.41803980857497053,-0.5359422007578724,-0.41803980857497053,-0.5359422007578724
